timestamp,H01 Count,H02 Count,H03 Count,H04 Count,H05 Count,H06 Count,H07 Count,H08 Count,H09 Count,H10 Count,H11 Count,H12 Count,H13 Count,H14 Count,H15 Count,H16 Count,H17 Count,H18 Count,H19 Count,H20 Count,H21 Count,H22 Count,H23 Count,H24 Count,H25 Count,H26 Count,H27 Count,H28 Count,H29 Count,H30 Count,H31 Count,H32 Count,H33 Count,H34 Count,H35 Count,H36 Count,H01 AppTorque,H02 AppTorque,H03 AppTorque,H04 AppTorque,H05 AppTorque,H06 AppTorque,H07 AppTorque,H08 AppTorque,H09 AppTorque,H10 AppTorque,H11 AppTorque,H12 AppTorque,H13 AppTorque,H14 AppTorque,H15 AppTorque,H16 AppTorque,H17 AppTorque,H18 AppTorque,H19 AppTorque,H20 AppTorque,H21 AppTorque,H22 AppTorque,H23 AppTorque,H24 AppTorque,H25 AppTorque,H26 AppTorque,H27 AppTorque,H28 AppTorque,H29 AppTorque,H30 AppTorque,H31 AppTorque,H32 AppTorque,H33 AppTorque,H34 AppTorque,H35 AppTorque,H36 AppTorque,H01 Status,H02 Status,H03 Status,H04 Status,H05 Status,H06 Status,H07 Status,H08 Status,H09 Status,H10 Status,H11 Status,H12 Status,H13 Status,H14 Status,H15 Status,H16 Status,H17 Status,H18 Status,H19 Status,H20 Status,H21 Status,H22 Status,H23 Status,H24 Status,H25 Status,H26 Status,H27 Status,H28 Status,H29 Status,H30 Status,H31 Status,H32 Status,H33 Status,H34 Status,H35 Status,H36 Status
2026-02-04 16:00:00,183232,183232,183232,183232,183233,183232,183232,183232,183232,183232,183232,183232,183232,183232,183232,183232,183231,183231,183231,183231,183231,183231,183419,183232,183231,183231,183233,183232,183232,183232,183232,183232,183232,183232,183232,183232,0,0,0,0,0,0,0,0,0,0,0,0,0,0,0,0,0,0,0,0,0,0,0,0,0,0,0,0,0,0,0,0,0,0,0,0,2,2,2,2,2,2,2,2,2,2,2,2,2,2,2,2,2,2,2,2,2,2,2,2,2,2,2,2,2,2,2,2,2,2,2,2
2026-02-04 16:00:01,183232,183232,183232,183232,183233,183232,183232,183232,183232,183232,183232,183232,183232,183232,183232,183232,183232,183232,183232,183232,183232,183232,183420,183233,183232,183232,183234,183233,183233,183233,183233,183232,183232,183232,183232,183232,0,0,0,0,0,0,0,0,0,0,0,0,0,0,0,0,0,0,0,0,0,0,0,0,0,0,0,0,0,0,0,0,0,0,0,0,2,2,2,2,2,2,2,2,2,2,2,2,2,2,2,2,2,2,2,2,2,2,2,2,2,2,2,2,2,2,2,2,2,2,2,2
2026-02-04 16:00:02,183233,183233,183233,183233,183234,183233,183233,183233,183233,183232,183232,183232,183232,183232,183232,183232,183232,183232,183232,183232,183232,183232,183420,183233,183232,183232,183234,183233,183233,183233,183233,183233,183233,183233,183233,183233,0,0,0,0,0,0,0,0,0,0,0,0,0,0,0,0,0,0,0,0,0,0,0,0,0,0,0,0,0,0,0,0,0,0,0,0,2,2,2,2,2,2,2,2,2,2,2,2,2,2,2,2,2,2,2,2,2,2,2,2,2,2,2,2,2,2,2,2,2,2,2,2
2026-02-04 16:00:03,183233,183233,183233,183233,183234,183233,183233,183233,183233,183233,183233,183233,183233,183233,183233,183233,183233,183233,183233,183233,183233,183233,183421,183234,183232,183232,183234,183233,183233,183233,183233,183233,183233,183233,183233,183233,0,0,0,0,0,0,0,0,0,0,0,0,0,0,0,0,0,0,0,0,0,0,0,0,0,0,0,0,0,0,0,0,0,0,0,0,2,2,2,2,2,2,2,2,2,2,2,2,2,2,2,2,2,2,2,2,2,2,2,2,2,2,2,2,2,2,2,2,2,2,2,2
2026-02-04 16:00:04,183234,183234,183233,183233,183234,183233,183233,183233,183233,183233,183233,183233,183233,183233,183233,183233,183233,183233,183233,183233,183233,183233,183421,183234,183233,183233,183235,183234,183234,183234,183234,183234,183234,183234,183234,183234,0,0,0,0,0,0,0,0,0,0,0,0,0,0,0,0,0,0,0,0,0,0,0,0,0,0,0,0,0,0,0,0,0,0,0,0,2,2,2,2,2,2,2,2,2,2,2,2,2,2,2,2,2,2,2,2,2,2,2,2,2,2,2,2,2,2,2,2,2,2,2,2
2026-02-04 16:00:05,183234,183234,183234,183234,183235,183234,183234,183234,183234,183234,183234,183234,183234,183234,183234,183234,183233,183233,183233,183233,183233,183233,183421,183234,183233,183233,183235,183234,183234,183234,183234,183234,183234,183234,183234,183234,0,0,0,0,0,0,0,0,0,0,0,0,0,0,0,0,0,0,0,0,0,0,0,0,0,0,0,0,0,0,0,0,0,0,0,0,2,2,2,2,2,2,2,2,2,2,2,2,2,2,2,2,2,2,2,2,2,2,2,2,2,2,2,2,2,2,2,2,2,2,2,2
2026-02-04 16:00:06,183234,183234,183234,183234,183235,183234,183234,183234,183234,183234,183234,183234,183234,183234,183234,183234,183234,183234,183234,183234,183234,183234,183422,183235,183234,183234,183236,183235,183235,183235,183235,183234,183234,183234,183234,183234,0,0,0,0,0,0,0,0,0,0,0,0,0,0,0,0,0,0,0,0,0,0,0,0,0,0,0,0,0,0,0,0,0,0,0,0,2,2,2,2,2,2,2,2,2,2,2,2,2,2,2,2,2,2,2,2,2,2,2,2,2,2,2,2,2,2,2,2,2,2,2,2
2026-02-04 16:00:07,183235,183235,183235,183235,183236,183235,183235,183235,183235,183234,183234,183234,183234,183234,183234,183234,183234,183234,183234,183234,183234,183234,183422,183235,183234,183234,183236,183235,183235,183235,183235,183235,183235,183235,183235,183235,0,0,0,0,0,0,0,0,0,0,0,0,0,0,0,0,0,0,0,0,0,0,0,0,0,0,0,0,0,0,0,0,0,0,0,0,2,2,2,2,2,2,2,2,2,2,2,2,2,2,2,2,2,2,2,2,2,2,2,2,2,2,2,2,2,2,2,2,2,2,2,2
2026-02-04 16:00:08,183235,183235,183235,183235,183236,183235,183235,183235,183235,183235,183235,183235,183235,183235,183235,183235,183235,183235,183235,183235,183235,183235,183423,183236,183234,183234,183236,183235,183235,183235,183235,183235,183235,183235,183235,183235,0,0,0,0,0,0,0,0,0,0,0,0,0,0,0,0,0,0,0,0,0,0,0,0,0,0,0,0,0,0,0,0,0,0,0,0,2,2,2,2,2,2,2,2,2,2,2,2,2,2,2,2,2,2,2,2,2,2,2,2,2,2,2,2,2,2,2,2,2,2,2,2
2026-02-04 16:00:09,183236,183236,183235,183235,183236,183235,183235,183235,183235,183235,183235,183235,183235,183235,183235,183235,183235,183235,183235,183235,183235,183235,183423,183236,183235,183235,183237,183236,183236,183236,183236,183236,183236,183236,183236,183236,0,0,0,0,0,0,0,0,0,0,0,0,0,0,0,0,0,0,0,0,0,0,0,0,0,0,0,0,0,0,0,0,0,0,0,0,2,2,2,2,2,2,2,2,2,2,2,2,2,2,2,2,2,2,2,2,2,2,2,2,2,2,2,2,2,2,2,2,2,2,2,2
2026-02-04 16:00:10,183236,183236,183236,183236,183237,183236,183236,183236,183236,183236,183236,183236,183236,183236,183236,183236,183236,183235,183235,183235,183235,183235,183423,183236,183235,183235,183237,183236,183236,183236,183236,183236,183236,183236,183236,183236,0,0,0,0,0,0,0,0,0,0,0,0,0,0,0,0,0,0,0,0,0,0,0,0,0,0,0,0,0,0,0,0,0,0,0,0,2,2,2,2,2,2,2,2,2,2,2,2,2,2,2,2,2,2,2,2,2,2,2,2,2,2,2,2,2,2,2,2,2,2,2,2
2026-02-04 16:00:11,183236,183236,183236,183236,183237,183236,183236,183236,183236,183236,183236,183236,183236,183236,183236,183236,183236,183236,183236,183236,183236,183236,183424,183237,183236,183236,183238,183237,183237,183237,183237,183236,183236,183236,183236,183236,0,0,0,0,0,0,0,0,0,0,0,0,0,0,0,0,0,0,0,0,0,0,0,0,0,0,0,0,0,0,0,0,0,0,0,0,2,2,2,2,2,2,2,2,2,2,2,2,2,2,2,2,2,2,2,2,2,2,2,2,2,2,2,2,2,2,2,2,2,2,2,2
2026-02-04 16:00:12,183237,183237,183237,183237,183238,183237,183237,183237,183237,183237,183236,183236,183236,183236,183236,183236,183236,183236,183236,183236,183236,183236,183424,183237,183236,183236,183238,183237,183237,183237,183237,183237,183237,183237,183237,183237,0,0,0,0,0,0,0,0,0,0,0,0,0,0,0,0,0,0,0,0,0,0,0,0,0,0,0,0,0,0,0,0,0,0,0,0,2,2,2,2,2,2,2,2,2,2,2,2,2,2,2,2,2,2,2,2,2,2,2,2,2,2,2,2,2,2,2,2,2,2,2,2
2026-02-04 16:00:13,183237,183237,183237,183237,183238,183237,183237,183237,183237,183237,183237,183237,183237,183237,183237,183237,183237,183237,183237,183237,183237,183237,183425,183238,183236,183236,183238,183237,183237,183237,183237,183237,183237,183237,183237,183237,0,0,0,0,0,0,0,0,0,0,0,0,0,0,0,0,0,0,0,0,0,0,0,0,0,0,0,0,0,0,0,0,0,0,0,0,2,2,2,2,2,2,2,2,2,2,2,2,2,2,2,2,2,2,2,2,2,2,2,2,2,2,2,2,2,2,2,2,2,2,2,2
2026-02-04 16:00:14,183238,183238,183238,183237,183238,183237,183237,183237,183237,183237,183237,183237,183237,183237,183237,183237,183237,183237,183237,183237,183237,183237,183425,183238,183237,183237,183239,183238,183238,183238,183238,183238,183238,183238,183238,183238,0,0,0,0,0,0,0,0,0,0,0,0,0,0,0,0,0,0,0,0,0,0,0,0,0,0,0,0,0,0,0,0,0,0,0,0,2,2,2,2,2,2,2,2,2,2,2,2,2,2,2,2,2,2,2,2,2,2,2,2,2,2,2,2,2,2,2,2,2,2,2,2
2026-02-04 16:00:15,183238,183238,183238,183238,183239,183238,183238,183238,183238,183238,183238,183238,183238,183238,183238,183238,183238,183237,183237,183237,183237,183237,183425,183238,183237,183237,183239,183238,183238,183238,183238,183238,183238,183238,183238,183238,0,0,0,0,0,0,0,0,0,0,0,0,0,0,0,0,0,0,0,0,0,0,0,0,0,0,0,0,0,0,0,0,0,0,0,0,2,2,2,2,2,2,2,2,2,2,2,2,2,2,2,2,2,2,2,2,2,2,2,2,2,2,2,2,2,2,2,2,2,2,2,2
2026-02-04 16:00:16,183238,183238,183238,183238,183239,183238,183238,183238,183238,183238,183238,183238,183238,183238,183238,183238,183238,183238,183238,183238,183238,183238,183426,183239,183238,183238,183240,183239,183239,183239,183239,183238,183238,183238,183238,183238,0,0,0,0,0,0,0,0,0,0,0,0,0,0,0,0,0,0,0,0,0,0,0,0,0,0,0,0,0,0,0,0,0,0,0,0,2,2,2,2,2,2,2,2,2,2,2,2,2,2,2,2,2,2,2,2,2,2,2,2,2,2,2,2,2,2,2,2,2,2,2,2
2026-02-04 16:00:17,183239,183239,183239,183239,183240,183239,183239,183239,183239,183239,183238,183238,183238,183238,183238,183238,183238,183238,183238,183238,183238,183238,183426,183239,183238,183238,183240,183239,183239,183239,183239,183239,183239,183239,183239,183239,0,0,0,0,0,0,0,0,0,0,0,0,0,0,0,0,0,0,0,0,0,0,0,0,0,0,0,0,0,0,0,0,0,0,0,0,2,2,2,2,2,2,2,2,2,2,2,2,2,2,2,2,2,2,2,2,2,2,2,2,2,2,2,2,2,2,2,2,2,2,2,2
2026-02-04 16:00:18,183239,183239,183239,183239,183240,183239,183239,183239,183239,183239,183239,183239,183239,183239,183239,183239,183239,183239,183239,183239,183239,183239,183427,183240,183238,183238,183240,183239,183239,183239,183239,183239,183239,183239,183239,183239,0,0,0,0,0,0,0,0,0,0,0,0,0,0,0,0,0,0,0,0,0,0,0,0,0,0,0,0,0,0,0,0,0,0,0,0,2,2,2,2,2,2,2,2,2,2,2,2,2,2,2,2,2,2,2,2,2,2,2,2,2,2,2,2,2,2,2,2,2,2,2,2
2026-02-04 16:00:19,183240,183240,183240,183239,183240,183239,183239,183239,183239,183239,183239,183239,183239,183239,183239,183239,183239,183239,183239,183239,183239,183239,183427,183240,183239,183239,183241,183240,183240,183240,183240,183240,183240,183240,183240,183240,0,0,0,0,0,0,0,0,0,0,0,0,0,0,0,0,0,0,0,0,0,0,0,0,0,0,0,0,0,0,0,0,0,0,0,0,2,2,2,2,2,2,2,2,2,2,2,2,2,2,2,2,2,2,2,2,2,2,2,2,2,2,2,2,2,2,2,2,2,2,2,2
2026-02-04 16:00:20,183240,183240,183240,183240,183241,183240,183240,183240,183240,183240,183240,183240,183240,183240,183240,183240,183240,183240,183240,183240,183240,183240,183428,183241,183240,183240,183242,183241,183241,183241,183241,183241,183240,183240,183240,183240,0,0,0,0,0,0,0,0,0,0,0,0,0,0,0,0,0,0,0,0,0,0,0,0,0,0,0,0,0,0,0,0,0,0,0,0,2,2,2,2,2,2,2,2,2,2,2,2,2,2,2,2,2,2,2,2,2,2,2,2,2,2,2,2,2,2,2,2,2,2,2,2
2026-02-04 16:00:21,183240,183240,183240,183240,183241,183240,183240,183240,183240,183240,183240,183240,183240,183240,183240,183240,183240,183240,183240,183240,183240,183240,183428,183241,183240,183240,183242,183241,183241,183241,183241,183241,183240,183240,183240,183240,0,0,0,0,0,0,0,0,0,0,0,0,0,0,0,0,0,0,0,0,0,0,0,0,0,0,0,0,0,0,0,0,0,0,0,0,2,2,2,2,2,2,2,2,2,2,2,2,2,2,2,2,2,2,2,2,2,2,2,2,2,2,2,2,2,2,2,2,2,2,2,2
2026-02-04 16:00:22,183241,183241,183241,183241,183242,183241,183241,183241,183241,183241,183240,183240,183240,183240,183240,183240,183240,183240,183240,183240,183240,183240,183428,183241,183240,183240,183242,183241,183241,183241,183241,183241,183241,183241,183241,183241,0,0,0,0,0,0,0,0,0,0,0,0,0,0,0,0,0,0,0,0,0,0,0,0,0,0,0,0,0,0,0,0,0,0,0,0,2,2,2,2,2,2,2,2,2,2,2,2,2,2,2,2,2,2,2,2,2,2,2,2,2,2,2,2,2,2,2,2,2,2,2,2
2026-02-04 16:00:23,183241,183241,183241,183241,183242,183241,183241,183241,183241,183241,183241,183241,183241,183241,183241,183241,183241,183241,183241,183241,183241,183241,183429,183242,183241,183240,183242,183241,183241,183241,183241,183241,183241,183241,183241,183241,0,0,0,0,0,0,0,0,0,0,0,0,0,0,0,0,0,0,0,0,0,0,0,0,0,0,0,0,0,0,0,0,0,0,0,0,2,2,2,2,2,2,2,2,2,2,2,2,2,2,2,2,2,2,2,2,2,2,2,2,2,2,2,2,2,2,2,2,2,2,2,2
2026-02-04 16:00:24,183242,183242,183242,183241,183242,183241,183241,183241,183241,183241,183241,183241,183241,183241,183241,183241,183241,183241,183241,183241,183241,183241,183429,183242,183241,183241,183243,183242,183242,183242,183242,183242,183242,183242,183242,183242,0,0,0,0,0,0,0,0,0,0,0,0,0,0,0,0,0,0,0,0,0,0,0,0,0,0,0,0,0,0,0,0,0,0,0,0,2,2,2,2,2,2,2,2,2,2,2,2,2,2,2,2,2,2,2,2,2,2,2,2,2,2,2,2,2,2,2,2,2,2,2,2
2026-02-04 16:00:25,183242,183242,183242,183242,183243,183242,183242,183242,183242,183242,183242,183242,183242,183242,183242,183242,183242,183242,183241,183241,183241,183241,183429,183242,183241,183241,183243,183242,183242,183242,183242,183242,183242,183242,183242,183242,0,0,0,0,0,0,0,0,0,0,0,0,0,0,0,0,0,0,0,0,0,0,0,0,0,0,0,0,0,0,0,0,0,0,0,0,2,2,2,2,2,2,2,2,2,2,2,2,2,2,2,2,2,2,2,2,2,2,2,2,2,2,2,2,2,2,2,2,2,2,2,2
2026-02-04 16:00:26,183242,183242,183242,183242,183243,183242,183242,183242,183242,183242,183242,183242,183242,183242,183242,183242,183242,183242,183242,183242,183242,183242,183430,183243,183242,183242,183244,183243,183243,183243,183243,183243,183242,183242,183242,183242,0,0,0,0,0,0,0,0,0,0,0,0,0,0,0,0,0,0,0,0,0,0,0,0,0,0,0,0,0,0,0,0,0,0,0,0,2,2,2,2,2,2,2,2,2,2,2,2,2,2,2,2,2,2,2,2,2,2,2,2,2,2,2,2,2,2,2,2,2,2,2,2
2026-02-04 16:00:27,183243,183243,183243,183243,183244,183243,183243,183243,183243,183243,183243,183243,183243,183243,183243,183243,183243,183243,183243,183243,183243,183243,183431,183244,183243,183242,183244,183243,183243,183243,183243,183243,183243,183243,183243,183243,0,0,0,0,0,0,0,0,0,0,0,0,0,0,0,0,0,0,0,0,0,0,0,0,0,0,0,0,0,0,0,0,0,0,0,0,2,2,2,2,2,2,2,2,2,2,2,2,2,2,2,2,2,2,2,2,2,2,2,2,2,2,2,2,2,2,2,2,2,2,2,2
2026-02-04 16:00:28,183243,183243,183243,183243,183244,183243,183243,183243,183243,183243,183243,183243,183243,183243,183243,183243,183243,183243,183243,183243,183243,183243,183431,183244,183243,183242,183244,183243,183243,183243,183243,183243,183243,183243,183243,183243,0,0,0,0,0,0,0,0,0,0,0,0,0,0,0,0,0,0,0,0,0,0,0,0,0,0,0,0,0,0,0,0,0,0,0,0,2,2,2,2,2,2,2,2,2,2,2,2,2,2,2,2,2,2,2,2,2,2,2,2,2,2,2,2,2,2,2,2,2,2,2,2
2026-02-04 16:00:29,183244,183244,183244,183244,183245,183244,183244,183244,183244,183244,183244,183244,183244,183244,183244,183244,183244,183244,183243,183243,183243,183243,183431,183244,183243,183243,183245,183244,183244,183244,183244,183244,183244,183244,183244,183244,0,0,0,0,0,0,0,0,0,0,0,0,0,0,0,0,0,0,0,0,0,0,0,0,0,0,0,0,0,0,0,0,0,0,0,0,2,2,2,2,2,2,2,2,2,2,2,2,2,2,2,2,2,2,2,2,2,2,2,2,2,2,2,2,2,2,2,2,2,2,2,2
2026-02-04 16:00:30,183244,183244,183244,183244,183245,183244,183244,183244,183244,183244,183244,183244,183244,183244,183244,183244,183244,183244,183243,183243,183243,183243,183431,183244,183243,183243,183245,183244,183244,183244,183244,183244,183244,183244,183244,183244,0,0,0,0,0,0,0,0,0,0,0,0,0,0,0,0,0,0,0,0,0,0,0,0,0,0,0,0,0,0,0,0,0,0,0,0,2,2,2,2,2,2,2,2,2,2,2,2,2,2,2,2,2,2,2,2,2,2,2,2,2,2,2,2,2,2,2,2,2,2,2,2
2026-02-04 16:00:31,183245,183245,183245,183245,183246,183245,183245,183245,183245,183245,183245,183244,183244,183244,183244,183244,183244,183244,183244,183244,183244,183244,183432,183245,183244,183244,183246,183245,183245,183245,183245,183245,183245,183245,183245,183245,0,0,0,0,0,0,0,0,0,0,0,0,0,0,0,0,0,0,0,0,0,0,0,0,0,0,0,0,0,0,0,0,0,0,0,0,2,2,2,2,2,2,2,2,2,2,2,2,2,2,2,2,2,2,2,2,2,2,2,2,2,2,2,2,2,2,2,2,2,2,2,2
2026-02-04 16:00:32,183245,183245,183245,183245,183246,183245,183245,183245,183245,183245,183245,183244,183244,183244,183244,183244,183244,183244,183244,183244,183244,183244,183432,183245,183244,183244,183246,183245,183245,183245,183245,183245,183245,183245,183245,183245,0,0,0,0,0,0,0,0,0,0,0,0,0,0,0,0,0,0,0,0,0,0,0,0,0,0,0,0,0,0,0,0,0,0,0,0,2,2,2,2,2,2,2,2,2,2,2,2,2,2,2,2,2,2,2,2,2,2,2,2,2,2,2,2,2,2,2,2,2,2,2,2
2026-02-04 16:00:33,183246,183246,183246,183246,183246,183245,183245,183245,183245,183245,183245,183245,183245,183245,183245,183245,183245,183245,183245,183245,183245,183245,183433,183246,183245,183245,183247,183246,183246,183246,183246,183246,183246,183246,183246,183246,0,0,0,0,0,0,0,0,0,0,0,0,0,0,0,0,0,0,0,0,0,0,0,0,0,0,0,0,0,0,0,0,0,0,0,0,2,2,2,2,2,2,2,2,2,2,2,2,2,2,2,2,2,2,2,2,2,2,2,2,2,2,2,2,2,2,2,2,2,2,2,2
2026-02-04 16:00:34,183246,183246,183246,183246,183246,183245,183245,183245,183245,183245,183245,183245,183245,183245,183245,183245,183245,183245,183245,183245,183245,183245,183433,183246,183245,183245,183247,183246,183246,183246,183246,183246,183246,183246,183246,183246,0,0,0,0,0,0,0,0,0,0,0,0,0,0,0,0,0,0,0,0,0,0,0,0,0,0,0,0,0,0,0,0,0,0,0,0,2,2,2,2,2,2,2,2,2,2,2,2,2,2,2,2,2,2,2,2,2,2,2,2,2,2,2,2,2,2,2,2,2,2,2,2
2026-02-04 16:00:35,183246,183246,183246,183246,183247,183246,183246,183246,183246,183246,183246,183246,183246,183246,183246,183246,183246,183246,183246,183246,183246,183246,183434,183247,183246,183246,183248,183247,183247,183247,183247,183247,183247,183246,183246,183246,0,0,0,0,0,0,0,0,0,0,0,0,0,0,0,0,0,0,0,0,0,0,0,0,0,0,0,0,0,0,0,0,0,0,0,0,2,2,2,2,2,2,2,2,2,2,2,2,2,2,2,2,2,2,2,2,2,2,2,2,2,2,2,2,2,2,2,2,2,2,2,2
2026-02-04 16:00:36,183246,183246,183246,183246,183247,183246,183246,183246,183246,183246,183246,183246,183246,183246,183246,183246,183246,183246,183246,183246,183246,183246,183434,183247,183246,183246,183248,183247,183247,183247,183247,183247,183247,183246,183246,183246,0,0,0,0,0,0,0,0,0,0,0,0,0,0,0,0,0,0,0,0,0,0,0,0,0,0,0,0,0,0,0,0,0,0,0,0,2,2,2,2,2,2,2,2,2,2,2,2,2,2,2,2,2,2,2,2,2,2,2,2,2,2,2,2,2,2,2,2,2,2,2,2
2026-02-04 16:00:37,183247,183247,183247,183247,183248,183247,183247,183247,183247,183247,183247,183247,183247,183247,183247,183247,183247,183247,183247,183247,183247,183247,183435,183248,183247,183247,183248,183247,183247,183247,183247,183247,183247,183247,183247,183247,0,0,0,0,0,0,0,0,0,0,0,0,0,0,0,0,0,0,0,0,0,0,0,0,0,0,0,0,0,0,0,0,0,0,0,0,2,2,2,2,2,2,2,2,2,2,2,2,2,2,2,2,2,2,2,2,2,2,2,2,2,2,2,2,2,2,2,2,2,2,2,2
2026-02-04 16:00:38,183248,183248,183248,183248,183248,183247,183247,183247,183247,183247,183247,183247,183247,183247,183247,183247,183247,183247,183247,183247,183247,183247,183435,183248,183247,183247,183249,183248,183248,183248,183248,183248,183248,183248,183248,183248,0,0,0,0,0,0,0,0,0,0,0,0,0,0,0,0,0,0,0,0,0,0,0,0,0,0,0,0,0,0,0,0,0,0,0,0,2,2,2,2,2,2,2,2,2,2,2,2,2,2,2,2,2,2,2,2,2,2,2,2,2,2,2,2,2,2,2,2,2,2,2,2
2026-02-04 16:00:39,183248,183248,183248,183248,183248,183247,183247,183247,183247,183247,183247,183247,183247,183247,183247,183247,183247,183247,183247,183247,183247,183247,183435,183248,183247,183247,183249,183248,183248,183248,183248,183248,183248,183248,183248,183248,0,0,0,0,0,0,0,0,0,0,0,0,0,0,0,0,0,0,0,0,0,0,0,0,0,0,0,0,0,0,0,0,0,0,0,0,2,2,2,2,2,2,2,2,2,2,2,2,2,2,2,2,2,2,2,2,2,2,2,2,2,2,2,2,2,2,2,2,2,2,2,2
2026-02-04 16:00:40,183248,183248,183248,183248,183249,183248,183248,183248,183248,183248,183248,183248,183248,183248,183248,183248,183248,183248,183248,183248,183248,183248,183436,183249,183248,183248,183250,183249,183249,183249,183249,183249,183249,183248,183248,183248,0,0,0,0,0,0,0,0,0,0,0,0,0,0,0,0,0,0,0,0,0,0,0,0,0,0,0,0,0,0,0,0,0,0,0,0,2,2,2,2,2,2,2,2,2,2,2,2,2,2,2,2,2,2,2,2,2,2,2,2,2,2,2,2,2,2,2,2,2,2,2,2
2026-02-04 16:00:41,183249,183249,183249,183249,183250,183249,183249,183249,183249,183249,183249,183248,183248,183248,183248,183248,183248,183248,183248,183248,183248,183248,183436,183249,183248,183248,183250,183249,183249,183249,183249,183249,183249,183249,183249,183249,0,0,0,0,0,0,0,0,0,0,0,0,0,0,0,0,0,0,0,0,0,0,0,0,0,0,0,0,0,0,0,0,0,0,0,0,2,2,2,2,2,2,2,2,2,2,2,2,2,2,2,2,2,2,2,2,2,2,2,2,2,2,2,2,2,2,2,2,2,2,2,2
2026-02-04 16:00:42,183249,183249,183249,183249,183250,183249,183249,183249,183249,183249,183249,183248,183248,183248,183248,183248,183248,183248,183248,183248,183248,183248,183436,183249,183248,183248,183250,183249,183249,183249,183249,183249,183249,183249,183249,183249,0,0,0,0,0,0,0,0,0,0,0,0,0,0,0,0,0,0,0,0,0,0,0,0,0,0,0,0,0,0,0,0,0,0,0,0,2,2,2,2,2,2,2,2,2,2,2,2,2,2,2,2,2,2,2,2,2,2,2,2,2,2,2,2,2,2,2,2,2,2,2,2
2026-02-04 16:00:43,183250,183250,183250,183250,183250,183249,183249,183249,183249,183249,183249,183249,183249,183249,183249,183249,183249,183249,183249,183249,183249,183249,183437,183250,183249,183249,183251,183250,183250,183250,183250,183250,183250,183250,183250,183250,0,0,0,0,0,0,0,0,0,0,0,0,0,0,0,0,0,0,0,0,0,0,0,0,0,0,0,0,0,0,0,0,0,0,0,0,2,2,2,2,2,2,2,2,2,2,2,2,2,2,2,2,2,2,2,2,2,2,2,2,2,2,2,2,2,2,2,2,2,2,2,2
2026-02-04 16:00:44,183250,183250,183250,183250,183251,183250,183250,183250,183250,183250,183250,183250,183250,183250,183250,183250,183250,183250,183250,183249,183249,183249,183437,183250,183249,183249,183251,183250,183250,183250,183250,183250,183250,183250,183250,183250,0,0,0,0,0,0,0,0,0,0,0,0,0,0,0,0,0,0,0,0,0,0,0,0,0,0,0,0,0,0,0,0,0,0,0,0,2,2,2,2,2,2,2,2,2,2,2,2,2,2,2,2,2,2,2,2,2,2,2,2,2,2,2,2,2,2,2,2,2,2,2,2
2026-02-04 16:00:45,183250,183250,183250,183250,183251,183250,183250,183250,183250,183250,183250,183250,183250,183250,183250,183250,183250,183250,183250,183249,183249,183249,183437,183250,183249,183249,183251,183250,183250,183250,183250,183250,183250,183250,183250,183250,0,0,0,0,0,0,0,0,0,0,0,0,0,0,0,0,0,0,0,0,0,0,0,0,0,0,0,0,0,0,0,0,0,0,0,0,2,2,2,2,2,2,2,2,2,2,2,2,2,2,2,2,2,2,2,2,2,2,2,2,2,2,2,2,2,2,2,2,2,2,2,2
2026-02-04 16:00:46,183251,183251,183251,183251,183252,183251,183251,183251,183251,183251,183251,183251,183250,183250,183250,183250,183250,183250,183250,183250,183250,183250,183438,183251,183250,183250,183252,183251,183251,183251,183251,183251,183251,183251,183251,183251,0,0,0,0,0,0,0,0,0,0,0,0,0,0,0,0,0,0,0,0,0,0,0,0,0,0,0,0,0,0,0,0,0,0,0,0,2,2,2,2,2,2,2,2,2,2,2,2,2,2,2,2,2,2,2,2,2,2,2,2,2,2,2,2,2,2,2,2,2,2,2,2
2026-02-04 16:00:47,183251,183251,183251,183251,183252,183251,183251,183251,183251,183251,183251,183251,183250,183250,183250,183250,183250,183250,183250,183250,183250,183250,183438,183251,183250,183250,183252,183251,183251,183251,183251,183251,183251,183251,183251,183251,0,0,0,0,0,0,0,0,0,0,0,0,0,0,0,0,0,0,0,0,0,0,0,0,0,0,0,0,0,0,0,0,0,0,0,0,2,2,2,2,2,2,2,2,2,2,2,2,2,2,2,2,2,2,2,2,2,2,2,2,2,2,2,2,2,2,2,2,2,2,2,2
2026-02-04 16:00:48,183252,183252,183252,183252,183253,183251,183251,183251,183251,183251,183251,183251,183251,183251,183251,183251,183251,183251,183251,183251,183251,183251,183439,183252,183251,183251,183253,183252,183252,183252,183252,183252,183252,183252,183252,183252,0,0,0,0,0,0,0,0,0,0,0,0,0,0,0,0,0,0,0,0,0,0,0,0,0,0,0,0,0,0,0,0,0,0,0,0,2,2,2,2,2,2,2,2,2,2,2,2,2,2,2,2,2,2,2,2,2,2,2,2,2,2,2,2,2,2,2,2,2,2,2,2
2026-02-04 16:00:49,183252,183252,183252,183252,183253,183252,183252,183252,183252,183252,183252,183252,183252,183252,183252,183252,183252,183252,183252,183251,183251,183251,183439,183252,183251,183251,183253,183252,183252,183252,183252,183252,183252,183252,183252,183252,0,0,0,0,0,0,0,0,0,0,0,0,0,0,0,0,0,0,0,0,0,0,0,0,0,0,0,0,0,0,0,0,0,0,0,0,2,2,2,2,2,2,2,2,2,2,2,2,2,2,2,2,2,2,2,2,2,2,2,2,2,2,2,2,2,2,2,2,2,2,2,2
2026-02-04 16:00:50,183252,183252,183252,183252,183253,183252,183252,183252,183252,183252,183252,183252,183252,183252,183252,183252,183252,183252,183252,183252,183252,183252,183440,183253,183252,183252,183254,183253,183253,183253,183253,183253,183253,183252,183252,183252,0,0,0,0,0,0,0,0,0,0,0,0,0,0,0,0,0,0,0,0,0,0,0,0,0,0,0,0,0,0,0,0,0,0,0,0,2,2,2,2,2,2,2,2,2,2,2,2,2,2,2,2,2,2,2,2,2,2,2,2,2,2,2,2,2,2,2,2,2,2,2,2
2026-02-04 16:00:51,183253,183253,183253,183253,183254,183253,183253,183253,183253,183253,183253,183253,183252,183252,183252,183252,183252,183252,183252,183252,183252,183252,183440,183253,183252,183252,183254,183253,183253,183253,183253,183253,183253,183253,183253,183253,0,0,0,0,0,0,0,0,0,0,0,0,0,0,0,0,0,0,0,0,0,0,0,0,0,0,0,0,0,0,0,0,0,0,0,0,2,2,2,2,2,2,2,2,2,2,2,2,2,2,2,2,2,2,2,2,2,2,2,2,2,2,2,2,2,2,2,2,2,2,2,2
2026-02-04 16:00:52,183253,183253,183253,183253,183254,183253,183253,183253,183253,183253,183253,183253,183253,183253,183253,183253,183253,183253,183253,183253,183253,183253,183441,183254,183253,183253,183254,183253,183253,183253,183253,183253,183253,183253,183253,183253,0,0,0,0,0,0,0,0,0,0,0,0,0,0,0,0,0,0,0,0,0,0,0,0,0,0,0,0,0,0,0,0,0,0,0,0,2,2,2,2,2,2,2,2,2,2,2,2,2,2,2,2,2,2,2,2,2,2,2,2,2,2,2,2,2,2,2,2,2,2,2,2
2026-02-04 16:00:53,183254,183254,183254,183254,183255,183253,183253,183253,183253,183253,183253,183253,183253,183253,183253,183253,183253,183253,183253,183253,183253,183253,183441,183254,183253,183253,183255,183254,183254,183254,183254,183254,183254,183254,183254,183254,0,0,0,0,0,0,0,0,0,0,0,0,0,0,0,0,0,0,0,0,0,0,0,0,0,0,0,0,0,0,0,0,0,0,0,0,2,2,2,2,2,2,2,2,2,2,2,2,2,2,2,2,2,2,2,2,2,2,2,2,2,2,2,2,2,2,2,2,2,2,2,2
2026-02-04 16:00:54,183254,183254,183254,183254,183255,183254,183254,183254,183254,183254,183254,183254,183254,183254,183254,183254,183254,183254,183254,183253,183253,183253,183441,183254,183253,183253,183255,183254,183254,183254,183254,183254,183254,183254,183254,183254,0,0,0,0,0,0,0,0,0,0,0,0,0,0,0,0,0,0,0,0,0,0,0,0,0,0,0,0,0,0,0,0,0,0,0,0,2,2,2,2,2,2,2,2,2,2,2,2,2,2,2,2,2,2,2,2,2,2,2,2,2,2,2,2,2,2,2,2,2,2,2,2
2026-02-04 16:00:55,183254,183254,183254,183254,183255,183254,183254,183254,183254,183254,183254,183254,183254,183254,183254,183254,183254,183254,183254,183254,183254,183254,183442,183255,183254,183254,183256,183255,183255,183255,183255,183255,183255,183255,183254,183254,0,0,0,0,0,0,0,0,0,0,0,0,0,0,0,0,0,0,0,0,0,0,0,0,0,0,0,0,0,0,0,0,0,0,0,0,2,2,2,2,2,2,2,2,2,2,2,2,2,2,2,2,2,2,2,2,2,2,2,2,2,2,2,2,2,2,2,2,2,2,2,2
2026-02-04 16:00:56,183255,183255,183255,183255,183256,183255,183255,183255,183255,183255,183255,183255,183254,183254,183254,183254,183254,183254,183254,183254,183254,183254,183442,183255,183254,183254,183256,183255,183255,183255,183255,183255,183255,183255,183255,183255,0,0,0,0,0,0,0,0,0,0,0,0,0,0,0,0,0,0,0,0,0,0,0,0,0,0,0,0,0,0,0,0,0,0,0,0,2,2,2,2,2,2,2,2,2,2,2,2,2,2,2,2,2,2,2,2,2,2,2,2,2,2,2,2,2,2,2,2,2,2,2,2
2026-02-04 16:00:57,183255,183255,183255,183255,183256,183255,183255,183255,183255,183255,183255,183255,183255,183255,183255,183255,183255,183255,183255,183255,183255,183255,183443,183256,183255,183255,183257,183255,183255,183255,183255,183255,183255,183255,183255,183255,0,0,0,0,0,0,0,0,0,0,0,0,0,0,0,0,0,0,0,0,0,0,0,0,0,0,0,0,0,0,0,0,0,0,0,0,2,2,2,2,2,2,2,2,2,2,2,2,2,2,2,2,2,2,2,2,2,2,2,2,2,2,2,2,2,2,2,2,2,2,2,2
2026-02-04 16:00:58,183256,183256,183256,183256,183257,183255,183255,183255,183255,183255,183255,183255,183255,183255,183255,183255,183255,183255,183255,183255,183255,183255,183443,183256,183255,183255,183257,183256,183256,183256,183256,183256,183256,183256,183256,183256,0,0,0,0,0,0,0,0,0,0,0,0,0,0,0,0,0,0,0,0,0,0,0,0,0,0,0,0,0,0,0,0,0,0,0,0,2,2,2,2,2,2,2,2,2,2,2,2,2,2,2,2,2,2,2,2,2,2,2,2,2,2,2,2,2,2,2,2,2,2,2,2
2026-02-04 16:00:59,183256,183256,183256,183256,183257,183256,183256,183256,183256,183256,183256,183256,183256,183256,183256,183256,183256,183256,183256,183255,183255,183255,183443,183256,183255,183255,183257,183256,183256,183256,183256,183256,183256,183256,183256,183256,0,0,0,0,0,0,0,0,0,0,0,0,0,0,0,0,0,0,0,0,0,0,0,0,0,0,0,0,0,0,0,0,0,0,0,0,2,2,2,2,2,2,2,2,2,2,2,2,2,2,2,2,2,2,2,2,2,2,2,2,2,2,2,2,2,2,2,2,2,2,2,2
2026-02-04 16:01:00,183256,183256,183256,183256,183257,183256,183256,183256,183256,183256,183256,183256,183256,183256,183256,183256,183256,183256,183256,183256,183256,183256,183444,183257,183256,183256,183258,183257,183257,183257,183257,183257,183257,183257,183256,183256,0,0,0,0,0,0,0,0,0,0,0,0,0,0,0,0,0,0,0,0,0,0,0,0,0,0,0,0,0,0,0,0,0,0,0,0,2,2,2,2,2,2,2,2,2,2,2,2,2,2,2,2,2,2,2,2,2,2,2,2,2,2,2,2,2,2,2,2,2,2,2,2
2026-02-04 16:01:01,183257,183257,183257,183257,183258,183257,183257,183257,183257,183257,183257,183257,183256,183256,183256,183256,183256,183256,183256,183256,183256,183256,183444,183257,183256,183256,183258,183257,183257,183257,183257,183257,183257,183257,183257,183257,0,0,0,0,0,0,0,0,0,0,0,0,0,0,0,0,0,0,0,0,0,0,0,0,0,0,0,0,0,0,0,0,0,0,0,0,2,2,2,2,2,2,2,2,2,2,2,2,2,2,2,2,2,2,2,2,2,2,2,2,2,2,2,2,2,2,2,2,2,2,2,2
2026-02-04 16:01:02,183257,183257,183257,183257,183258,183257,183257,183257,183257,183257,183257,183257,183257,183257,183257,183257,183257,183257,183257,183257,183257,183257,183445,183258,183257,183257,183259,183257,183257,183257,183257,183257,183257,183257,183257,183257,0,0,0,0,0,0,0,0,0,0,0,0,0,0,0,0,0,0,0,0,0,0,0,0,0,0,0,0,0,0,0,0,0,0,0,0,2,2,2,2,2,2,2,2,2,2,2,2,2,2,2,2,2,2,2,2,2,2,2,2,2,2,2,2,2,2,2,2,2,2,2,2
2026-02-04 16:01:03,183258,183258,183258,183258,183259,183257,183257,183257,183257,183257,183257,183257,183257,183257,183257,183257,183257,183257,183257,183257,183257,183257,183445,183258,183257,183257,183259,183258,183258,183258,183258,183258,183258,183258,183258,183258,0,0,0,0,0,0,0,0,0,0,0,0,0,0,0,0,0,0,0,0,0,0,0,0,0,0,0,0,0,0,0,0,0,0,0,0,2,2,2,2,2,2,2,2,2,2,2,2,2,2,2,2,2,2,2,2,2,2,2,2,2,2,2,2,2,2,2,2,2,2,2,2
2026-02-04 16:01:04,183258,183258,183258,183258,183259,183258,183258,183258,183258,183258,183258,183258,183258,183258,183258,183258,183258,183258,183258,183258,183257,183257,183445,183258,183257,183257,183259,183258,183258,183258,183258,183258,183258,183258,183258,183258,0,0,0,0,0,0,0,0,0,0,0,0,0,0,0,0,0,0,0,0,0,0,0,0,0,0,0,0,0,0,0,0,0,0,0,0,2,2,2,2,2,2,2,2,2,2,2,2,2,2,2,2,2,2,2,2,2,2,2,2,2,2,2,2,2,2,2,2,2,2,2,2
2026-02-04 16:01:05,183258,183258,183258,183258,183259,183258,183258,183258,183258,183258,183258,183258,183258,183258,183258,183258,183258,183258,183258,183258,183258,183258,183446,183259,183258,183258,183260,183259,183259,183259,183259,183259,183259,183259,183258,183258,0,0,0,0,0,0,0,0,0,0,0,0,0,0,0,0,0,0,0,0,0,0,0,0,0,0,0,0,0,0,0,0,0,0,0,0,2,2,2,2,2,2,2,2,2,2,2,2,2,2,2,2,2,2,2,2,2,2,2,2,2,2,2,2,2,2,2,2,2,2,2,2
2026-02-04 16:01:06,183259,183259,183259,183259,183260,183259,183259,183259,183259,183259,183259,183259,183259,183258,183258,183258,183258,183258,183258,183258,183258,183258,183446,183259,183258,183258,183260,183259,183259,183259,183259,183259,183259,183259,183259,183259,0,0,0,0,0,0,0,0,0,0,0,0,0,0,0,0,0,0,0,0,0,0,0,0,0,0,0,0,0,0,0,0,0,0,0,0,2,2,2,2,2,2,2,2,2,2,2,2,2,2,2,2,2,2,2,2,2,2,2,2,2,2,2,2,2,2,2,2,2,2,2,2
2026-02-04 16:01:07,183259,183259,183259,183259,183260,183259,183259,183259,183259,183259,183259,183259,183259,183259,183259,183259,183259,183259,183259,183259,183259,183259,183447,183260,183259,183259,183261,183259,183259,183259,183259,183259,183259,183259,183259,183259,0,0,0,0,0,0,0,0,0,0,0,0,0,0,0,0,0,0,0,0,0,0,0,0,0,0,0,0,0,0,0,0,0,0,0,0,2,2,2,2,2,2,2,2,2,2,2,2,2,2,2,2,2,2,2,2,2,2,2,2,2,2,2,2,2,2,2,2,2,2,2,2
2026-02-04 16:01:08,183260,183260,183260,183260,183261,183260,183259,183259,183259,183259,183259,183259,183259,183259,183259,183259,183259,183259,183259,183259,183259,183259,183447,183260,183259,183259,183261,183260,183260,183260,183260,183260,183260,183260,183260,183260,0,0,0,0,0,0,0,0,0,0,0,0,0,0,0,0,0,0,0,0,0,0,0,0,0,0,0,0,0,0,0,0,0,0,0,0,2,2,2,2,2,2,2,2,2,2,2,2,2,2,2,2,2,2,2,2,2,2,2,2,2,2,2,2,2,2,2,2,2,2,2,2
2026-02-04 16:01:09,183260,183260,183260,183260,183261,183260,183260,183260,183260,183260,183260,183260,183260,183260,183260,183260,183260,183260,183260,183260,183259,183259,183447,183260,183259,183259,183261,183260,183260,183260,183260,183260,183260,183260,183260,183260,0,0,0,0,0,0,0,0,0,0,0,0,0,0,0,0,0,0,0,0,0,0,0,0,0,0,0,0,0,0,0,0,0,0,0,0,2,2,2,2,2,2,2,2,2,2,2,2,2,2,2,2,2,2,2,2,2,2,2,2,2,2,2,2,2,2,2,2,2,2,2,2
2026-02-04 16:01:10,183260,183260,183260,183260,183261,183260,183260,183260,183260,183260,183260,183260,183260,183260,183260,183260,183260,183260,183260,183260,183260,183260,183448,183261,183260,183260,183262,183261,183261,183261,183261,183261,183261,183261,183260,183260,0,0,0,0,0,0,0,0,0,0,0,0,0,0,0,0,0,0,0,0,0,0,0,0,0,0,0,0,0,0,0,0,0,0,0,0,2,2,2,2,2,2,2,2,2,2,2,2,2,2,2,2,2,2,2,2,2,2,2,2,2,2,2,2,2,2,2,2,2,2,2,2
2026-02-04 16:01:11,183261,183261,183261,183261,183262,183261,183261,183261,183261,183261,183261,183261,183261,183260,183260,183260,183260,183260,183260,183260,183260,183260,183448,183261,183260,183260,183262,183261,183261,183261,183261,183261,183261,183261,183261,183261,0,0,0,0,0,0,0,0,0,0,0,0,0,0,0,0,0,0,0,0,0,0,0,0,0,0,0,0,0,0,0,0,0,0,0,0,2,2,2,2,2,2,2,2,2,2,2,2,2,2,2,2,2,2,2,2,2,2,2,2,2,2,2,2,2,2,2,2,2,2,2,2
2026-02-04 16:01:12,183261,183261,183261,183261,183262,183261,183261,183261,183261,183261,183261,183261,183261,183261,183261,183261,183261,183261,183261,183261,183261,183261,183449,183262,183261,183261,183263,183261,183261,183261,183261,183261,183261,183261,183261,183261,0,0,0,0,0,0,0,0,0,0,0,0,0,0,0,0,0,0,0,0,0,0,0,0,0,0,0,0,0,0,0,0,0,0,0,0,2,2,2,2,2,2,2,2,2,2,2,2,2,2,2,2,2,2,2,2,2,2,2,2,2,2,2,2,2,2,2,2,2,2,2,2
2026-02-04 16:01:13,183262,183262,183262,183262,183263,183262,183261,183261,183261,183261,183261,183261,183261,183261,183261,183261,183261,183261,183261,183261,183261,183261,183449,183262,183261,183261,183263,183262,183262,183262,183262,183262,183262,183262,183262,183262,0,0,0,0,0,0,0,0,0,0,0,0,0,0,0,0,0,0,0,0,0,0,0,0,0,0,0,0,0,0,0,0,0,0,0,0,2,2,2,2,2,2,2,2,2,2,2,2,2,2,2,2,2,2,2,2,2,2,2,2,2,2,2,2,2,2,2,2,2,2,2,2
2026-02-04 16:01:14,183262,183262,183262,183262,183263,183262,183262,183262,183262,183262,183262,183262,183262,183262,183262,183262,183262,183262,183262,183262,183261,183261,183449,183262,183261,183261,183263,183262,183262,183262,183262,183262,183262,183262,183262,183262,0,0,0,0,0,0,0,0,0,0,0,0,0,0,0,0,0,0,0,0,0,0,0,0,0,0,0,0,0,0,0,0,0,0,0,0,2,2,2,2,2,2,2,2,2,2,2,2,2,2,2,2,2,2,2,2,2,2,2,2,2,2,2,2,2,2,2,2,2,2,2,2
2026-02-04 16:01:15,183262,183262,183262,183262,183263,183262,183262,183262,183262,183262,183262,183262,183262,183262,183262,183262,183262,183262,183262,183262,183262,183262,183450,183263,183262,183262,183264,183263,183263,183263,183263,183263,183263,183263,183263,183262,0,0,0,0,0,0,0,0,0,0,0,0,0,0,0,0,0,0,0,0,0,0,0,0,0,0,0,0,0,0,0,0,0,0,0,0,2,2,2,2,2,2,2,2,2,2,2,2,2,2,2,2,2,2,2,2,2,2,2,2,2,2,2,2,2,2,2,2,2,2,2,2
2026-02-04 16:01:16,183263,183263,183263,183263,183264,183263,183263,183263,183263,183263,183263,183263,183263,183262,183262,183262,183262,183262,183262,183262,183262,183262,183450,183263,183262,183262,183264,183263,183263,183263,183263,183263,183263,183263,183263,183263,0,0,0,0,0,0,0,0,0,0,0,0,0,0,0,0,0,0,0,0,0,0,0,0,0,0,0,0,0,0,0,0,0,0,0,0,2,2,2,2,2,2,2,2,2,2,2,2,2,2,2,2,2,2,2,2,2,2,2,2,2,2,2,2,2,2,2,2,2,2,2,2
2026-02-04 16:01:17,183263,183263,183263,183263,183264,183263,183263,183263,183263,183263,183263,183263,183263,183263,183263,183263,183263,183263,183263,183263,183263,183263,183451,183264,183263,183263,183265,183264,183263,183263,183263,183263,183263,183263,183263,183263,0,0,0,0,0,0,0,0,0,0,0,0,0,0,0,0,0,0,0,0,0,0,0,0,0,0,0,0,0,0,0,0,0,0,0,0,2,2,2,2,2,2,2,2,2,2,2,2,2,2,2,2,2,2,2,2,2,2,2,2,2,2,2,2,2,2,2,2,2,2,2,2
2026-02-04 16:01:18,183264,183264,183264,183264,183265,183264,183263,183263,183263,183263,183263,183263,183263,183263,183263,183263,183263,183263,183263,183263,183263,183263,183451,183264,183263,183263,183265,183264,183264,183264,183264,183264,183264,183264,183264,183264,0,0,0,0,0,0,0,0,0,0,0,0,0,0,0,0,0,0,0,0,0,0,0,0,0,0,0,0,0,0,0,0,0,0,0,0,2,2,2,2,2,2,2,2,2,2,2,2,2,2,2,2,2,2,2,2,2,2,2,2,2,2,2,2,2,2,2,2,2,2,2,2
2026-02-04 16:01:19,183264,183264,183264,183264,183265,183264,183264,183264,183264,183264,183264,183264,183264,183264,183264,183264,183264,183264,183264,183264,183264,183263,183451,183264,183263,183263,183265,183264,183264,183264,183264,183264,183264,183264,183264,183264,0,0,0,0,0,0,0,0,0,0,0,0,0,0,0,0,0,0,0,0,0,0,0,0,0,0,0,0,0,0,0,0,0,0,0,0,2,2,2,2,2,2,2,2,2,2,2,2,2,2,2,2,2,2,2,2,2,2,2,2,2,2,2,2,2,2,2,2,2,2,2,2
2026-02-04 16:01:20,183264,183264,183264,183264,183265,183264,183264,183264,183264,183264,183264,183264,183264,183264,183264,183264,183264,183264,183264,183264,183264,183264,183452,183265,183264,183264,183266,183265,183265,183265,183265,183265,183265,183265,183265,183264,0,0,0,0,0,0,0,0,0,0,0,0,0,0,0,0,0,0,0,0,0,0,0,0,0,0,0,0,0,0,0,0,0,0,0,0,2,2,2,2,2,2,2,2,2,2,2,2,2,2,2,2,2,2,2,2,2,2,2,2,2,2,2,2,2,2,2,2,2,2,2,2
2026-02-04 16:01:21,183265,183265,183265,183265,183266,183265,183265,183265,183265,183265,183265,183265,183265,183264,183264,183264,183264,183264,183264,183264,183264,183264,183452,183265,183264,183264,183266,183265,183265,183265,183265,183265,183265,183265,183265,183265,0,0,0,0,0,0,0,0,0,0,0,0,0,0,0,0,0,0,0,0,0,0,0,0,0,0,0,0,0,0,0,0,0,0,0,0,2,2,2,2,2,2,2,2,2,2,2,2,2,2,2,2,2,2,2,2,2,2,2,2,2,2,2,2,2,2,2,2,2,2,2,2
2026-02-04 16:01:22,183265,183265,183265,183265,183266,183265,183265,183265,183265,183265,183265,183265,183265,183265,183265,183265,183265,183265,183265,183265,183265,183265,183453,183266,183265,183265,183267,183266,183265,183265,183265,183265,183265,183265,183265,183265,0,0,0,0,0,0,0,0,0,0,0,0,0,0,0,0,0,0,0,0,0,0,0,0,0,0,0,0,0,0,0,0,0,0,0,0,2,2,2,2,2,2,2,2,2,2,2,2,2,2,2,2,2,2,2,2,2,2,2,2,2,2,2,2,2,2,2,2,2,2,2,2
2026-02-04 16:01:23,183266,183266,183266,183266,183267,183266,183265,183265,183265,183265,183265,183265,183265,183265,183265,183265,183265,183265,183265,183265,183265,183265,183453,183266,183265,183265,183267,183266,183266,183266,183266,183266,183266,183266,183266,183266,0,0,0,0,0,0,0,0,0,0,0,0,0,0,0,0,0,0,0,0,0,0,0,0,0,0,0,0,0,0,0,0,0,0,0,0,2,2,2,2,2,2,2,2,2,2,2,2,2,2,2,2,2,2,2,2,2,2,2,2,2,2,2,2,2,2,2,2,2,2,2,2
2026-02-04 16:01:24,183266,183266,183266,183266,183267,183266,183266,183266,183266,183266,183266,183266,183266,183266,183266,183266,183266,183266,183266,183266,183266,183265,183453,183266,183265,183265,183267,183266,183266,183266,183266,183266,183266,183266,183266,183266,0,0,0,0,0,0,0,0,0,0,0,0,0,0,0,0,0,0,0,0,0,0,0,0,0,0,0,0,0,0,0,0,0,0,0,0,2,2,2,2,2,2,2,2,2,2,2,2,2,2,2,2,2,2,2,2,2,2,2,2,2,2,2,2,2,2,2,2,2,2,2,2
2026-02-04 16:01:25,183266,183266,183266,183266,183267,183266,183266,183266,183266,183266,183266,183266,183266,183266,183266,183266,183266,183266,183266,183266,183266,183266,183454,183267,183266,183266,183268,183267,183267,183267,183267,183267,183267,183267,183267,183266,0,0,0,0,0,0,0,0,0,0,0,0,0,0,0,0,0,0,0,0,0,0,0,0,0,0,0,0,0,0,0,0,0,0,0,0,2,2,2,2,2,2,2,2,2,2,2,2,2,2,2,2,2,2,2,2,2,2,2,2,2,2,2,2,2,2,2,2,2,2,2,2
2026-02-04 16:01:26,183267,183267,183267,183267,183268,183267,183267,183267,183267,183267,183267,183267,183267,183267,183266,183266,183266,183266,183266,183266,183266,183266,183454,183267,183266,183266,183268,183267,183267,183267,183267,183267,183267,183267,183267,183267,0,0,0,0,0,0,0,0,0,0,0,0,0,0,0,0,0,0,0,0,0,0,0,0,0,0,0,0,0,0,0,0,0,0,0,0,2,2,2,2,2,2,2,2,2,2,2,2,2,2,2,2,2,2,2,2,2,2,2,2,2,2,2,2,2,2,2,2,2,2,2,2
2026-02-04 16:01:27,183267,183267,183267,183267,183268,183267,183267,183267,183267,183267,183267,183267,183267,183267,183267,183267,183267,183267,183267,183267,183267,183267,183455,183268,183267,183267,183269,183268,183267,183267,183267,183267,183267,183267,183267,183267,0,0,0,0,0,0,0,0,0,0,0,0,0,0,0,0,0,0,0,0,0,0,0,0,0,0,0,0,0,0,0,0,0,0,0,0,2,2,2,2,2,2,2,2,2,2,2,2,2,2,2,2,2,2,2,2,2,2,2,2,2,2,2,2,2,2,2,2,2,2,2,2
2026-02-04 16:01:28,183268,183268,183268,183268,183269,183268,183268,183267,183267,183267,183267,183267,183267,183267,183267,183267,183267,183267,183267,183267,183267,183267,183455,183268,183267,183267,183269,183268,183268,183268,183268,183268,183268,183268,183268,183268,0,0,0,0,0,0,0,0,0,0,0,0,0,0,0,0,0,0,0,0,0,0,0,0,0,0,0,0,0,0,0,0,0,0,0,0,2,2,2,2,2,2,2,2,2,2,2,2,2,2,2,2,2,2,2,2,2,2,2,2,2,2,2,2,2,2,2,2,2,2,2,2
2026-02-04 16:01:29,183268,183268,183268,183268,183269,183268,183268,183268,183268,183268,183268,183268,183268,183268,183268,183268,183268,183268,183268,183268,183268,183267,183455,183268,183267,183267,183269,183268,183268,183268,183268,183268,183268,183268,183268,183268,0,0,0,0,0,0,0,0,0,0,0,0,0,0,0,0,0,0,0,0,0,0,0,0,0,0,0,0,0,0,0,0,0,0,0,0,2,2,2,2,2,2,2,2,2,2,2,2,2,2,2,2,2,2,2,2,2,2,2,2,2,2,2,2,2,2,2,2,2,2,2,2
2026-02-04 16:01:30,183268,183268,183268,183268,183269,183268,183268,183268,183268,183268,183268,183268,183268,183268,183268,183268,183268,183268,183268,183268,183268,183268,183456,183269,183268,183268,183270,183269,183269,183269,183269,183269,183269,183269,183269,183268,0,0,0,0,0,0,0,0,0,0,0,0,0,0,0,0,0,0,0,0,0,0,0,0,0,0,0,0,0,0,0,0,0,0,0,0,2,2,2,2,2,2,2,2,2,2,2,2,2,2,2,2,2,2,2,2,2,2,2,2,2,2,2,2,2,2,2,2,2,2,2,2
2026-02-04 16:01:31,183269,183269,183269,183269,183270,183269,183269,183269,183269,183269,183269,183269,183269,183269,183268,183268,183268,183268,183268,183268,183268,183268,183456,183269,183268,183268,183270,183269,183269,183269,183269,183269,183269,183269,183269,183269,0,0,0,0,0,0,0,0,0,0,0,0,0,0,0,0,0,0,0,0,0,0,0,0,0,0,0,0,0,0,0,0,0,0,0,0,2,2,2,2,2,2,2,2,2,2,2,2,2,2,2,2,2,2,2,2,2,2,2,2,2,2,2,2,2,2,2,2,2,2,2,2
2026-02-04 16:01:32,183269,183269,183269,183269,183270,183269,183269,183269,183269,183269,183269,183269,183269,183269,183269,183269,183269,183269,183269,183269,183269,183269,183457,183270,183269,183269,183271,183270,183269,183269,183269,183269,183269,183269,183269,183269,0,0,0,0,0,0,0,0,0,0,0,0,0,0,0,0,0,0,0,0,0,0,0,0,0,0,0,0,0,0,0,0,0,0,0,0,2,2,2,2,2,2,2,2,2,2,2,2,2,2,2,2,2,2,2,2,2,2,2,2,2,2,2,2,2,2,2,2,2,2,2,2
2026-02-04 16:01:33,183270,183270,183270,183270,183271,183270,183270,183269,183269,183269,183269,183269,183269,183269,183269,183269,183269,183269,183269,183269,183269,183269,183457,183270,183269,183269,183271,183270,183270,183270,183270,183270,183270,183270,183270,183270,0,0,0,0,0,0,0,0,0,0,0,0,0,0,0,0,0,0,0,0,0,0,0,0,0,0,0,0,0,0,0,0,0,0,0,0,2,2,2,2,2,2,2,2,2,2,2,2,2,2,2,2,2,2,2,2,2,2,2,2,2,2,2,2,2,2,2,2,2,2,2,2
2026-02-04 16:01:34,183270,183270,183270,183270,183271,183270,183270,183270,183270,183270,183270,183270,183270,183270,183270,183270,183270,183270,183270,183270,183270,183269,183457,183270,183269,183269,183271,183270,183270,183270,183270,183270,183270,183270,183270,183270,0,0,0,0,0,0,0,0,0,0,0,0,0,0,0,0,0,0,0,0,0,0,0,0,0,0,0,0,0,0,0,0,0,0,0,0,2,2,2,2,2,2,2,2,2,2,2,2,2,2,2,2,2,2,2,2,2,2,2,2,2,2,2,2,2,2,2,2,2,2,2,2
2026-02-04 16:01:35,183270,183270,183270,183270,183271,183270,183270,183270,183270,183270,183270,183270,183270,183270,183270,183270,183270,183270,183270,183270,183270,183270,183458,183271,183270,183270,183272,183271,183271,183271,183271,183271,183271,183271,183271,183271,0,0,0,0,0,0,0,0,0,0,0,0,0,0,0,0,0,0,0,0,0,0,0,0,0,0,0,0,0,0,0,0,0,0,0,0,2,2,2,2,2,2,2,2,2,2,2,2,2,2,2,2,2,2,2,2,2,2,2,2,2,2,2,2,2,2,2,2,2,2,2,2
2026-02-04 16:01:36,183271,183271,183271,183271,183272,183271,183271,183271,183271,183271,183271,183271,183271,183271,183270,183270,183270,183270,183270,183270,183270,183270,183458,183271,183270,183270,183272,183271,183271,183271,183271,183271,183271,183271,183271,183271,0,0,0,0,0,0,0,0,0,0,0,0,0,0,0,0,0,0,0,0,0,0,0,0,0,0,0,0,0,0,0,0,0,0,0,0,2,2,2,2,2,2,2,2,2,2,2,2,2,2,2,2,2,2,2,2,2,2,2,2,2,2,2,2,2,2,2,2,2,2,2,2
2026-02-04 16:01:37,183271,183271,183271,183271,183272,183271,183271,183271,183271,183271,183271,183271,183271,183271,183271,183271,183271,183271,183271,183271,183271,183271,183459,183272,183271,183271,183273,183272,183272,183271,183271,183271,183271,183271,183271,183271,0,0,0,0,0,0,0,0,0,0,0,0,0,0,0,0,0,0,0,0,0,0,0,0,0,0,0,0,0,0,0,0,0,0,0,0,2,2,2,2,2,2,2,2,2,2,2,2,2,2,2,2,2,2,2,2,2,2,2,2,2,2,2,2,2,2,2,2,2,2,2,2
2026-02-04 16:01:38,183272,183272,183272,183272,183273,183272,183272,183271,183271,183271,183271,183271,183271,183271,183271,183271,183271,183271,183271,183271,183271,183271,183459,183272,183271,183271,183273,183272,183272,183272,183272,183272,183272,183272,183272,183272,0,0,0,0,0,0,0,0,0,0,0,0,0,0,0,0,0,0,0,0,0,0,0,0,0,0,0,0,0,0,0,0,0,0,0,0,2,2,2,2,2,2,2,2,2,2,2,2,2,2,2,2,2,2,2,2,2,2,2,2,2,2,2,2,2,2,2,2,2,2,2,2
2026-02-04 16:01:39,183272,183272,183272,183272,183273,183272,183272,183272,183272,183272,183272,183272,183272,183272,183272,183272,183272,183272,183272,183272,183272,183272,183459,183272,183271,183271,183273,183272,183272,183272,183272,183272,183272,183272,183272,183272,0,0,0,0,0,0,0,0,0,0,0,0,0,0,0,0,0,0,0,0,0,0,0,0,0,0,0,0,0,0,0,0,0,0,0,0,2,2,2,2,2,2,2,2,2,2,2,2,2,2,2,2,2,2,2,2,2,2,2,2,2,2,2,2,2,2,2,2,2,2,2,2
2026-02-04 16:01:40,183272,183272,183272,183272,183273,183272,183272,183272,183272,183272,183272,183272,183272,183272,183272,183272,183272,183272,183272,183272,183272,183272,183460,183273,183272,183272,183274,183273,183273,183273,183273,183273,183273,183273,183273,183273,0,0,0,0,0,0,0,0,0,0,0,0,0,0,0,0,0,0,0,0,0,0,0,0,0,0,0,0,0,0,0,0,0,0,0,0,2,2,2,2,2,2,2,2,2,2,2,2,2,2,2,2,2,2,2,2,2,2,2,2,2,2,2,2,2,2,2,2,2,2,2,2
2026-02-04 16:01:41,183273,183273,183273,183273,183274,183273,183273,183273,183273,183273,183273,183273,183273,183273,183272,183272,183272,183272,183272,183272,183272,183272,183460,183273,183272,183272,183274,183273,183273,183273,183273,183273,183273,183273,183273,183273,0,0,0,0,0,0,0,0,0,0,0,0,0,0,0,0,0,0,0,0,0,0,0,0,0,0,0,0,0,0,0,0,0,0,0,0,2,2,2,2,2,2,2,2,2,2,2,2,2,2,2,2,2,2,2,2,2,2,2,2,2,2,2,2,2,2,2,2,2,2,2,2
2026-02-04 16:01:42,183273,183273,183273,183273,183274,183273,183273,183273,183273,183273,183273,183273,183273,183273,183273,183273,183273,183273,183273,183273,183273,183273,183461,183274,183273,183273,183275,183274,183274,183273,183273,183273,183273,183273,183273,183273,0,0,0,0,0,0,0,0,0,0,0,0,0,0,0,0,0,0,0,0,0,0,0,0,0,0,0,0,0,0,0,0,0,0,0,0,2,2,2,2,2,2,2,2,2,2,2,2,2,2,2,2,2,2,2,2,2,2,2,2,2,2,2,2,2,2,2,2,2,2,2,2
2026-02-04 16:01:43,183274,183274,183274,183274,183275,183274,183274,183273,183273,183273,183273,183273,183273,183273,183273,183273,183273,183273,183273,183273,183273,183273,183461,183274,183273,183273,183275,183274,183274,183274,183274,183274,183274,183274,183274,183274,0,0,0,0,0,0,0,0,0,0,0,0,0,0,0,0,0,0,0,0,0,0,0,0,0,0,0,0,0,0,0,0,0,0,0,0,2,2,2,2,2,2,2,2,2,2,2,2,2,2,2,2,2,2,2,2,2,2,2,2,2,2,2,2,2,2,2,2,2,2,2,2
2026-02-04 16:01:44,183274,183274,183274,183274,183275,183274,183274,183274,183274,183274,183274,183274,183274,183274,183274,183274,183274,183274,183274,183274,183274,183274,183461,183274,183273,183273,183275,183274,183274,183274,183274,183274,183274,183274,183274,183274,0,0,0,0,0,0,0,0,0,0,0,0,0,0,0,0,0,0,0,0,0,0,0,0,0,0,0,0,0,0,0,0,0,0,0,0,2,2,2,2,2,2,2,2,2,2,2,2,2,2,2,2,2,2,2,2,2,2,2,2,2,2,2,2,2,2,2,2,2,2,2,2
2026-02-04 16:01:45,183274,183274,183274,183274,183275,183274,183274,183274,183274,183274,183274,183274,183274,183274,183274,183274,183274,183274,183274,183274,183274,183274,183462,183275,183274,183274,183276,183275,183275,183275,183275,183275,183275,183275,183275,183275,0,0,0,0,0,0,0,0,0,0,0,0,0,0,0,0,0,0,0,0,0,0,0,0,0,0,0,0,0,0,0,0,0,0,0,0,2,2,2,2,2,2,2,2,2,2,2,2,2,2,2,2,2,2,2,2,2,2,2,2,2,2,2,2,2,2,2,2,2,2,2,2
2026-02-04 16:01:46,183275,183275,183275,183275,183276,183275,183275,183275,183275,183275,183275,183275,183275,183275,183275,183274,183274,183274,183274,183274,183274,183274,183462,183275,183274,183274,183276,183275,183275,183275,183275,183275,183275,183275,183275,183275,0,0,0,0,0,0,0,0,0,0,0,0,0,0,0,0,0,0,0,0,0,0,0,0,0,0,0,0,0,0,0,0,0,0,0,0,2,2,2,2,2,2,2,2,2,2,2,2,2,2,2,2,2,2,2,2,2,2,2,2,2,2,2,2,2,2,2,2,2,2,2,2
2026-02-04 16:01:47,183275,183275,183275,183275,183276,183275,183275,183275,183275,183275,183275,183275,183275,183275,183275,183275,183275,183275,183275,183275,183275,183275,183463,183276,183275,183275,183277,183276,183276,183275,183275,183275,183275,183275,183275,183275,0,0,0,0,0,0,0,0,0,0,0,0,0,0,0,0,0,0,0,0,0,0,0,0,0,0,0,0,0,0,0,0,0,0,0,0,2,2,2,2,2,2,2,2,2,2,2,2,2,2,2,2,2,2,2,2,2,2,2,2,2,2,2,2,2,2,2,2,2,2,2,2
2026-02-04 16:01:48,183276,183276,183276,183276,183277,183276,183276,183276,183275,183275,183275,183275,183275,183275,183275,183275,183275,183275,183275,183275,183275,183275,183463,183276,183275,183275,183277,183276,183276,183276,183276,183276,183276,183276,183276,183276,0,0,0,0,0,0,0,0,0,0,0,0,0,0,0,0,0,0,0,0,0,0,0,0,0,0,0,0,0,0,0,0,0,0,0,0,2,2,2,2,2,2,2,2,2,2,2,2,2,2,2,2,2,2,2,2,2,2,2,2,2,2,2,2,2,2,2,2,2,2,2,2
2026-02-04 16:01:49,183276,183276,183276,183276,183277,183276,183276,183276,183276,183276,183276,183276,183276,183276,183276,183276,183276,183276,183276,183276,183276,183276,183463,183276,183275,183275,183277,183276,183276,183276,183276,183276,183276,183276,183276,183276,0,0,0,0,0,0,0,0,0,0,0,0,0,0,0,0,0,0,0,0,0,0,0,0,0,0,0,0,0,0,0,0,0,0,0,0,2,2,2,2,2,2,2,2,2,2,2,2,2,2,2,2,2,2,2,2,2,2,2,2,2,2,2,2,2,2,2,2,2,2,2,2
2026-02-04 16:01:50,183277,183276,183276,183276,183277,183276,183276,183276,183276,183276,183276,183276,183276,183276,183276,183276,183276,183276,183276,183276,183276,183276,183464,183277,183276,183276,183278,183277,183277,183277,183277,183277,183277,183277,183277,183277,0,0,0,0,0,0,0,0,0,0,0,0,0,0,0,0,0,0,0,0,0,0,0,0,0,0,0,0,0,0,0,0,0,0,0,0,2,2,2,2,2,2,2,2,2,2,2,2,2,2,2,2,2,2,2,2,2,2,2,2,2,2,2,2,2,2,2,2,2,2,2,2
2026-02-04 16:01:51,183277,183277,183277,183277,183278,183277,183277,183277,183277,183277,183277,183277,183277,183277,183277,183276,183276,183276,183276,183276,183276,183276,183464,183277,183276,183276,183278,183277,183277,183277,183277,183277,183277,183277,183277,183277,0,0,0,0,0,0,0,0,0,0,0,0,0,0,0,0,0,0,0,0,0,0,0,0,0,0,0,0,0,0,0,0,0,0,0,0,2,2,2,2,2,2,2,2,2,2,2,2,2,2,2,2,2,2,2,2,2,2,2,2,2,2,2,2,2,2,2,2,2,2,2,2
2026-02-04 16:01:52,183277,183277,183277,183277,183278,183277,183277,183277,183277,183277,183277,183277,183277,183277,183277,183277,183277,183277,183277,183277,183277,183277,183465,183278,183277,183277,183279,183278,183278,183277,183277,183277,183277,183277,183277,183277,0,0,0,0,0,0,0,0,0,0,0,0,0,0,0,0,0,0,0,0,0,0,0,0,0,0,0,0,0,0,0,0,0,0,0,0,2,2,2,2,2,2,2,2,2,2,2,2,2,2,2,2,2,2,2,2,2,2,2,2,2,2,2,2,2,2,2,2,2,2,2,2
2026-02-04 16:01:53,183278,183278,183278,183278,183279,183278,183278,183278,183277,183277,183277,183277,183277,183277,183277,183277,183277,183277,183277,183277,183277,183277,183465,183278,183277,183277,183279,183278,183278,183278,183278,183278,183278,183278,183278,183278,0,0,0,0,0,0,0,0,0,0,0,0,0,0,0,0,0,0,0,0,0,0,0,0,0,0,0,0,0,0,0,0,0,0,0,0,2,2,2,2,2,2,2,2,2,2,2,2,2,2,2,2,2,2,2,2,2,2,2,2,2,2,2,2,2,2,2,2,2,2,2,2
2026-02-04 16:01:54,183278,183278,183278,183278,183279,183278,183278,183278,183278,183278,183278,183278,183278,183278,183278,183278,183278,183278,183278,183278,183278,183278,183465,183278,183277,183277,183279,183278,183278,183278,183278,183278,183278,183278,183278,183278,0,0,0,0,0,0,0,0,0,0,0,0,0,0,0,0,0,0,0,0,0,0,0,0,0,0,0,0,0,0,0,0,0,0,0,0,2,2,2,2,2,2,2,2,2,2,2,2,2,2,2,2,2,2,2,2,2,2,2,2,2,2,2,2,2,2,2,2,2,2,2,2
2026-02-04 16:01:55,183279,183278,183278,183278,183279,183278,183278,183278,183278,183278,183278,183278,183278,183278,183278,183278,183278,183278,183278,183278,183278,183278,183466,183279,183278,183278,183280,183279,183279,183279,183279,183279,183279,183279,183279,183279,0,0,0,0,0,0,0,0,0,0,0,0,0,0,0,0,0,0,0,0,0,0,0,0,0,0,0,0,0,0,0,0,0,0,0,0,2,2,2,2,2,2,2,2,2,2,2,2,2,2,2,2,2,2,2,2,2,2,2,2,2,2,2,2,2,2,2,2,2,2,2,2
2026-02-04 16:01:56,183279,183279,183279,183279,183280,183279,183279,183279,183279,183279,183279,183279,183279,183279,183279,183278,183278,183278,183278,183278,183278,183278,183466,183279,183278,183278,183280,183279,183279,183279,183279,183279,183279,183279,183279,183279,0,0,0,0,0,0,0,0,0,0,0,0,0,0,0,0,0,0,0,0,0,0,0,0,0,0,0,0,0,0,0,0,0,0,0,0,2,2,2,2,2,2,2,2,2,2,2,2,2,2,2,2,2,2,2,2,2,2,2,2,2,2,2,2,2,2,2,2,2,2,2,2
2026-02-04 16:01:57,183279,183279,183279,183279,183280,183279,183279,183279,183279,183279,183279,183279,183279,183279,183279,183279,183279,183279,183279,183279,183279,183279,183467,183280,183279,183279,183281,183280,183280,183280,183279,183279,183279,183279,183279,183279,0,0,0,0,0,0,0,0,0,0,0,0,0,0,0,0,0,0,0,0,0,0,0,0,0,0,0,0,0,0,0,0,0,0,0,0,2,2,2,2,2,2,2,2,2,2,2,2,2,2,2,2,2,2,2,2,2,2,2,2,2,2,2,2,2,2,2,2,2,2,2,2
2026-02-04 16:01:58,183280,183280,183280,183280,183281,183280,183280,183280,183279,183279,183279,183279,183279,183279,183279,183279,183279,183279,183279,183279,183279,183279,183467,183280,183279,183279,183281,183280,183280,183280,183280,183280,183280,183280,183280,183280,0,0,0,0,0,0,0,0,0,0,0,0,0,0,0,0,0,0,0,0,0,0,0,0,0,0,0,0,0,0,0,0,0,0,0,0,2,2,2,2,2,2,2,2,2,2,2,2,2,2,2,2,2,2,2,2,2,2,2,2,2,2,2,2,2,2,2,2,2,2,2,2
2026-02-04 16:01:59,183280,183280,183280,183280,183281,183280,183280,183280,183280,183280,183280,183280,183280,183280,183280,183280,183280,183280,183280,183280,183280,183280,183468,183280,183279,183279,183281,183280,183280,183280,183280,183280,183280,183280,183280,183280,0,0,0,0,0,0,0,0,0,0,0,0,0,0,0,0,0,0,0,0,0,0,0,0,0,0,0,0,0,0,0,0,0,0,0,0,2,2,2,2,2,2,2,2,2,2,2,2,2,2,2,2,2,2,2,2,2,2,2,2,2,2,2,2,2,2,2,2,2,2,2,2
2026-02-04 16:02:00,183281,183280,183280,183280,183281,183280,183280,183280,183280,183280,183280,183280,183280,183280,183280,183280,183280,183280,183280,183280,183280,183280,183468,183281,183280,183280,183282,183281,183281,183281,183281,183281,183281,183281,183281,183281,0,0,0,0,0,0,0,0,0,0,0,0,0,0,0,0,0,0,0,0,0,0,0,0,0,0,0,0,0,0,0,0,0,0,0,0,2,2,2,2,2,2,2,2,2,2,2,2,2,2,2,2,2,2,2,2,2,2,2,2,2,2,2,2,2,2,2,2,2,2,2,2
2026-02-04 16:02:01,183281,183281,183281,183281,183282,183281,183281,183281,183281,183281,183281,183281,183281,183281,183281,183280,183280,183280,183280,183280,183280,183280,183468,183281,183280,183280,183282,183281,183281,183281,183281,183281,183281,183281,183281,183281,0,0,0,0,0,0,0,0,0,0,0,0,0,0,0,0,0,0,0,0,0,0,0,0,0,0,0,0,0,0,0,0,0,0,0,0,2,2,2,2,2,2,2,2,2,2,2,2,2,2,2,2,2,2,2,2,2,2,2,2,2,2,2,2,2,2,2,2,2,2,2,2
2026-02-04 16:02:02,183281,183281,183281,183281,183282,183281,183281,183281,183281,183281,183281,183281,183281,183281,183281,183281,183281,183281,183281,183281,183281,183281,183469,183282,183281,183281,183283,183282,183282,183282,183281,183281,183281,183281,183281,183281,0,0,0,0,0,0,0,0,0,0,0,0,0,0,0,0,0,0,0,0,0,0,0,0,0,0,0,0,0,0,0,0,0,0,0,0,2,2,2,2,2,2,2,2,2,2,2,2,2,2,2,2,2,2,2,2,2,2,2,2,2,2,2,2,2,2,2,2,2,2,2,2
2026-02-04 16:02:03,183282,183282,183282,183282,183283,183282,183282,183282,183281,183281,183281,183281,183281,183281,183281,183281,183281,183281,183281,183281,183281,183281,183469,183282,183281,183281,183283,183282,183282,183282,183282,183282,183282,183282,183282,183282,0,0,0,0,0,0,0,0,0,0,0,0,0,0,0,0,0,0,0,0,0,0,0,0,0,0,0,0,0,0,0,0,0,0,0,0,2,2,2,2,2,2,2,2,2,2,2,2,2,2,2,2,2,2,2,2,2,2,2,2,2,2,2,2,2,2,2,2,2,2,2,2
2026-02-04 16:02:04,183282,183282,183282,183282,183283,183282,183282,183282,183282,183282,183282,183282,183282,183282,183282,183282,183282,183282,183282,183282,183282,183282,183470,183282,183281,183281,183283,183282,183282,183282,183282,183282,183282,183282,183282,183282,0,0,0,0,0,0,0,0,0,0,0,0,0,0,0,0,0,0,0,0,0,0,0,0,0,0,0,0,0,0,0,0,0,0,0,0,2,2,2,2,2,2,2,2,2,2,2,2,2,2,2,2,2,2,2,2,2,2,2,2,2,2,2,2,2,2,2,2,2,2,2,2
2026-02-04 16:02:05,183283,183282,183282,183282,183283,183282,183282,183282,183282,183282,183282,183282,183282,183282,183282,183282,183282,183282,183282,183282,183282,183282,183470,183283,183282,183282,183284,183283,183283,183283,183283,183283,183283,183283,183283,183283,0,0,0,0,0,0,0,0,0,0,0,0,0,0,0,0,0,0,0,0,0,0,0,0,0,0,0,0,0,0,0,0,0,0,0,0,2,2,2,2,2,2,2,2,2,2,2,2,2,2,2,2,2,2,2,2,2,2,2,2,2,2,2,2,2,2,2,2,2,2,2,2
2026-02-04 16:02:06,183283,183283,183283,183283,183284,183283,183283,183283,183283,183283,183283,183283,183283,183283,183283,183283,183282,183282,183282,183282,183282,183282,183470,183283,183282,183282,183284,183283,183283,183283,183283,183283,183283,183283,183283,183283,0,0,0,0,0,0,0,0,0,0,0,0,0,0,0,0,0,0,0,0,0,0,0,0,0,0,0,0,0,0,0,0,0,0,0,0,2,2,2,2,2,2,2,2,2,2,2,2,2,2,2,2,2,2,2,2,2,2,2,2,2,2,2,2,2,2,2,2,2,2,2,2
2026-02-04 16:02:07,183283,183283,183283,183283,183284,183283,183283,183283,183283,183283,183283,183283,183283,183283,183283,183283,183283,183283,183283,183283,183283,183283,183471,183284,183283,183283,183285,183284,183284,183284,183283,183283,183283,183283,183283,183283,0,0,0,0,0,0,0,0,0,0,0,0,0,0,0,0,0,0,0,0,0,0,0,0,0,0,0,0,0,0,0,0,0,0,0,0,2,2,2,2,2,2,2,2,2,2,2,2,2,2,2,2,2,2,2,2,2,2,2,2,2,2,2,2,2,2,2,2,2,2,2,2
2026-02-04 16:02:08,183284,183284,183284,183284,183285,183284,183284,183284,183284,183283,183283,183283,183283,183283,183283,183283,183283,183283,183283,183283,183283,183283,183471,183284,183283,183283,183285,183284,183284,183284,183284,183284,183284,183284,183284,183284,0,0,0,0,0,0,0,0,0,0,0,0,0,0,0,0,0,0,0,0,0,0,0,0,0,0,0,0,0,0,0,0,0,0,0,0,2,2,2,2,2,2,2,2,2,2,2,2,2,2,2,2,2,2,2,2,2,2,2,2,2,2,2,2,2,2,2,2,2,2,2,2
2026-02-04 16:02:09,183284,183284,183284,183284,183285,183284,183284,183284,183284,183284,183284,183284,183284,183284,183284,183284,183284,183284,183284,183284,183284,183284,183472,183284,183283,183283,183285,183284,183284,183284,183284,183284,183284,183284,183284,183284,0,0,0,0,0,0,0,0,0,0,0,0,0,0,0,0,0,0,0,0,0,0,0,0,0,0,0,0,0,0,0,0,0,0,0,0,2,2,2,2,2,2,2,2,2,2,2,2,2,2,2,2,2,2,2,2,2,2,2,2,2,2,2,2,2,2,2,2,2,2,2,2
2026-02-04 16:02:10,183285,183285,183284,183284,183285,183284,183284,183284,183284,183284,183284,183284,183284,183284,183284,183284,183284,183284,183284,183284,183284,183284,183472,183285,183284,183284,183286,183285,183285,183285,183285,183285,183285,183285,183285,183285,0,0,0,0,0,0,0,0,0,0,0,0,0,0,0,0,0,0,0,0,0,0,0,0,0,0,0,0,0,0,0,0,0,0,0,0,2,2,2,2,2,2,2,2,2,2,2,2,2,2,2,2,2,2,2,2,2,2,2,2,2,2,2,2,2,2,2,2,2,2,2,2
2026-02-04 16:02:11,183285,183285,183285,183285,183286,183285,183285,183285,183285,183285,183285,183285,183285,183285,183285,183285,183284,183284,183284,183284,183284,183284,183472,183285,183284,183284,183286,183285,183285,183285,183285,183285,183285,183285,183285,183285,0,0,0,0,0,0,0,0,0,0,0,0,0,0,0,0,0,0,0,0,0,0,0,0,0,0,0,0,0,0,0,0,0,0,0,0,2,2,2,2,2,2,2,2,2,2,2,2,2,2,2,2,2,2,2,2,2,2,2,2,2,2,2,2,2,2,2,2,2,2,2,2
2026-02-04 16:02:12,183285,183285,183285,183285,183286,183285,183285,183285,183285,183285,183285,183285,183285,183285,183285,183285,183285,183285,183285,183285,183285,183285,183473,183286,183285,183285,183287,183286,183286,183286,183285,183285,183285,183285,183285,183285,0,0,0,0,0,0,0,0,0,0,0,0,0,0,0,0,0,0,0,0,0,0,0,0,0,0,0,0,0,0,0,0,0,0,0,0,2,2,2,2,2,2,2,2,2,2,2,2,2,2,2,2,2,2,2,2,2,2,2,2,2,2,2,2,2,2,2,2,2,2,2,2
2026-02-04 16:02:13,183286,183286,183286,183286,183287,183286,183286,183286,183286,183285,183285,183285,183285,183285,183285,183285,183285,183285,183285,183285,183285,183285,183473,183286,183285,183285,183287,183286,183286,183286,183286,183286,183286,183286,183286,183286,0,0,0,0,0,0,0,0,0,0,0,0,0,0,0,0,0,0,0,0,0,0,0,0,0,0,0,0,0,0,0,0,0,0,0,0,2,2,2,2,2,2,2,2,2,2,2,2,2,2,2,2,2,2,2,2,2,2,2,2,2,2,2,2,2,2,2,2,2,2,2,2
2026-02-04 16:02:14,183286,183286,183286,183286,183287,183286,183286,183286,183286,183286,183286,183286,183286,183286,183286,183286,183286,183286,183286,183286,183286,183286,183474,183286,183285,183285,183287,183286,183286,183286,183286,183286,183286,183286,183286,183286,0,0,0,0,0,0,0,0,0,0,0,0,0,0,0,0,0,0,0,0,0,0,0,0,0,0,0,0,0,0,0,0,0,0,0,0,2,2,2,2,2,2,2,2,2,2,2,2,2,2,2,2,2,2,2,2,2,2,2,2,2,2,2,2,2,2,2,2,2,2,2,2
2026-02-04 16:02:15,183287,183287,183286,183286,183287,183286,183286,183286,183286,183286,183286,183286,183286,183286,183286,183286,183286,183286,183286,183286,183286,183286,183474,183287,183286,183286,183288,183287,183287,183287,183287,183287,183287,183287,183287,183287,0,0,0,0,0,0,0,0,0,0,0,0,0,0,0,0,0,0,0,0,0,0,0,0,0,0,0,0,0,0,0,0,0,0,0,0,2,2,2,2,2,2,2,2,2,2,2,2,2,2,2,2,2,2,2,2,2,2,2,2,2,2,2,2,2,2,2,2,2,2,2,2
2026-02-04 16:02:16,183287,183287,183287,183287,183288,183287,183287,183287,183287,183287,183287,183287,183287,183287,183287,183287,183286,183286,183286,183286,183286,183286,183474,183287,183286,183286,183288,183287,183287,183287,183287,183287,183287,183287,183287,183287,0,0,0,0,0,0,0,0,0,0,0,0,0,0,0,0,0,0,0,0,0,0,0,0,0,0,0,0,0,0,0,0,0,0,0,0,2,2,2,2,2,2,2,2,2,2,2,2,2,2,2,2,2,2,2,2,2,2,2,2,2,2,2,2,2,2,2,2,2,2,2,2
2026-02-04 16:02:17,183287,183287,183287,183287,183288,183287,183287,183287,183287,183287,183287,183287,183287,183287,183287,183287,183287,183287,183287,183287,183287,183287,183475,183288,183287,183287,183289,183288,183288,183288,183288,183287,183287,183287,183287,183287,0,0,0,0,0,0,0,0,0,0,0,0,0,0,0,0,0,0,0,0,0,0,0,0,0,0,0,0,0,0,0,0,0,0,0,0,2,2,2,2,2,2,2,2,2,2,2,2,2,2,2,2,2,2,2,2,2,2,2,2,2,2,2,2,2,2,2,2,2,2,2,2
2026-02-04 16:02:18,183288,183288,183288,183288,183289,183288,183288,183288,183288,183287,183287,183287,183287,183287,183287,183287,183287,183287,183287,183287,183287,183287,183475,183288,183287,183287,183289,183288,183288,183288,183288,183288,183288,183288,183288,183288,0,0,0,0,0,0,0,0,0,0,0,0,0,0,0,0,0,0,0,0,0,0,0,0,0,0,0,0,0,0,0,0,0,0,0,0,2,2,2,2,2,2,2,2,2,2,2,2,2,2,2,2,2,2,2,2,2,2,2,2,2,2,2,2,2,2,2,2,2,2,2,2
2026-02-04 16:02:19,183288,183288,183288,183288,183289,183288,183288,183288,183288,183288,183288,183288,183288,183288,183288,183288,183288,183288,183288,183288,183288,183288,183476,183289,183287,183287,183289,183288,183288,183288,183288,183288,183288,183288,183288,183288,0,0,0,0,0,0,0,0,0,0,0,0,0,0,0,0,0,0,0,0,0,0,0,0,0,0,0,0,0,0,0,0,0,0,0,0,2,2,2,2,2,2,2,2,2,2,2,2,2,2,2,2,2,2,2,2,2,2,2,2,2,2,2,2,2,2,2,2,2,2,2,2
2026-02-04 16:02:20,183289,183289,183288,183288,183289,183288,183288,183288,183288,183288,183288,183288,183288,183288,183288,183288,183288,183288,183288,183288,183288,183288,183476,183289,183288,183288,183290,183289,183289,183289,183289,183289,183289,183289,183289,183289,0,0,0,0,0,0,0,0,0,0,0,0,0,0,0,0,0,0,0,0,0,0,0,0,0,0,0,0,0,0,0,0,0,0,0,0,2,2,2,2,2,2,2,2,2,2,2,2,2,2,2,2,2,2,2,2,2,2,2,2,2,2,2,2,2,2,2,2,2,2,2,2
2026-02-04 16:02:21,183289,183289,183289,183289,183290,183289,183289,183289,183289,183289,183289,183289,183289,183289,183289,183289,183288,183288,183288,183288,183288,183288,183476,183289,183288,183288,183290,183289,183289,183289,183289,183289,183289,183289,183289,183289,0,0,0,0,0,0,0,0,0,0,0,0,0,0,0,0,0,0,0,0,0,0,0,0,0,0,0,0,0,0,0,0,0,0,0,0,2,2,2,2,2,2,2,2,2,2,2,2,2,2,2,2,2,2,2,2,2,2,2,2,2,2,2,2,2,2,2,2,2,2,2,2
2026-02-04 16:02:22,183289,183289,183289,183289,183290,183289,183289,183289,183289,183289,183289,183289,183289,183289,183289,183289,183289,183289,183289,183289,183289,183289,183477,183290,183289,183289,183291,183290,183290,183290,183290,183289,183289,183289,183289,183289,0,0,0,0,0,0,0,0,0,0,0,0,0,0,0,0,0,0,0,0,0,0,0,0,0,0,0,0,0,0,0,0,0,0,0,0,2,2,2,2,2,2,2,2,2,2,2,2,2,2,2,2,2,2,2,2,2,2,2,2,2,2,2,2,2,2,2,2,2,2,2,2
2026-02-04 16:02:23,183290,183290,183290,183290,183291,183290,183290,183290,183290,183289,183289,183289,183289,183289,183289,183289,183289,183289,183289,183289,183289,183289,183477,183290,183289,183289,183291,183290,183290,183290,183290,183290,183290,183290,183290,183290,0,0,0,0,0,0,0,0,0,0,0,0,0,0,0,0,0,0,0,0,0,0,0,0,0,0,0,0,0,0,0,0,0,0,0,0,2,2,2,2,2,2,2,2,2,2,2,2,2,2,2,2,2,2,2,2,2,2,2,2,2,2,2,2,2,2,2,2,2,2,2,2
2026-02-04 16:02:24,183290,183290,183290,183290,183291,183290,183290,183290,183290,183290,183290,183290,183290,183290,183290,183290,183290,183290,183290,183290,183290,183290,183478,183291,183289,183289,183291,183290,183290,183290,183290,183290,183290,183290,183290,183290,0,0,0,0,0,0,0,0,0,0,0,0,0,0,0,0,0,0,0,0,0,0,0,0,0,0,0,0,0,0,0,0,0,0,0,0,2,2,2,2,2,2,2,2,2,2,2,2,2,2,2,2,2,2,2,2,2,2,2,2,2,2,2,2,2,2,2,2,2,2,2,2
2026-02-04 16:02:25,183291,183291,183290,183290,183291,183290,183290,183290,183290,183290,183290,183290,183290,183290,183290,183290,183290,183290,183290,183290,183290,183290,183478,183291,183290,183290,183292,183291,183291,183291,183291,183291,183291,183291,183291,183291,0,0,0,0,0,0,0,0,0,0,0,0,0,0,0,0,0,0,0,0,0,0,0,0,0,0,0,0,0,0,0,0,0,0,0,0,2,2,2,2,2,2,2,2,2,2,2,2,2,2,2,2,2,2,2,2,2,2,2,2,2,2,2,2,2,2,2,2,2,2,2,2
2026-02-04 16:02:26,183291,183291,183291,183291,183292,183291,183291,183291,183291,183291,183291,183291,183291,183291,183291,183291,183291,183290,183290,183290,183290,183290,183478,183291,183290,183290,183292,183291,183291,183291,183291,183291,183291,183291,183291,183291,0,0,0,0,0,0,0,0,0,0,0,0,0,0,0,0,0,0,0,0,0,0,0,0,0,0,0,0,0,0,0,0,0,0,0,0,2,2,2,2,2,2,2,2,2,2,2,2,2,2,2,2,2,2,2,2,2,2,2,2,2,2,2,2,2,2,2,2,2,2,2,2
2026-02-04 16:02:27,183291,183291,183291,183291,183292,183291,183291,183291,183291,183291,183291,183291,183291,183291,183291,183291,183291,183291,183291,183291,183291,183291,183479,183292,183291,183291,183293,183292,183292,183292,183292,183291,183291,183291,183291,183291,0,0,0,0,0,0,0,0,0,0,0,0,0,0,0,0,0,0,0,0,0,0,0,0,0,0,0,0,0,0,0,0,0,0,0,0,2,2,2,2,2,2,2,2,2,2,2,2,2,2,2,2,2,2,2,2,2,2,2,2,2,2,2,2,2,2,2,2,2,2,2,2
2026-02-04 16:02:28,183292,183292,183292,183292,183293,183292,183292,183292,183292,183292,183291,183291,183291,183291,183291,183291,183291,183291,183291,183291,183291,183291,183479,183292,183291,183291,183293,183292,183292,183292,183292,183292,183292,183292,183292,183292,0,0,0,0,0,0,0,0,0,0,0,0,0,0,0,0,0,0,0,0,0,0,0,0,0,0,0,0,0,0,0,0,0,0,0,0,2,2,2,2,2,2,2,2,2,2,2,2,2,2,2,2,2,2,2,2,2,2,2,2,2,2,2,2,2,2,2,2,2,2,2,2
2026-02-04 16:02:29,183292,183292,183292,183292,183293,183292,183292,183292,183292,183292,183292,183292,183292,183292,183292,183292,183292,183292,183292,183292,183292,183292,183480,183293,183291,183291,183293,183292,183292,183292,183292,183292,183292,183292,183292,183292,0,0,0,0,0,0,0,0,0,0,0,0,0,0,0,0,0,0,0,0,0,0,0,0,0,0,0,0,0,0,0,0,0,0,0,0,2,2,2,2,2,2,2,2,2,2,2,2,2,2,2,2,2,2,2,2,2,2,2,2,2,2,2,2,2,2,2,2,2,2,2,2
2026-02-04 16:02:30,183293,183293,183293,183292,183293,183292,183292,183292,183292,183292,183292,183292,183292,183292,183292,183292,183292,183292,183292,183292,183292,183292,183480,183293,183292,183292,183294,183293,183293,183293,183293,183293,183293,183293,183293,183293,0,0,0,0,0,0,0,0,0,0,0,0,0,0,0,0,0,0,0,0,0,0,0,0,0,0,0,0,0,0,0,0,0,0,0,0,2,2,2,2,2,2,2,2,2,2,2,2,2,2,2,2,2,2,2,2,2,2,2,2,2,2,2,2,2,2,2,2,2,2,2,2
2026-02-04 16:02:31,183293,183293,183293,183293,183294,183293,183293,183293,183293,183293,183293,183293,183293,183293,183293,183293,183293,183292,183292,183292,183292,183292,183480,183293,183292,183292,183294,183293,183293,183293,183293,183293,183293,183293,183293,183293,0,0,0,0,0,0,0,0,0,0,0,0,0,0,0,0,0,0,0,0,0,0,0,0,0,0,0,0,0,0,0,0,0,0,0,0,2,2,2,2,2,2,2,2,2,2,2,2,2,2,2,2,2,2,2,2,2,2,2,2,2,2,2,2,2,2,2,2,2,2,2,2
2026-02-04 16:02:32,183293,183293,183293,183293,183294,183293,183293,183293,183293,183293,183293,183293,183293,183293,183293,183293,183293,183293,183293,183293,183293,183293,183481,183294,183293,183293,183295,183294,183294,183294,183294,183293,183293,183293,183293,183293,0,0,0,0,0,0,0,0,0,0,0,0,0,0,0,0,0,0,0,0,0,0,0,0,0,0,0,0,0,0,0,0,0,0,0,0,2,2,2,2,2,2,2,2,2,2,2,2,2,2,2,2,2,2,2,2,2,2,2,2,2,2,2,2,2,2,2,2,2,2,2,2
2026-02-04 16:02:33,183294,183294,183294,183294,183295,183294,183294,183294,183294,183294,183293,183293,183293,183293,183293,183293,183293,183293,183293,183293,183293,183293,183481,183294,183293,183293,183295,183294,183294,183294,183294,183294,183294,183294,183294,183294,0,0,0,0,0,0,0,0,0,0,0,0,0,0,0,0,0,0,0,0,0,0,0,0,0,0,0,0,0,0,0,0,0,0,0,0,2,2,2,2,2,2,2,2,2,2,2,2,2,2,2,2,2,2,2,2,2,2,2,2,2,2,2,2,2,2,2,2,2,2,2,2
2026-02-04 16:02:34,183294,183294,183294,183294,183295,183294,183294,183294,183294,183294,183294,183294,183294,183294,183294,183294,183294,183294,183294,183294,183294,183294,183482,183295,183293,183293,183295,183294,183294,183294,183294,183294,183294,183294,183294,183294,0,0,0,0,0,0,0,0,0,0,0,0,0,0,0,0,0,0,0,0,0,0,0,0,0,0,0,0,0,0,0,0,0,0,0,0,2,2,2,2,2,2,2,2,2,2,2,2,2,2,2,2,2,2,2,2,2,2,2,2,2,2,2,2,2,2,2,2,2,2,2,2
2026-02-04 16:02:35,183295,183295,183295,183294,183295,183294,183294,183294,183294,183294,183294,183294,183294,183294,183294,183294,183294,183294,183294,183294,183294,183294,183482,183295,183294,183294,183296,183295,183295,183295,183295,183295,183295,183295,183295,183295,0,0,0,0,0,0,0,0,0,0,0,0,0,0,0,0,0,0,0,0,0,0,0,0,0,0,0,0,0,0,0,0,0,0,0,0,2,2,2,2,2,2,2,2,2,2,2,2,2,2,2,2,2,2,2,2,2,2,2,2,2,2,2,2,2,2,2,2,2,2,2,2
2026-02-04 16:02:36,183295,183295,183295,183295,183296,183295,183295,183295,183295,183295,183295,183295,183295,183295,183295,183295,183295,183294,183294,183294,183294,183294,183482,183295,183294,183294,183296,183295,183295,183295,183295,183295,183295,183295,183295,183295,0,0,0,0,0,0,0,0,0,0,0,0,0,0,0,0,0,0,0,0,0,0,0,0,0,0,0,0,0,0,0,0,0,0,0,0,2,2,2,2,2,2,2,2,2,2,2,2,2,2,2,2,2,2,2,2,2,2,2,2,2,2,2,2,2,2,2,2,2,2,2,2
2026-02-04 16:02:37,183295,183295,183295,183295,183296,183295,183295,183295,183295,183295,183295,183295,183295,183295,183295,183295,183295,183295,183295,183295,183295,183295,183483,183296,183295,183295,183297,183296,183296,183296,183296,183296,183295,183295,183295,183295,0,0,0,0,0,0,0,0,0,0,0,0,0,0,0,0,0,0,0,0,0,0,0,0,0,0,0,0,0,0,0,0,0,0,0,0,2,2,2,2,2,2,2,2,2,2,2,2,2,2,2,2,2,2,2,2,2,2,2,2,2,2,2,2,2,2,2,2,2,2,2,2
2026-02-04 16:02:38,183296,183296,183296,183296,183297,183296,183296,183296,183296,183296,183295,183295,183295,183295,183295,183295,183295,183295,183295,183295,183295,183295,183483,183296,183295,183295,183297,183296,183296,183296,183296,183296,183296,183296,183296,183296,0,0,0,0,0,0,0,0,0,0,0,0,0,0,0,0,0,0,0,0,0,0,0,0,0,0,0,0,0,0,0,0,0,0,0,0,2,2,2,2,2,2,2,2,2,2,2,2,2,2,2,2,2,2,2,2,2,2,2,2,2,2,2,2,2,2,2,2,2,2,2,2
2026-02-04 16:02:39,183296,183296,183296,183296,183297,183296,183296,183296,183296,183296,183296,183296,183296,183296,183296,183296,183296,183296,183296,183296,183296,183296,183484,183297,183296,183295,183297,183296,183296,183296,183296,183296,183296,183296,183296,183296,0,0,0,0,0,0,0,0,0,0,0,0,0,0,0,0,0,0,0,0,0,0,0,0,0,0,0,0,0,0,0,0,0,0,0,0,2,2,2,2,2,2,2,2,2,2,2,2,2,2,2,2,2,2,2,2,2,2,2,2,2,2,2,2,2,2,2,2,2,2,2,2
2026-02-04 16:02:40,183297,183297,183297,183296,183297,183296,183296,183296,183296,183296,183296,183296,183296,183296,183296,183296,183296,183296,183296,183296,183296,183296,183484,183297,183296,183296,183298,183297,183297,183297,183297,183297,183297,183297,183297,183297,0,0,0,0,0,0,0,0,0,0,0,0,0,0,0,0,0,0,0,0,0,0,0,0,0,0,0,0,0,0,0,0,0,0,0,0,2,2,2,2,2,2,2,2,2,2,2,2,2,2,2,2,2,2,2,2,2,2,2,2,2,2,2,2,2,2,2,2,2,2,2,2
2026-02-04 16:02:41,183297,183297,183297,183297,183298,183297,183297,183297,183297,183297,183297,183297,183297,183297,183297,183297,183297,183297,183296,183296,183296,183296,183484,183297,183296,183296,183298,183297,183297,183297,183297,183297,183297,183297,183297,183297,0,0,0,0,0,0,0,0,0,0,0,0,0,0,0,0,0,0,0,0,0,0,0,0,0,0,0,0,0,0,0,0,0,0,0,0,2,2,2,2,2,2,2,2,2,2,2,2,2,2,2,2,2,2,2,2,2,2,2,2,2,2,2,2,2,2,2,2,2,2,2,2
2026-02-04 16:02:42,183297,183297,183297,183297,183298,183297,183297,183297,183297,183297,183297,183297,183297,183297,183297,183297,183297,183297,183297,183297,183297,183297,183485,183298,183297,183297,183299,183298,183298,183298,183298,183298,183297,183297,183297,183297,0,0,0,0,0,0,0,0,0,0,0,0,0,0,0,0,0,0,0,0,0,0,0,0,0,0,0,0,0,0,0,0,0,0,0,0,2,2,2,2,2,2,2,2,2,2,2,2,2,2,2,2,2,2,2,2,2,2,2,2,2,2,2,2,2,2,2,2,2,2,2,2
2026-02-04 16:02:43,183298,183298,183298,183298,183299,183298,183298,183298,183298,183298,183297,183297,183297,183297,183297,183297,183297,183297,183297,183297,183297,183297,183485,183298,183297,183297,183299,183298,183298,183298,183298,183298,183298,183298,183298,183298,0,0,0,0,0,0,0,0,0,0,0,0,0,0,0,0,0,0,0,0,0,0,0,0,0,0,0,0,0,0,0,0,0,0,0,0,2,2,2,2,2,2,2,2,2,2,2,2,2,2,2,2,2,2,2,2,2,2,2,2,2,2,2,2,2,2,2,2,2,2,2,2
2026-02-04 16:02:44,183298,183298,183298,183298,183299,183298,183298,183298,183298,183298,183298,183298,183298,183298,183298,183298,183298,183298,183298,183298,183298,183298,183486,183299,183298,183297,183299,183298,183298,183298,183298,183298,183298,183298,183298,183298,0,0,0,0,0,0,0,0,0,0,0,0,0,0,0,0,0,0,0,0,0,0,0,0,0,0,0,0,0,0,0,0,0,0,0,0,2,2,2,2,2,2,2,2,2,2,2,2,2,2,2,2,2,2,2,2,2,2,2,2,2,2,2,2,2,2,2,2,2,2,2,2
2026-02-04 16:02:45,183299,183299,183299,183298,183299,183298,183298,183298,183298,183298,183298,183298,183298,183298,183298,183298,183298,183298,183298,183298,183298,183298,183486,183299,183298,183298,183300,183299,183299,183299,183299,183299,183299,183299,183299,183299,0,0,0,0,0,0,0,0,0,0,0,0,0,0,0,0,0,0,0,0,0,0,0,0,0,0,0,0,0,0,0,0,0,0,0,0,2,2,2,2,2,2,2,2,2,2,2,2,2,2,2,2,2,2,2,2,2,2,2,2,2,2,2,2,2,2,2,2,2,2,2,2
2026-02-04 16:02:46,183299,183299,183299,183299,183300,183299,183299,183299,183299,183299,183299,183299,183299,183299,183299,183299,183299,183299,183298,183298,183298,183298,183486,183299,183298,183298,183300,183299,183299,183299,183299,183299,183299,183299,183299,183299,0,0,0,0,0,0,0,0,0,0,0,0,0,0,0,0,0,0,0,0,0,0,0,0,0,0,0,0,0,0,0,0,0,0,0,0,2,2,2,2,2,2,2,2,2,2,2,2,2,2,2,2,2,2,2,2,2,2,2,2,2,2,2,2,2,2,2,2,2,2,2,2
2026-02-04 16:02:47,183299,183299,183299,183299,183300,183299,183299,183299,183299,183299,183299,183299,183299,183299,183299,183299,183299,183299,183299,183299,183299,183299,183487,183300,183299,183299,183301,183300,183300,183300,183300,183300,183299,183299,183299,183299,0,0,0,0,0,0,0,0,0,0,0,0,0,0,0,0,0,0,0,0,0,0,0,0,0,0,0,0,0,0,0,0,0,0,0,0,2,2,2,2,2,2,2,2,2,2,2,2,2,2,2,2,2,2,2,2,2,2,2,2,2,2,2,2,2,2,2,2,2,2,2,2
2026-02-04 16:02:48,183300,183300,183300,183300,183301,183300,183300,183300,183300,183300,183300,183299,183299,183299,183299,183299,183299,183299,183299,183299,183299,183299,183487,183300,183299,183299,183301,183300,183300,183300,183300,183300,183300,183300,183300,183300,0,0,0,0,0,0,0,0,0,0,0,0,0,0,0,0,0,0,0,0,0,0,0,0,0,0,0,0,0,0,0,0,0,0,0,0,2,2,2,2,2,2,2,2,2,2,2,2,2,2,2,2,2,2,2,2,2,2,2,2,2,2,2,2,2,2,2,2,2,2,2,2
2026-02-04 16:02:49,183300,183300,183300,183300,183301,183300,183300,183300,183300,183300,183300,183300,183300,183300,183300,183300,183300,183300,183300,183300,183300,183300,183488,183301,183300,183299,183301,183300,183300,183300,183300,183300,183300,183300,183300,183300,0,0,0,0,0,0,0,0,0,0,0,0,0,0,0,0,0,0,0,0,0,0,0,0,0,0,0,0,0,0,0,0,0,0,0,0,2,2,2,2,2,2,2,2,2,2,2,2,2,2,2,2,2,2,2,2,2,2,2,2,2,2,2,2,2,2,2,2,2,2,2,2
2026-02-04 16:02:50,183301,183301,183301,183301,183301,183300,183300,183300,183300,183300,183300,183300,183300,183300,183300,183300,183300,183300,183300,183300,183300,183300,183488,183301,183300,183300,183302,183301,183301,183301,183301,183301,183301,183301,183301,183301,0,0,0,0,0,0,0,0,0,0,0,0,0,0,0,0,0,0,0,0,0,0,0,0,0,0,0,0,0,0,0,0,0,0,0,0,2,2,2,2,2,2,2,2,2,2,2,2,2,2,2,2,2,2,2,2,2,2,2,2,2,2,2,2,2,2,2,2,2,2,2,2
2026-02-04 16:02:51,183301,183301,183301,183301,183302,183301,183301,183301,183301,183301,183301,183301,183301,183301,183301,183301,183301,183301,183300,183300,183300,183300,183488,183301,183300,183300,183302,183301,183301,183301,183301,183301,183301,183301,183301,183301,0,0,0,0,0,0,0,0,0,0,0,0,0,0,0,0,0,0,0,0,0,0,0,0,0,0,0,0,0,0,0,0,0,0,0,0,2,2,2,2,2,2,2,2,2,2,2,2,2,2,2,2,2,2,2,2,2,2,2,2,2,2,2,2,2,2,2,2,2,2,2,2
2026-02-04 16:02:52,183301,183301,183301,183301,183302,183301,183301,183301,183301,183301,183301,183301,183301,183301,183301,183301,183301,183301,183301,183301,183301,183301,183489,183302,183301,183301,183303,183302,183302,183302,183302,183302,183302,183301,183301,183301,0,0,0,0,0,0,0,0,0,0,0,0,0,0,0,0,0,0,0,0,0,0,0,0,0,0,0,0,0,0,0,0,0,0,0,0,2,2,2,2,2,2,2,2,2,2,2,2,2,2,2,2,2,2,2,2,2,2,2,2,2,2,2,2,2,2,2,2,2,2,2,2
2026-02-04 16:02:53,183302,183302,183302,183302,183303,183302,183302,183302,183302,183302,183302,183301,183301,183301,183301,183301,183301,183301,183301,183301,183301,183301,183489,183302,183301,183301,183303,183302,183302,183302,183302,183302,183302,183302,183302,183302,0,0,0,0,0,0,0,0,0,0,0,0,0,0,0,0,0,0,0,0,0,0,0,0,0,0,0,0,0,0,0,0,0,0,0,0,2,2,2,2,2,2,2,2,2,2,2,2,2,2,2,2,2,2,2,2,2,2,2,2,2,2,2,2,2,2,2,2,2,2,2,2
2026-02-04 16:02:54,183302,183302,183302,183302,183303,183302,183302,183302,183302,183302,183302,183302,183302,183302,183302,183302,183302,183302,183302,183302,183302,183302,183490,183303,183302,183301,183303,183302,183302,183302,183302,183302,183302,183302,183302,183302,0,0,0,0,0,0,0,0,0,0,0,0,0,0,0,0,0,0,0,0,0,0,0,0,0,0,0,0,0,0,0,0,0,0,0,0,2,2,2,2,2,2,2,2,2,2,2,2,2,2,2,2,2,2,2,2,2,2,2,2,2,2,2,2,2,2,2,2,2,2,2,2
2026-02-04 16:02:55,183303,183303,183303,183303,183303,183302,183302,183302,183302,183302,183302,183302,183302,183302,183302,183302,183302,183302,183302,183302,183302,183302,183490,183303,183302,183302,183304,183303,183303,183303,183303,183303,183303,183303,183303,183303,0,0,0,0,0,0,0,0,0,0,0,0,0,0,0,0,0,0,0,0,0,0,0,0,0,0,0,0,0,0,0,0,0,0,0,0,2,2,2,2,2,2,2,2,2,2,2,2,2,2,2,2,2,2,2,2,2,2,2,2,2,2,2,2,2,2,2,2,2,2,2,2
2026-02-04 16:02:56,183303,183303,183303,183303,183304,183303,183303,183303,183303,183303,183303,183303,183303,183303,183303,183303,183303,183303,183302,183302,183302,183302,183490,183303,183302,183302,183304,183303,183303,183303,183303,183303,183303,183303,183303,183303,0,0,0,0,0,0,0,0,0,0,0,0,0,0,0,0,0,0,0,0,0,0,0,0,0,0,0,0,0,0,0,0,0,0,0,0,2,2,2,2,2,2,2,2,2,2,2,2,2,2,2,2,2,2,2,2,2,2,2,2,2,2,2,2,2,2,2,2,2,2,2,2
2026-02-04 16:02:57,183303,183303,183303,183303,183304,183303,183303,183303,183303,183303,183303,183303,183303,183303,183303,183303,183303,183303,183303,183303,183303,183303,183491,183304,183303,183303,183305,183304,183304,183304,183304,183304,183304,183303,183303,183303,0,0,0,0,0,0,0,0,0,0,0,0,0,0,0,0,0,0,0,0,0,0,0,0,0,0,0,0,0,0,0,0,0,0,0,0,2,2,2,2,2,2,2,2,2,2,2,2,2,2,2,2,2,2,2,2,2,2,2,2,2,2,2,2,2,2,2,2,2,2,2,2
2026-02-04 16:02:58,183304,183304,183304,183304,183305,183304,183304,183304,183304,183304,183304,183303,183303,183303,183303,183303,183303,183303,183303,183303,183303,183303,183491,183304,183303,183303,183305,183304,183304,183304,183304,183304,183304,183304,183304,183304,0,0,0,0,0,0,0,0,0,0,0,0,0,0,0,0,0,0,0,0,0,0,0,0,0,0,0,0,0,0,0,0,0,0,0,0,2,2,2,2,2,2,2,2,2,2,2,2,2,2,2,2,2,2,2,2,2,2,2,2,2,2,2,2,2,2,2,2,2,2,2,2
2026-02-04 16:02:59,183304,183304,183304,183304,183305,183304,183304,183304,183304,183304,183304,183304,183304,183304,183304,183304,183304,183304,183304,183304,183304,183304,183492,183305,183304,183304,183305,183304,183304,183304,183304,183304,183304,183304,183304,183304,0,0,0,0,0,0,0,0,0,0,0,0,0,0,0,0,0,0,0,0,0,0,0,0,0,0,0,0,0,0,0,0,0,0,0,0,2,2,2,2,2,2,2,2,2,2,2,2,2,2,2,2,2,2,2,2,2,2,2,2,2,2,2,2,2,2,2,2,2,2,2,2
2026-02-04 16:03:00,183305,183305,183305,183305,183305,183304,183304,183304,183304,183304,183304,183304,183304,183304,183304,183304,183304,183304,183304,183304,183304,183304,183492,183305,183304,183304,183306,183305,183305,183305,183305,183305,183305,183305,183305,183305,0,0,0,0,0,0,0,0,0,0,0,0,0,0,0,0,0,0,0,0,0,0,0,0,0,0,0,0,0,0,0,0,0,0,0,0,2,2,2,2,2,2,2,2,2,2,2,2,2,2,2,2,2,2,2,2,2,2,2,2,2,2,2,2,2,2,2,2,2,2,2,2
2026-02-04 16:03:01,183305,183305,183305,183305,183306,183305,183305,183305,183305,183305,183305,183305,183305,183305,183305,183305,183305,183305,183305,183304,183304,183304,183492,183305,183304,183304,183306,183305,183305,183305,183305,183305,183305,183305,183305,183305,0,0,0,0,0,0,0,0,0,0,0,0,0,0,0,0,0,0,0,0,0,0,0,0,0,0,0,0,0,0,0,0,0,0,0,0,2,2,2,2,2,2,2,2,2,2,2,2,2,2,2,2,2,2,2,2,2,2,2,2,2,2,2,2,2,2,2,2,2,2,2,2
2026-02-04 16:03:02,183305,183305,183305,183305,183306,183305,183305,183305,183305,183305,183305,183305,183305,183305,183305,183305,183305,183305,183305,183305,183305,183305,183493,183306,183305,183305,183307,183306,183306,183306,183306,183306,183306,183305,183305,183305,0,0,0,0,0,0,0,0,0,0,0,0,0,0,0,0,0,0,0,0,0,0,0,0,0,0,0,0,0,0,0,0,0,0,0,0,2,2,2,2,2,2,2,2,2,2,2,2,2,2,2,2,2,2,2,2,2,2,2,2,2,2,2,2,2,2,2,2,2,2,2,2
2026-02-04 16:03:03,183306,183306,183306,183306,183307,183306,183306,183306,183306,183306,183306,183305,183305,183305,183305,183305,183305,183305,183305,183305,183305,183305,183493,183306,183305,183305,183307,183306,183306,183306,183306,183306,183306,183306,183306,183306,0,0,0,0,0,0,0,0,0,0,0,0,0,0,0,0,0,0,0,0,0,0,0,0,0,0,0,0,0,0,0,0,0,0,0,0,2,2,2,2,2,2,2,2,2,2,2,2,2,2,2,2,2,2,2,2,2,2,2,2,2,2,2,2,2,2,2,2,2,2,2,2
2026-02-04 16:03:04,183306,183306,183306,183306,183307,183306,183306,183306,183306,183306,183306,183306,183306,183306,183306,183306,183306,183306,183306,183306,183306,183306,183494,183307,183306,183306,183307,183306,183306,183306,183306,183306,183306,183306,183306,183306,0,0,0,0,0,0,0,0,0,0,0,0,0,0,0,0,0,0,0,0,0,0,0,0,0,0,0,0,0,0,0,0,0,0,0,0,2,2,2,2,2,2,2,2,2,2,2,2,2,2,2,2,2,2,2,2,2,2,2,2,2,2,2,2,2,2,2,2,2,2,2,2
2026-02-04 16:03:05,183307,183307,183307,183307,183307,183306,183306,183306,183306,183306,183306,183306,183306,183306,183306,183306,183306,183306,183306,183306,183306,183306,183494,183307,183306,183306,183308,183307,183307,183307,183307,183307,183307,183307,183307,183307,0,0,0,0,0,0,0,0,0,0,0,0,0,0,0,0,0,0,0,0,0,0,0,0,0,0,0,0,0,0,0,0,0,0,0,0,2,2,2,2,2,2,2,2,2,2,2,2,2,2,2,2,2,2,2,2,2,2,2,2,2,2,2,2,2,2,2,2,2,2,2,2
2026-02-04 16:03:06,183307,183307,183307,183307,183308,183307,183307,183307,183307,183307,183307,183307,183307,183307,183307,183307,183307,183307,183307,183306,183306,183306,183494,183307,183306,183306,183308,183307,183307,183307,183307,183307,183307,183307,183307,183307,0,0,0,0,0,0,0,0,0,0,0,0,0,0,0,0,0,0,0,0,0,0,0,0,0,0,0,0,0,0,0,0,0,0,0,0,2,2,2,2,2,2,2,2,2,2,2,2,2,2,2,2,2,2,2,2,2,2,2,2,2,2,2,2,2,2,2,2,2,2,2,2
2026-02-04 16:03:07,183307,183307,183307,183307,183308,183307,183307,183307,183307,183307,183307,183307,183307,183307,183307,183307,183307,183307,183307,183307,183307,183307,183495,183308,183307,183307,183309,183308,183308,183308,183308,183308,183308,183307,183307,183307,0,0,0,0,0,0,0,0,0,0,0,0,0,0,0,0,0,0,0,0,0,0,0,0,0,0,0,0,0,0,0,0,0,0,0,0,2,2,2,2,2,2,2,2,2,2,2,2,2,2,2,2,2,2,2,2,2,2,2,2,2,2,2,2,2,2,2,2,2,2,2,2
2026-02-04 16:03:08,183308,183308,183308,183308,183309,183308,183308,183308,183308,183308,183308,183308,183307,183307,183307,183307,183307,183307,183307,183307,183307,183307,183495,183308,183307,183307,183309,183308,183308,183308,183308,183308,183308,183308,183308,183308,0,0,0,0,0,0,0,0,0,0,0,0,0,0,0,0,0,0,0,0,0,0,0,0,0,0,0,0,0,0,0,0,0,0,0,0,2,2,2,2,2,2,2,2,2,2,2,2,2,2,2,2,2,2,2,2,2,2,2,2,2,2,2,2,2,2,2,2,2,2,2,2
2026-02-04 16:03:09,183308,183308,183308,183308,183309,183308,183308,183308,183308,183308,183308,183308,183308,183308,183308,183308,183308,183308,183308,183308,183308,183308,183496,183309,183308,183308,183309,183308,183308,183308,183308,183308,183308,183308,183308,183308,0,0,0,0,0,0,0,0,0,0,0,0,0,0,0,0,0,0,0,0,0,0,0,0,0,0,0,0,0,0,0,0,0,0,0,0,2,2,2,2,2,2,2,2,2,2,2,2,2,2,2,2,2,2,2,2,2,2,2,2,2,2,2,2,2,2,2,2,2,2,2,2
2026-02-04 16:03:10,183309,183309,183309,183309,183310,183308,183308,183308,183308,183308,183308,183308,183308,183308,183308,183308,183308,183308,183308,183308,183308,183308,183496,183309,183308,183308,183310,183309,183309,183309,183309,183309,183309,183309,183309,183309,0,0,0,0,0,0,0,0,0,0,0,0,0,0,0,0,0,0,0,0,0,0,0,0,0,0,0,0,0,0,0,0,0,0,0,0,2,2,2,2,2,2,2,2,2,2,2,2,2,2,2,2,2,2,2,2,2,2,2,2,2,2,2,2,2,2,2,2,2,2,2,2
2026-02-04 16:03:11,183309,183309,183309,183309,183310,183309,183309,183309,183309,183309,183309,183309,183309,183309,183309,183309,183309,183309,183309,183308,183308,183308,183496,183309,183308,183308,183310,183309,183309,183309,183309,183309,183309,183309,183309,183309,0,0,0,0,0,0,0,0,0,0,0,0,0,0,0,0,0,0,0,0,0,0,0,0,0,0,0,0,0,0,0,0,0,0,0,0,2,2,2,2,2,2,2,2,2,2,2,2,2,2,2,2,2,2,2,2,2,2,2,2,2,2,2,2,2,2,2,2,2,2,2,2
2026-02-04 16:03:12,183309,183309,183309,183309,183310,183309,183309,183309,183309,183309,183309,183309,183309,183309,183309,183309,183309,183309,183309,183309,183309,183309,183497,183310,183309,183309,183311,183310,183310,183310,183310,183310,183310,183310,183309,183309,0,0,0,0,0,0,0,0,0,0,0,0,0,0,0,0,0,0,0,0,0,0,0,0,0,0,0,0,0,0,0,0,0,0,0,0,2,2,2,2,2,2,2,2,2,2,2,2,2,2,2,2,2,2,2,2,2,2,2,2,2,2,2,2,2,2,2,2,2,2,2,2
2026-02-04 16:03:13,183310,183310,183310,183310,183311,183310,183310,183310,183310,183310,183310,183310,183309,183309,183309,183309,183309,183309,183309,183309,183309,183309,183497,183310,183309,183309,183311,183310,183310,183310,183310,183310,183310,183310,183310,183310,0,0,0,0,0,0,0,0,0,0,0,0,0,0,0,0,0,0,0,0,0,0,0,0,0,0,0,0,0,0,0,0,0,0,0,0,2,2,2,2,2,2,2,2,2,2,2,2,2,2,2,2,2,2,2,2,2,2,2,2,2,2,2,2,2,2,2,2,2,2,2,2
2026-02-04 16:03:14,183310,183310,183310,183310,183311,183310,183310,183310,183310,183310,183310,183310,183310,183310,183310,183310,183310,183310,183310,183310,183310,183310,183498,183311,183310,183310,183311,183310,183310,183310,183310,183310,183310,183310,183310,183310,0,0,0,0,0,0,0,0,0,0,0,0,0,0,0,0,0,0,0,0,0,0,0,0,0,0,0,0,0,0,0,0,0,0,0,0,2,2,2,2,2,2,2,2,2,2,2,2,2,2,2,2,2,2,2,2,2,2,2,2,2,2,2,2,2,2,2,2,2,2,2,2
2026-02-04 16:03:15,183311,183311,183311,183311,183312,183310,183310,183310,183310,183310,183310,183310,183310,183310,183310,183310,183310,183310,183310,183310,183310,183310,183498,183311,183310,183310,183312,183311,183311,183311,183311,183311,183311,183311,183311,183311,0,0,0,0,0,0,0,0,0,0,0,0,0,0,0,0,0,0,0,0,0,0,0,0,0,0,0,0,0,0,0,0,0,0,0,0,2,2,2,2,2,2,2,2,2,2,2,2,2,2,2,2,2,2,2,2,2,2,2,2,2,2,2,2,2,2,2,2,2,2,2,2
2026-02-04 16:03:16,183311,183311,183311,183311,183312,183311,183311,183311,183311,183311,183311,183311,183311,183311,183311,183311,183311,183311,183311,183310,183310,183310,183498,183311,183310,183310,183312,183311,183311,183311,183311,183311,183311,183311,183311,183311,0,0,0,0,0,0,0,0,0,0,0,0,0,0,0,0,0,0,0,0,0,0,0,0,0,0,0,0,0,0,0,0,0,0,0,0,2,2,2,2,2,2,2,2,2,2,2,2,2,2,2,2,2,2,2,2,2,2,2,2,2,2,2,2,2,2,2,2,2,2,2,2
2026-02-04 16:03:17,183311,183311,183311,183311,183312,183311,183311,183311,183311,183311,183311,183311,183311,183311,183311,183311,183311,183311,183311,183311,183311,183311,183499,183312,183311,183311,183313,183312,183312,183312,183312,183312,183312,183312,183311,183311,0,0,0,0,0,0,0,0,0,0,0,0,0,0,0,0,0,0,0,0,0,0,0,0,0,0,0,0,0,0,0,0,0,0,0,0,2,2,2,2,2,2,2,2,2,2,2,2,2,2,2,2,2,2,2,2,2,2,2,2,2,2,2,2,2,2,2,2,2,2,2,2
2026-02-04 16:03:18,183312,183312,183312,183312,183313,183312,183312,183312,183312,183312,183312,183312,183311,183311,183311,183311,183311,183311,183311,183311,183311,183311,183499,183312,183311,183311,183313,183312,183312,183312,183312,183312,183312,183312,183312,183312,0,0,0,0,0,0,0,0,0,0,0,0,0,0,0,0,0,0,0,0,0,0,0,0,0,0,0,0,0,0,0,0,0,0,0,0,2,2,2,2,2,2,2,2,2,2,2,2,2,2,2,2,2,2,2,2,2,2,2,2,2,2,2,2,2,2,2,2,2,2,2,2
2026-02-04 16:03:19,183312,183312,183312,183312,183313,183312,183312,183312,183312,183312,183312,183312,183312,183312,183312,183312,183312,183312,183312,183312,183312,183312,183500,183313,183312,183312,183314,183312,183312,183312,183312,183312,183312,183312,183312,183312,0,0,0,0,0,0,0,0,0,0,0,0,0,0,0,0,0,0,0,0,0,0,0,0,0,0,0,0,0,0,0,0,0,0,0,0,2,2,2,2,2,2,2,2,2,2,2,2,2,2,2,2,2,2,2,2,2,2,2,2,2,2,2,2,2,2,2,2,2,2,2,2
2026-02-04 16:03:20,183313,183313,183313,183313,183314,183312,183312,183312,183312,183312,183312,183312,183312,183312,183312,183312,183312,183312,183312,183312,183312,183312,183500,183313,183312,183312,183314,183313,183313,183313,183313,183313,183313,183313,183313,183313,0,0,0,0,0,0,0,0,0,0,0,0,0,0,0,0,0,0,0,0,0,0,0,0,0,0,0,0,0,0,0,0,0,0,0,0,2,2,2,2,2,2,2,2,2,2,2,2,2,2,2,2,2,2,2,2,2,2,2,2,2,2,2,2,2,2,2,2,2,2,2,2
2026-02-04 16:03:21,183313,183313,183313,183313,183314,183313,183313,183313,183313,183313,183313,183313,183313,183313,183313,183313,183313,183313,183313,183313,183312,183312,183500,183313,183312,183312,183314,183313,183313,183313,183313,183313,183313,183313,183313,183313,0,0,0,0,0,0,0,0,0,0,0,0,0,0,0,0,0,0,0,0,0,0,0,0,0,0,0,0,0,0,0,0,0,0,0,0,2,2,2,2,2,2,2,2,2,2,2,2,2,2,2,2,2,2,2,2,2,2,2,2,2,2,2,2,2,2,2,2,2,2,2,2
2026-02-04 16:03:22,183313,183313,183313,183313,183314,183313,183313,183313,183313,183313,183313,183313,183313,183313,183313,183313,183313,183313,183313,183313,183313,183313,183501,183314,183313,183313,183315,183314,183314,183314,183314,183314,183314,183314,183313,183313,0,0,0,0,0,0,0,0,0,0,0,0,0,0,0,0,0,0,0,0,0,0,0,0,0,0,0,0,0,0,0,0,0,0,0,0,2,2,2,2,2,2,2,2,2,2,2,2,2,2,2,2,2,2,2,2,2,2,2,2,2,2,2,2,2,2,2,2,2,2,2,2
2026-02-04 16:03:23,183314,183314,183314,183314,183315,183314,183314,183314,183314,183314,183314,183314,183314,183313,183313,183313,183313,183313,183313,183313,183313,183313,183501,183314,183313,183313,183315,183314,183314,183314,183314,183314,183314,183314,183314,183314,0,0,0,0,0,0,0,0,0,0,0,0,0,0,0,0,0,0,0,0,0,0,0,0,0,0,0,0,0,0,0,0,0,0,0,0,2,2,2,2,2,2,2,2,2,2,2,2,2,2,2,2,2,2,2,2,2,2,2,2,2,2,2,2,2,2,2,2,2,2,2,2
2026-02-04 16:03:24,183314,183314,183314,183314,183315,183314,183314,183314,183314,183314,183314,183314,183314,183314,183314,183314,183314,183314,183314,183314,183314,183314,183502,183315,183314,183314,183316,183314,183314,183314,183314,183314,183314,183314,183314,183314,0,0,0,0,0,0,0,0,0,0,0,0,0,0,0,0,0,0,0,0,0,0,0,0,0,0,0,0,0,0,0,0,0,0,0,0,2,2,2,2,2,2,2,2,2,2,2,2,2,2,2,2,2,2,2,2,2,2,2,2,2,2,2,2,2,2,2,2,2,2,2,2
2026-02-04 16:03:25,183315,183315,183315,183315,183316,183314,183314,183314,183314,183314,183314,183314,183314,183314,183314,183314,183314,183314,183314,183314,183314,183314,183502,183315,183314,183314,183316,183315,183315,183315,183315,183315,183315,183315,183315,183315,0,0,0,0,0,0,0,0,0,0,0,0,0,0,0,0,0,0,0,0,0,0,0,0,0,0,0,0,0,0,0,0,0,0,0,0,2,2,2,2,2,2,2,2,2,2,2,2,2,2,2,2,2,2,2,2,2,2,2,2,2,2,2,2,2,2,2,2,2,2,2,2
2026-02-04 16:03:26,183315,183315,183315,183315,183316,183315,183315,183315,183315,183315,183315,183315,183315,183315,183315,183315,183315,183315,183315,183315,183314,183314,183502,183315,183314,183314,183316,183315,183315,183315,183315,183315,183315,183315,183315,183315,0,0,0,0,0,0,0,0,0,0,0,0,0,0,0,0,0,0,0,0,0,0,0,0,0,0,0,0,0,0,0,0,0,0,0,0,2,2,2,2,2,2,2,2,2,2,2,2,2,2,2,2,2,2,2,2,2,2,2,2,2,2,2,2,2,2,2,2,2,2,2,2
2026-02-04 16:03:27,183315,183315,183315,183315,183316,183315,183315,183315,183315,183315,183315,183315,183315,183315,183315,183315,183315,183315,183315,183315,183315,183315,183503,183316,183315,183315,183317,183316,183316,183316,183316,183316,183316,183316,183315,183315,0,0,0,0,0,0,0,0,0,0,0,0,0,0,0,0,0,0,0,0,0,0,0,0,0,0,0,0,0,0,0,0,0,0,0,0,2,2,2,2,2,2,2,2,2,2,2,2,2,2,2,2,2,2,2,2,2,2,2,2,2,2,2,2,2,2,2,2,2,2,2,2
2026-02-04 16:03:28,183316,183316,183316,183316,183317,183316,183316,183316,183316,183316,183316,183316,183316,183315,183315,183315,183315,183315,183315,183315,183315,183315,183503,183316,183315,183315,183317,183316,183316,183316,183316,183316,183316,183316,183316,183316,0,0,0,0,0,0,0,0,0,0,0,0,0,0,0,0,0,0,0,0,0,0,0,0,0,0,0,0,0,0,0,0,0,0,0,0,2,2,2,2,2,2,2,2,2,2,2,2,2,2,2,2,2,2,2,2,2,2,2,2,2,2,2,2,2,2,2,2,2,2,2,2
2026-02-04 16:03:29,183316,183316,183316,183316,183317,183316,183316,183316,183316,183316,183316,183316,183316,183316,183316,183316,183316,183316,183316,183316,183316,183316,183504,183317,183316,183316,183318,183316,183316,183316,183316,183316,183316,183316,183316,183316,0,0,0,0,0,0,0,0,0,0,0,0,0,0,0,0,0,0,0,0,0,0,0,0,0,0,0,0,0,0,0,0,0,0,0,0,2,2,2,2,2,2,2,2,2,2,2,2,2,2,2,2,2,2,2,2,2,2,2,2,2,2,2,2,2,2,2,2,2,2,2,2
2026-02-04 16:03:30,183317,183317,183317,183317,183318,183317,183316,183316,183316,183316,183316,183316,183316,183316,183316,183316,183316,183316,183316,183316,183316,183316,183504,183317,183316,183316,183318,183317,183317,183317,183317,183317,183317,183317,183317,183317,0,0,0,0,0,0,0,0,0,0,0,0,0,0,0,0,0,0,0,0,0,0,0,0,0,0,0,0,0,0,0,0,0,0,0,0,2,2,2,2,2,2,2,2,2,2,2,2,2,2,2,2,2,2,2,2,2,2,2,2,2,2,2,2,2,2,2,2,2,2,2,2
2026-02-04 16:03:31,183317,183317,183317,183317,183318,183317,183317,183317,183317,183317,183317,183317,183317,183317,183317,183317,183317,183317,183317,183317,183316,183316,183504,183317,183316,183316,183318,183317,183317,183317,183317,183317,183317,183317,183317,183317,0,0,0,0,0,0,0,0,0,0,0,0,0,0,0,0,0,0,0,0,0,0,0,0,0,0,0,0,0,0,0,0,0,0,0,0,2,2,2,2,2,2,2,2,2,2,2,2,2,2,2,2,2,2,2,2,2,2,2,2,2,2,2,2,2,2,2,2,2,2,2,2
2026-02-04 16:03:32,183317,183317,183317,183317,183318,183317,183317,183317,183317,183317,183317,183317,183317,183317,183317,183317,183317,183317,183317,183317,183317,183317,183505,183318,183317,183317,183319,183318,183318,183318,183318,183318,183318,183318,183318,183317,0,0,0,0,0,0,0,0,0,0,0,0,0,0,0,0,0,0,0,0,0,0,0,0,0,0,0,0,0,0,0,0,0,0,0,0,2,2,2,2,2,2,2,2,2,2,2,2,2,2,2,2,2,2,2,2,2,2,2,2,2,2,2,2,2,2,2,2,2,2,2,2
2026-02-04 16:03:33,183318,183318,183318,183318,183319,183318,183318,183318,183318,183318,183318,183318,183318,183317,183317,183317,183317,183317,183317,183317,183317,183317,183505,183318,183317,183317,183319,183318,183318,183318,183318,183318,183318,183318,183318,183318,0,0,0,0,0,0,0,0,0,0,0,0,0,0,0,0,0,0,0,0,0,0,0,0,0,0,0,0,0,0,0,0,0,0,0,0,2,2,2,2,2,2,2,2,2,2,2,2,2,2,2,2,2,2,2,2,2,2,2,2,2,2,2,2,2,2,2,2,2,2,2,2
2026-02-04 16:03:34,183318,183318,183318,183318,183319,183318,183318,183318,183318,183318,183318,183318,183318,183318,183318,183318,183318,183318,183318,183318,183318,183318,183506,183319,183318,183318,183320,183319,183318,183318,183318,183318,183318,183318,183318,183318,0,0,0,0,0,0,0,0,0,0,0,0,0,0,0,0,0,0,0,0,0,0,0,0,0,0,0,0,0,0,0,0,0,0,0,0,2,2,2,2,2,2,2,2,2,2,2,2,2,2,2,2,2,2,2,2,2,2,2,2,2,2,2,2,2,2,2,2,2,2,2,2
2026-02-04 16:03:35,183319,183319,183319,183319,183320,183319,183318,183318,183318,183318,183318,183318,183318,183318,183318,183318,183318,183318,183318,183318,183318,183318,183506,183319,183318,183318,183320,183319,183319,183319,183319,183319,183319,183319,183319,183319,0,0,0,0,0,0,0,0,0,0,0,0,0,0,0,0,0,0,0,0,0,0,0,0,0,0,0,0,0,0,0,0,0,0,0,0,2,2,2,2,2,2,2,2,2,2,2,2,2,2,2,2,2,2,2,2,2,2,2,2,2,2,2,2,2,2,2,2,2,2,2,2
2026-02-04 16:03:36,183319,183319,183319,183319,183320,183319,183319,183319,183319,183319,183319,183319,183319,183319,183319,183319,183319,183319,183319,183319,183318,183318,183506,183319,183318,183318,183320,183319,183319,183319,183319,183319,183319,183319,183319,183319,0,0,0,0,0,0,0,0,0,0,0,0,0,0,0,0,0,0,0,0,0,0,0,0,0,0,0,0,0,0,0,0,0,0,0,0,2,2,2,2,2,2,2,2,2,2,2,2,2,2,2,2,2,2,2,2,2,2,2,2,2,2,2,2,2,2,2,2,2,2,2,2
2026-02-04 16:03:37,183319,183319,183319,183319,183320,183319,183319,183319,183319,183319,183319,183319,183319,183319,183319,183319,183319,183319,183319,183319,183319,183319,183507,183320,183319,183319,183321,183320,183320,183320,183320,183320,183320,183320,183320,183319,0,0,0,0,0,0,0,0,0,0,0,0,0,0,0,0,0,0,0,0,0,0,0,0,0,0,0,0,0,0,0,0,0,0,0,0,2,2,2,2,2,2,2,2,2,2,2,2,2,2,2,2,2,2,2,2,2,2,2,2,2,2,2,2,2,2,2,2,2,2,2,2
2026-02-04 16:03:38,183320,183320,183320,183320,183321,183320,183320,183320,183320,183320,183320,183320,183320,183319,183319,183319,183319,183319,183319,183319,183319,183319,183507,183320,183319,183319,183321,183320,183320,183320,183320,183320,183320,183320,183320,183320,0,0,0,0,0,0,0,0,0,0,0,0,0,0,0,0,0,0,0,0,0,0,0,0,0,0,0,0,0,0,0,0,0,0,0,0,2,2,2,2,2,2,2,2,2,2,2,2,2,2,2,2,2,2,2,2,2,2,2,2,2,2,2,2,2,2,2,2,2,2,2,2
2026-02-04 16:03:39,183320,183320,183320,183320,183321,183320,183320,183320,183320,183320,183320,183320,183320,183320,183320,183320,183320,183320,183320,183320,183320,183320,183508,183321,183320,183320,183322,183321,183320,183320,183320,183320,183320,183320,183320,183320,0,0,0,0,0,0,0,0,0,0,0,0,0,0,0,0,0,0,0,0,0,0,0,0,0,0,0,0,0,0,0,0,0,0,0,0,2,2,2,2,2,2,2,2,2,2,2,2,2,2,2,2,2,2,2,2,2,2,2,2,2,2,2,2,2,2,2,2,2,2,2,2
2026-02-04 16:03:40,183321,183321,183321,183321,183322,183321,183320,183320,183320,183320,183320,183320,183320,183320,183320,183320,183320,183320,183320,183320,183320,183320,183508,183321,183320,183320,183322,183321,183321,183321,183321,183321,183321,183321,183321,183321,0,0,0,0,0,0,0,0,0,0,0,0,0,0,0,0,0,0,0,0,0,0,0,0,0,0,0,0,0,0,0,0,0,0,0,0,2,2,2,2,2,2,2,2,2,2,2,2,2,2,2,2,2,2,2,2,2,2,2,2,2,2,2,2,2,2,2,2,2,2,2,2
2026-02-04 16:03:41,183321,183321,183321,183321,183322,183321,183321,183321,183321,183321,183321,183321,183321,183321,183321,183321,183321,183321,183321,183321,183321,183320,183508,183321,183320,183320,183322,183321,183321,183321,183321,183321,183321,183321,183321,183321,0,0,0,0,0,0,0,0,0,0,0,0,0,0,0,0,0,0,0,0,0,0,0,0,0,0,0,0,0,0,0,0,0,0,0,0,2,2,2,2,2,2,2,2,2,2,2,2,2,2,2,2,2,2,2,2,2,2,2,2,2,2,2,2,2,2,2,2,2,2,2,2
2026-02-04 16:03:42,183321,183321,183321,183321,183322,183321,183321,183321,183321,183321,183321,183321,183321,183321,183321,183321,183321,183321,183321,183321,183321,183321,183509,183322,183321,183321,183323,183322,183322,183322,183322,183322,183322,183322,183322,183321,0,0,0,0,0,0,0,0,0,0,0,0,0,0,0,0,0,0,0,0,0,0,0,0,0,0,0,0,0,0,0,0,0,0,0,0,2,2,2,2,2,2,2,2,2,2,2,2,2,2,2,2,2,2,2,2,2,2,2,2,2,2,2,2,2,2,2,2,2,2,2,2
2026-02-04 16:03:43,183322,183322,183322,183322,183323,183322,183322,183322,183322,183322,183322,183322,183322,183322,183321,183321,183321,183321,183321,183321,183321,183321,183509,183322,183321,183321,183323,183322,183322,183322,183322,183322,183322,183322,183322,183322,0,0,0,0,0,0,0,0,0,0,0,0,0,0,0,0,0,0,0,0,0,0,0,0,0,0,0,0,0,0,0,0,0,0,0,0,2,2,2,2,2,2,2,2,2,2,2,2,2,2,2,2,2,2,2,2,2,2,2,2,2,2,2,2,2,2,2,2,2,2,2,2
2026-02-04 16:03:44,183322,183322,183322,183322,183323,183322,183322,183322,183322,183322,183322,183322,183322,183322,183322,183322,183322,183322,183322,183322,183322,183322,183510,183323,183322,183322,183324,183323,183322,183322,183322,183322,183322,183322,183322,183322,0,0,0,0,0,0,0,0,0,0,0,0,0,0,0,0,0,0,0,0,0,0,0,0,0,0,0,0,0,0,0,0,0,0,0,0,2,2,2,2,2,2,2,2,2,2,2,2,2,2,2,2,2,2,2,2,2,2,2,2,2,2,2,2,2,2,2,2,2,2,2,2
2026-02-04 16:03:45,183323,183323,183323,183323,183324,183323,183323,183322,183322,183322,183322,183322,183322,183322,183322,183322,183322,183322,183322,183322,183322,183322,183510,183323,183322,183322,183324,183323,183323,183323,183323,183323,183323,183323,183323,183323,0,0,0,0,0,0,0,0,0,0,0,0,0,0,0,0,0,0,0,0,0,0,0,0,0,0,0,0,0,0,0,0,0,0,0,0,2,2,2,2,2,2,2,2,2,2,2,2,2,2,2,2,2,2,2,2,2,2,2,2,2,2,2,2,2,2,2,2,2,2,2,2
2026-02-04 16:03:46,183323,183323,183323,183323,183324,183323,183323,183323,183323,183323,183323,183323,183323,183323,183323,183323,183323,183323,183323,183323,183323,183322,183510,183323,183322,183322,183324,183323,183323,183323,183323,183323,183323,183323,183323,183323,0,0,0,0,0,0,0,0,0,0,0,0,0,0,0,0,0,0,0,0,0,0,0,0,0,0,0,0,0,0,0,0,0,0,0,0,2,2,2,2,2,2,2,2,2,2,2,2,2,2,2,2,2,2,2,2,2,2,2,2,2,2,2,2,2,2,2,2,2,2,2,2
2026-02-04 16:03:47,183323,183323,183323,183323,183324,183323,183323,183323,183323,183323,183323,183323,183323,183323,183323,183323,183323,183323,183323,183323,183323,183323,183511,183324,183323,183323,183325,183324,183324,183324,183324,183324,183324,183324,183324,183323,0,0,0,0,0,0,0,0,0,0,0,0,0,0,0,0,0,0,0,0,0,0,0,0,0,0,0,0,0,0,0,0,0,0,0,0,2,2,2,2,2,2,2,2,2,2,2,2,2,2,2,2,2,2,2,2,2,2,2,2,2,2,2,2,2,2,2,2,2,2,2,2
2026-02-04 16:03:48,183324,183324,183324,183324,183325,183324,183324,183324,183324,183324,183324,183324,183324,183324,183323,183323,183323,183323,183323,183323,183323,183323,183511,183324,183323,183323,183325,183324,183324,183324,183324,183324,183324,183324,183324,183324,0,0,0,0,0,0,0,0,0,0,0,0,0,0,0,0,0,0,0,0,0,0,0,0,0,0,0,0,0,0,0,0,0,0,0,0,2,2,2,2,2,2,2,2,2,2,2,2,2,2,2,2,2,2,2,2,2,2,2,2,2,2,2,2,2,2,2,2,2,2,2,2
2026-02-04 16:03:49,183324,183324,183324,183324,183325,183324,183324,183324,183324,183324,183324,183324,183324,183324,183324,183324,183324,183324,183324,183324,183324,183324,183512,183325,183324,183324,183326,183325,183324,183324,183324,183324,183324,183324,183324,183324,0,0,0,0,0,0,0,0,0,0,0,0,0,0,0,0,0,0,0,0,0,0,0,0,0,0,0,0,0,0,0,0,0,0,0,0,2,2,2,2,2,2,2,2,2,2,2,2,2,2,2,2,2,2,2,2,2,2,2,2,2,2,2,2,2,2,2,2,2,2,2,2
2026-02-04 16:03:50,183325,183325,183325,183325,183326,183325,183325,183324,183324,183324,183324,183324,183324,183324,183324,183324,183324,183324,183324,183324,183324,183324,183512,183325,183324,183324,183326,183325,183325,183325,183325,183325,183325,183325,183325,183325,0,0,0,0,0,0,0,0,0,0,0,0,0,0,0,0,0,0,0,0,0,0,0,0,0,0,0,0,0,0,0,0,0,0,0,0,2,2,2,2,2,2,2,2,2,2,2,2,2,2,2,2,2,2,2,2,2,2,2,2,2,2,2,2,2,2,2,2,2,2,2,2
2026-02-04 16:03:51,183325,183325,183325,183325,183326,183325,183325,183325,183325,183325,183325,183325,183325,183325,183325,183325,183325,183325,183325,183325,183325,183324,183512,183325,183324,183324,183326,183325,183325,183325,183325,183325,183325,183325,183325,183325,0,0,0,0,0,0,0,0,0,0,0,0,0,0,0,0,0,0,0,0,0,0,0,0,0,0,0,0,0,0,0,0,0,0,0,0,2,2,2,2,2,2,2,2,2,2,2,2,2,2,2,2,2,2,2,2,2,2,2,2,2,2,2,2,2,2,2,2,2,2,2,2
2026-02-04 16:03:52,183325,183325,183325,183325,183326,183325,183325,183325,183325,183325,183325,183325,183325,183325,183325,183325,183325,183325,183325,183325,183325,183325,183513,183326,183325,183325,183327,183326,183326,183326,183326,183326,183326,183326,183326,183326,0,0,0,0,0,0,0,0,0,0,0,0,0,0,0,0,0,0,0,0,0,0,0,0,0,0,0,0,0,0,0,0,0,0,0,0,2,2,2,2,2,2,2,2,2,2,2,2,2,2,2,2,2,2,2,2,2,2,2,2,2,2,2,2,2,2,2,2,2,2,2,2
2026-02-04 16:03:53,183326,183326,183326,183326,183327,183326,183326,183326,183326,183326,183326,183326,183326,183326,183325,183325,183325,183325,183325,183325,183325,183325,183513,183326,183325,183325,183327,183326,183326,183326,183326,183326,183326,183326,183326,183326,0,0,0,0,0,0,0,0,0,0,0,0,0,0,0,0,0,0,0,0,0,0,0,0,0,0,0,0,0,0,0,0,0,0,0,0,2,2,2,2,2,2,2,2,2,2,2,2,2,2,2,2,2,2,2,2,2,2,2,2,2,2,2,2,2,2,2,2,2,2,2,2
2026-02-04 16:03:54,183326,183326,183326,183326,183327,183326,183326,183326,183326,183326,183326,183326,183326,183326,183326,183326,183326,183326,183326,183326,183326,183326,183514,183327,183326,183326,183328,183327,183327,183326,183326,183326,183326,183326,183326,183326,0,0,0,0,0,0,0,0,0,0,0,0,0,0,0,0,0,0,0,0,0,0,0,0,0,0,0,0,0,0,0,0,0,0,0,0,2,2,2,2,2,2,2,2,2,2,2,2,2,2,2,2,2,2,2,2,2,2,2,2,2,2,2,2,2,2,2,2,2,2,2,2
2026-02-04 16:03:55,183327,183327,183327,183327,183328,183327,183327,183326,183326,183326,183326,183326,183326,183326,183326,183326,183326,183326,183326,183326,183326,183326,183514,183327,183326,183326,183328,183327,183327,183327,183327,183327,183327,183327,183327,183327,0,0,0,0,0,0,0,0,0,0,0,0,0,0,0,0,0,0,0,0,0,0,0,0,0,0,0,0,0,0,0,0,0,0,0,0,2,2,2,2,2,2,2,2,2,2,2,2,2,2,2,2,2,2,2,2,2,2,2,2,2,2,2,2,2,2,2,2,2,2,2,2
2026-02-04 16:03:56,183327,183327,183327,183327,183328,183327,183327,183327,183327,183327,183327,183327,183327,183327,183327,183327,183327,183327,183327,183327,183327,183327,183514,183327,183326,183326,183328,183327,183327,183327,183327,183327,183327,183327,183327,183327,0,0,0,0,0,0,0,0,0,0,0,0,0,0,0,0,0,0,0,0,0,0,0,0,0,0,0,0,0,0,0,0,0,0,0,0,2,2,2,2,2,2,2,2,2,2,2,2,2,2,2,2,2,2,2,2,2,2,2,2,2,2,2,2,2,2,2,2,2,2,2,2
2026-02-04 16:03:57,183327,183327,183327,183327,183328,183327,183327,183327,183327,183327,183327,183327,183327,183327,183327,183327,183327,183327,183327,183327,183327,183327,183515,183328,183327,183327,183329,183328,183328,183328,183328,183328,183328,183328,183328,183328,0,0,0,0,0,0,0,0,0,0,0,0,0,0,0,0,0,0,0,0,0,0,0,0,0,0,0,0,0,0,0,0,0,0,0,0,2,2,2,2,2,2,2,2,2,2,2,2,2,2,2,2,2,2,2,2,2,2,2,2,2,2,2,2,2,2,2,2,2,2,2,2
2026-02-04 16:03:58,183328,183328,183328,183328,183329,183328,183328,183328,183328,183328,183328,183328,183328,183328,183327,183327,183327,183327,183327,183327,183327,183327,183515,183328,183327,183327,183329,183328,183328,183328,183328,183328,183328,183328,183328,183328,0,0,0,0,0,0,0,0,0,0,0,0,0,0,0,0,0,0,0,0,0,0,0,0,0,0,0,0,0,0,0,0,0,0,0,0,2,2,2,2,2,2,2,2,2,2,2,2,2,2,2,2,2,2,2,2,2,2,2,2,2,2,2,2,2,2,2,2,2,2,2,2
2026-02-04 16:03:59,183328,183328,183328,183328,183329,183328,183328,183328,183328,183328,183328,183328,183328,183328,183328,183328,183328,183328,183328,183328,183328,183328,183516,183329,183328,183328,183330,183329,183329,183328,183328,183328,183328,183328,183328,183328,0,0,0,0,0,0,0,0,0,0,0,0,0,0,0,0,0,0,0,0,0,0,0,0,0,0,0,0,0,0,0,0,0,0,0,0,2,2,2,2,2,2,2,2,2,2,2,2,2,2,2,2,2,2,2,2,2,2,2,2,2,2,2,2,2,2,2,2,2,2,2,2
2026-02-04 16:04:00,183329,183329,183329,183329,183330,183329,183329,183328,183328,183328,183328,183328,183328,183328,183328,183328,183328,183328,183328,183328,183328,183328,183516,183329,183328,183328,183330,183329,183329,183329,183329,183329,183329,183329,183329,183329,0,0,0,0,0,0,0,0,0,0,0,0,0,0,0,0,0,0,0,0,0,0,0,0,0,0,0,0,0,0,0,0,0,0,0,0,2,2,2,2,2,2,2,2,2,2,2,2,2,2,2,2,2,2,2,2,2,2,2,2,2,2,2,2,2,2,2,2,2,2,2,2
2026-02-04 16:04:01,183329,183329,183329,183329,183330,183329,183329,183329,183329,183329,183329,183329,183329,183329,183329,183329,183329,183329,183329,183329,183329,183329,183516,183329,183328,183328,183330,183329,183329,183329,183329,183329,183329,183329,183329,183329,0,0,0,0,0,0,0,0,0,0,0,0,0,0,0,0,0,0,0,0,0,0,0,0,0,0,0,0,0,0,0,0,0,0,0,0,2,2,2,2,2,2,2,2,2,2,2,2,2,2,2,2,2,2,2,2,2,2,2,2,2,2,2,2,2,2,2,2,2,2,2,2
2026-02-04 16:04:02,183329,183329,183329,183329,183330,183329,183329,183329,183329,183329,183329,183329,183329,183329,183329,183329,183329,183329,183329,183329,183329,183329,183517,183330,183329,183329,183331,183330,183330,183330,183330,183330,183330,183330,183330,183330,0,0,0,0,0,0,0,0,0,0,0,0,0,0,0,0,0,0,0,0,0,0,0,0,0,0,0,0,0,0,0,0,0,0,0,0,2,2,2,2,2,2,2,2,2,2,2,2,2,2,2,2,2,2,2,2,2,2,2,2,2,2,2,2,2,2,2,2,2,2,2,2
2026-02-04 16:04:03,183330,183330,183330,183330,183331,183330,183330,183330,183330,183330,183330,183330,183330,183330,183330,183329,183329,183329,183329,183329,183329,183329,183517,183330,183329,183329,183331,183330,183330,183330,183330,183330,183330,183330,183330,183330,0,0,0,0,0,0,0,0,0,0,0,0,0,0,0,0,0,0,0,0,0,0,0,0,0,0,0,0,0,0,0,0,0,0,0,0,2,2,2,2,2,2,2,2,2,2,2,2,2,2,2,2,2,2,2,2,2,2,2,2,2,2,2,2,2,2,2,2,2,2,2,2
2026-02-04 16:04:04,183330,183330,183330,183330,183331,183330,183330,183330,183330,183330,183330,183330,183330,183330,183330,183330,183330,183330,183330,183330,183330,183330,183518,183331,183330,183330,183332,183331,183331,183330,183330,183330,183330,183330,183330,183330,0,0,0,0,0,0,0,0,0,0,0,0,0,0,0,0,0,0,0,0,0,0,0,0,0,0,0,0,0,0,0,0,0,0,0,0,2,2,2,2,2,2,2,2,2,2,2,2,2,2,2,2,2,2,2,2,2,2,2,2,2,2,2,2,2,2,2,2,2,2,2,2
2026-02-04 16:04:05,183331,183331,183331,183331,183332,183331,183331,183331,183330,183330,183330,183330,183330,183330,183330,183330,183330,183330,183330,183330,183330,183330,183518,183331,183330,183330,183332,183331,183331,183331,183331,183331,183331,183331,183331,183331,0,0,0,0,0,0,0,0,0,0,0,0,0,0,0,0,0,0,0,0,0,0,0,0,0,0,0,0,0,0,0,0,0,0,0,0,2,2,2,2,2,2,2,2,2,2,2,2,2,2,2,2,2,2,2,2,2,2,2,2,2,2,2,2,2,2,2,2,2,2,2,2
2026-02-04 16:04:06,183331,183331,183331,183331,183332,183331,183331,183331,183331,183331,183331,183331,183331,183331,183331,183331,183331,183331,183331,183331,183331,183331,183518,183331,183330,183330,183332,183331,183331,183331,183331,183331,183331,183331,183331,183331,0,0,0,0,0,0,0,0,0,0,0,0,0,0,0,0,0,0,0,0,0,0,0,0,0,0,0,0,0,0,0,0,0,0,0,0,2,2,2,2,2,2,2,2,2,2,2,2,2,2,2,2,2,2,2,2,2,2,2,2,2,2,2,2,2,2,2,2,2,2,2,2
2026-02-04 16:04:07,183331,183331,183331,183331,183332,183331,183331,183331,183331,183331,183331,183331,183331,183331,183331,183331,183331,183331,183331,183331,183331,183331,183519,183332,183331,183331,183333,183332,183332,183332,183332,183332,183332,183332,183332,183332,0,0,0,0,0,0,0,0,0,0,0,0,0,0,0,0,0,0,0,0,0,0,0,0,0,0,0,0,0,0,0,0,0,0,0,0,2,2,2,2,2,2,2,2,2,2,2,2,2,2,2,2,2,2,2,2,2,2,2,2,2,2,2,2,2,2,2,2,2,2,2,2
2026-02-04 16:04:08,183332,183332,183332,183332,183333,183332,183332,183332,183332,183332,183332,183332,183332,183332,183332,183331,183331,183331,183331,183331,183331,183331,183519,183332,183331,183331,183333,183332,183332,183332,183332,183332,183332,183332,183332,183332,0,0,0,0,0,0,0,0,0,0,0,0,0,0,0,0,0,0,0,0,0,0,0,0,0,0,0,0,0,0,0,0,0,0,0,0,2,2,2,2,2,2,2,2,2,2,2,2,2,2,2,2,2,2,2,2,2,2,2,2,2,2,2,2,2,2,2,2,2,2,2,2
2026-02-04 16:04:09,183332,183332,183332,183332,183333,183332,183332,183332,183332,183332,183332,183332,183332,183332,183332,183332,183332,183332,183332,183332,183332,183332,183520,183333,183332,183332,183334,183333,183333,183332,183332,183332,183332,183332,183332,183332,0,0,0,0,0,0,0,0,0,0,0,0,0,0,0,0,0,0,0,0,0,0,0,0,0,0,0,0,0,0,0,0,0,0,0,0,2,2,2,2,2,2,2,2,2,2,2,2,2,2,2,2,2,2,2,2,2,2,2,2,2,2,2,2,2,2,2,2,2,2,2,2
2026-02-04 16:04:10,183333,183333,183333,183333,183334,183333,183333,183333,183332,183332,183332,183332,183332,183332,183332,183332,183332,183332,183332,183332,183332,183332,183520,183333,183332,183332,183334,183333,183333,183333,183333,183333,183333,183333,183333,183333,0,0,0,0,0,0,0,0,0,0,0,0,0,0,0,0,0,0,0,0,0,0,0,0,0,0,0,0,0,0,0,0,0,0,0,0,2,2,2,2,2,2,2,2,2,2,2,2,2,2,2,2,2,2,2,2,2,2,2,2,2,2,2,2,2,2,2,2,2,2,2,2
2026-02-04 16:04:11,183333,183333,183333,183333,183334,183333,183333,183333,183333,183333,183333,183333,183333,183333,183333,183333,183333,183333,183333,183333,183333,183333,183520,183333,183332,183332,183334,183333,183333,183333,183333,183333,183333,183333,183333,183333,0,0,0,0,0,0,0,0,0,0,0,0,0,0,0,0,0,0,0,0,0,0,0,0,0,0,0,0,0,0,0,0,0,0,0,0,2,2,2,2,2,2,2,2,2,2,2,2,2,2,2,2,2,2,2,2,2,2,2,2,2,2,2,2,2,2,2,2,2,2,2,2
2026-02-04 16:04:12,183334,183333,183333,183333,183334,183333,183333,183333,183333,183333,183333,183333,183333,183333,183333,183333,183333,183333,183333,183333,183333,183333,183521,183334,183333,183333,183335,183334,183334,183334,183334,183334,183334,183334,183334,183334,0,0,0,0,0,0,0,0,0,0,0,0,0,0,0,0,0,0,0,0,0,0,0,0,0,0,0,0,0,0,0,0,0,0,0,0,2,2,2,2,2,2,2,2,2,2,2,2,2,2,2,2,2,2,2,2,2,2,2,2,2,2,2,2,2,2,2,2,2,2,2,2
2026-02-04 16:04:13,183334,183334,183334,183334,183335,183334,183334,183334,183334,183334,183334,183334,183334,183334,183334,183333,183333,183333,183333,183333,183333,183333,183521,183334,183333,183333,183335,183334,183334,183334,183334,183334,183334,183334,183334,183334,0,0,0,0,0,0,0,0,0,0,0,0,0,0,0,0,0,0,0,0,0,0,0,0,0,0,0,0,0,0,0,0,0,0,0,0,2,2,2,2,2,2,2,2,2,2,2,2,2,2,2,2,2,2,2,2,2,2,2,2,2,2,2,2,2,2,2,2,2,2,2,2
2026-02-04 16:04:14,183334,183334,183334,183334,183335,183334,183334,183334,183334,183334,183334,183334,183334,183334,183334,183334,183334,183334,183334,183334,183334,183334,183522,183335,183334,183334,183336,183335,183335,183335,183334,183334,183334,183334,183334,183334,0,0,0,0,0,0,0,0,0,0,0,0,0,0,0,0,0,0,0,0,0,0,0,0,0,0,0,0,0,0,0,0,0,0,0,0,2,2,2,2,2,2,2,2,2,2,2,2,2,2,2,2,2,2,2,2,2,2,2,2,2,2,2,2,2,2,2,2,2,2,2,2
2026-02-04 16:04:15,183335,183335,183335,183335,183336,183335,183335,183335,183334,183334,183334,183334,183334,183334,183334,183334,183334,183334,183334,183334,183334,183334,183522,183335,183334,183334,183336,183335,183335,183335,183335,183335,183335,183335,183335,183335,0,0,0,0,0,0,0,0,0,0,0,0,0,0,0,0,0,0,0,0,0,0,0,0,0,0,0,0,0,0,0,0,0,0,0,0,2,2,2,2,2,2,2,2,2,2,2,2,2,2,2,2,2,2,2,2,2,2,2,2,2,2,2,2,2,2,2,2,2,2,2,2
2026-02-04 16:04:16,183335,183335,183335,183335,183336,183335,183335,183335,183335,183335,183335,183335,183335,183335,183335,183335,183335,183335,183335,183335,183335,183335,183523,183335,183334,183334,183336,183335,183335,183335,183335,183335,183335,183335,183335,183335,0,0,0,0,0,0,0,0,0,0,0,0,0,0,0,0,0,0,0,0,0,0,0,0,0,0,0,0,0,0,0,0,0,0,0,0,2,2,2,2,2,2,2,2,2,2,2,2,2,2,2,2,2,2,2,2,2,2,2,2,2,2,2,2,2,2,2,2,2,2,2,2
2026-02-04 16:04:17,183336,183335,183335,183335,183336,183335,183335,183335,183335,183335,183335,183335,183335,183335,183335,183335,183335,183335,183335,183335,183335,183335,183523,183336,183335,183335,183337,183336,183336,183336,183336,183336,183336,183336,183336,183336,0,0,0,0,0,0,0,0,0,0,0,0,0,0,0,0,0,0,0,0,0,0,0,0,0,0,0,0,0,0,0,0,0,0,0,0,2,2,2,2,2,2,2,2,2,2,2,2,2,2,2,2,2,2,2,2,2,2,2,2,2,2,2,2,2,2,2,2,2,2,2,2
2026-02-04 16:04:18,183336,183336,183336,183336,183337,183336,183336,183336,183336,183336,183336,183336,183336,183336,183336,183335,183335,183335,183335,183335,183335,183335,183523,183336,183335,183335,183337,183336,183336,183336,183336,183336,183336,183336,183336,183336,0,0,0,0,0,0,0,0,0,0,0,0,0,0,0,0,0,0,0,0,0,0,0,0,0,0,0,0,0,0,0,0,0,0,0,0,2,2,2,2,2,2,2,2,2,2,2,2,2,2,2,2,2,2,2,2,2,2,2,2,2,2,2,2,2,2,2,2,2,2,2,2
2026-02-04 16:04:19,183336,183336,183336,183336,183337,183336,183336,183336,183336,183336,183336,183336,183336,183336,183336,183336,183336,183336,183336,183336,183336,183336,183524,183337,183336,183336,183338,183337,183337,183337,183336,183336,183336,183336,183336,183336,0,0,0,0,0,0,0,0,0,0,0,0,0,0,0,0,0,0,0,0,0,0,0,0,0,0,0,0,0,0,0,0,0,0,0,0,2,2,2,2,2,2,2,2,2,2,2,2,2,2,2,2,2,2,2,2,2,2,2,2,2,2,2,2,2,2,2,2,2,2,2,2
2026-02-04 16:04:20,183337,183337,183337,183337,183338,183337,183337,183337,183336,183336,183336,183336,183336,183336,183336,183336,183336,183336,183336,183336,183336,183336,183524,183337,183336,183336,183338,183337,183337,183337,183337,183337,183337,183337,183337,183337,0,0,0,0,0,0,0,0,0,0,0,0,0,0,0,0,0,0,0,0,0,0,0,0,0,0,0,0,0,0,0,0,0,0,0,0,2,2,2,2,2,2,2,2,2,2,2,2,2,2,2,2,2,2,2,2,2,2,2,2,2,2,2,2,2,2,2,2,2,2,2,2
2026-02-04 16:04:21,183337,183337,183337,183337,183338,183337,183337,183337,183337,183337,183337,183337,183337,183337,183337,183337,183337,183337,183337,183337,183337,183337,183525,183337,183336,183336,183338,183337,183337,183337,183337,183337,183337,183337,183337,183337,0,0,0,0,0,0,0,0,0,0,0,0,0,0,0,0,0,0,0,0,0,0,0,0,0,0,0,0,0,0,0,0,0,0,0,0,2,2,2,2,2,2,2,2,2,2,2,2,2,2,2,2,2,2,2,2,2,2,2,2,2,2,2,2,2,2,2,2,2,2,2,2
2026-02-04 16:04:22,183338,183337,183337,183337,183338,183337,183337,183337,183337,183337,183337,183337,183337,183337,183337,183337,183337,183337,183337,183337,183337,183337,183525,183338,183337,183337,183339,183338,183338,183338,183338,183338,183338,183338,183338,183338,0,0,0,0,0,0,0,0,0,0,0,0,0,0,0,0,0,0,0,0,0,0,0,0,0,0,0,0,0,0,0,0,0,0,0,0,2,2,2,2,2,2,2,2,2,2,2,2,2,2,2,2,2,2,2,2,2,2,2,2,2,2,2,2,2,2,2,2,2,2,2,2
2026-02-04 16:04:23,183338,183338,183338,183338,183339,183338,183338,183338,183338,183338,183338,183338,183338,183338,183338,183338,183337,183337,183337,183337,183337,183337,183525,183338,183337,183337,183339,183338,183338,183338,183338,183338,183338,183338,183338,183338,0,0,0,0,0,0,0,0,0,0,0,0,0,0,0,0,0,0,0,0,0,0,0,0,0,0,0,0,0,0,0,0,0,0,0,0,2,2,2,2,2,2,2,2,2,2,2,2,2,2,2,2,2,2,2,2,2,2,2,2,2,2,2,2,2,2,2,2,2,2,2,2
2026-02-04 16:04:24,183338,183338,183338,183338,183339,183338,183338,183338,183338,183338,183338,183338,183338,183338,183338,183338,183338,183338,183338,183338,183338,183338,183526,183339,183338,183338,183340,183339,183339,183339,183338,183338,183338,183338,183338,183338,0,0,0,0,0,0,0,0,0,0,0,0,0,0,0,0,0,0,0,0,0,0,0,0,0,0,0,0,0,0,0,0,0,0,0,0,2,2,2,2,2,2,2,2,2,2,2,2,2,2,2,2,2,2,2,2,2,2,2,2,2,2,2,2,2,2,2,2,2,2,2,2
2026-02-04 16:04:25,183339,183339,183339,183339,183340,183339,183339,183339,183339,183338,183338,183338,183338,183338,183338,183338,183338,183338,183338,183338,183338,183338,183526,183339,183338,183338,183340,183339,183339,183339,183339,183339,183339,183339,183339,183339,0,0,0,0,0,0,0,0,0,0,0,0,0,0,0,0,0,0,0,0,0,0,0,0,0,0,0,0,0,0,0,0,0,0,0,0,2,2,2,2,2,2,2,2,2,2,2,2,2,2,2,2,2,2,2,2,2,2,2,2,2,2,2,2,2,2,2,2,2,2,2,2
2026-02-04 16:04:26,183339,183339,183339,183339,183340,183339,183339,183339,183339,183339,183339,183339,183339,183339,183339,183339,183339,183339,183339,183339,183339,183339,183527,183339,183338,183338,183340,183339,183339,183339,183339,183339,183339,183339,183339,183339,0,0,0,0,0,0,0,0,0,0,0,0,0,0,0,0,0,0,0,0,0,0,0,0,0,0,0,0,0,0,0,0,0,0,0,0,2,2,2,2,2,2,2,2,2,2,2,2,2,2,2,2,2,2,2,2,2,2,2,2,2,2,2,2,2,2,2,2,2,2,2,2
2026-02-04 16:04:27,183340,183340,183339,183339,183340,183339,183339,183339,183339,183339,183339,183339,183339,183339,183339,183339,183339,183339,183339,183339,183339,183339,183527,183340,183339,183339,183341,183340,183340,183340,183340,183340,183340,183340,183340,183340,0,0,0,0,0,0,0,0,0,0,0,0,0,0,0,0,0,0,0,0,0,0,0,0,0,0,0,0,0,0,0,0,0,0,0,0,2,2,2,2,2,2,2,2,2,2,2,2,2,2,2,2,2,2,2,2,2,2,2,2,2,2,2,2,2,2,2,2,2,2,2,2
2026-02-04 16:04:28,183340,183340,183340,183340,183341,183340,183340,183340,183340,183340,183340,183340,183340,183340,183340,183340,183339,183339,183339,183339,183339,183339,183527,183340,183339,183339,183341,183340,183340,183340,183340,183340,183340,183340,183340,183340,0,0,0,0,0,0,0,0,0,0,0,0,0,0,0,0,0,0,0,0,0,0,0,0,0,0,0,0,0,0,0,0,0,0,0,0,2,2,2,2,2,2,2,2,2,2,2,2,2,2,2,2,2,2,2,2,2,2,2,2,2,2,2,2,2,2,2,2,2,2,2,2
2026-02-04 16:04:29,183340,183340,183340,183340,183341,183340,183340,183340,183340,183340,183340,183340,183340,183340,183340,183340,183340,183340,183340,183340,183340,183340,183528,183341,183340,183340,183342,183341,183341,183341,183340,183340,183340,183340,183340,183340,0,0,0,0,0,0,0,0,0,0,0,0,0,0,0,0,0,0,0,0,0,0,0,0,0,0,0,0,0,0,0,0,0,0,0,0,2,2,2,2,2,2,2,2,2,2,2,2,2,2,2,2,2,2,2,2,2,2,2,2,2,2,2,2,2,2,2,2,2,2,2,2
2026-02-04 16:04:30,183341,183341,183341,183341,183342,183341,183341,183341,183341,183340,183340,183340,183340,183340,183340,183340,183340,183340,183340,183340,183340,183340,183528,183341,183340,183340,183342,183341,183341,183341,183341,183341,183341,183341,183341,183341,0,0,0,0,0,0,0,0,0,0,0,0,0,0,0,0,0,0,0,0,0,0,0,0,0,0,0,0,0,0,0,0,0,0,0,0,2,2,2,2,2,2,2,2,2,2,2,2,2,2,2,2,2,2,2,2,2,2,2,2,2,2,2,2,2,2,2,2,2,2,2,2
2026-02-04 16:04:31,183341,183341,183341,183341,183342,183341,183341,183341,183341,183341,183341,183341,183341,183341,183341,183341,183341,183341,183341,183341,183341,183341,183529,183341,183340,183340,183342,183341,183341,183341,183341,183341,183341,183341,183341,183341,0,0,0,0,0,0,0,0,0,0,0,0,0,0,0,0,0,0,0,0,0,0,0,0,0,0,0,0,0,0,0,0,0,0,0,0,2,2,2,2,2,2,2,2,2,2,2,2,2,2,2,2,2,2,2,2,2,2,2,2,2,2,2,2,2,2,2,2,2,2,2,2
2026-02-04 16:04:32,183342,183342,183341,183341,183342,183341,183341,183341,183341,183341,183341,183341,183341,183341,183341,183341,183341,183341,183341,183341,183341,183341,183529,183342,183341,183341,183343,183342,183342,183342,183342,183342,183342,183342,183342,183342,0,0,0,0,0,0,0,0,0,0,0,0,0,0,0,0,0,0,0,0,0,0,0,0,0,0,0,0,0,0,0,0,0,0,0,0,2,2,2,2,2,2,2,2,2,2,2,2,2,2,2,2,2,2,2,2,2,2,2,2,2,2,2,2,2,2,2,2,2,2,2,2
2026-02-04 16:04:33,183342,183342,183342,183342,183343,183342,183342,183342,183342,183342,183342,183342,183342,183342,183342,183342,183341,183341,183341,183341,183341,183341,183529,183342,183341,183341,183343,183342,183342,183342,183342,183342,183342,183342,183342,183342,0,0,0,0,0,0,0,0,0,0,0,0,0,0,0,0,0,0,0,0,0,0,0,0,0,0,0,0,0,0,0,0,0,0,0,0,2,2,2,2,2,2,2,2,2,2,2,2,2,2,2,2,2,2,2,2,2,2,2,2,2,2,2,2,2,2,2,2,2,2,2,2
2026-02-04 16:04:34,183342,183342,183342,183342,183343,183342,183342,183342,183342,183342,183342,183342,183342,183342,183342,183342,183342,183342,183342,183342,183342,183342,183530,183343,183342,183342,183344,183343,183343,183343,183343,183342,183342,183342,183342,183342,0,0,0,0,0,0,0,0,0,0,0,0,0,0,0,0,0,0,0,0,0,0,0,0,0,0,0,0,0,0,0,0,0,0,0,0,2,2,2,2,2,2,2,2,2,2,2,2,2,2,2,2,2,2,2,2,2,2,2,2,2,2,2,2,2,2,2,2,2,2,2,2
2026-02-04 16:04:35,183343,183343,183343,183343,183344,183343,183343,183343,183343,183342,183342,183342,183342,183342,183342,183342,183342,183342,183342,183342,183342,183342,183530,183343,183342,183342,183344,183343,183343,183343,183343,183343,183343,183343,183343,183343,0,0,0,0,0,0,0,0,0,0,0,0,0,0,0,0,0,0,0,0,0,0,0,0,0,0,0,0,0,0,0,0,0,0,0,0,2,2,2,2,2,2,2,2,2,2,2,2,2,2,2,2,2,2,2,2,2,2,2,2,2,2,2,2,2,2,2,2,2,2,2,2
2026-02-04 16:04:36,183343,183343,183343,183343,183344,183343,183343,183343,183343,183343,183343,183343,183343,183343,183343,183343,183343,183343,183343,183343,183343,183343,183531,183344,183342,183342,183344,183343,183343,183343,183343,183343,183343,183343,183343,183343,0,0,0,0,0,0,0,0,0,0,0,0,0,0,0,0,0,0,0,0,0,0,0,0,0,0,0,0,0,0,0,0,0,0,0,0,2,2,2,2,2,2,2,2,2,2,2,2,2,2,2,2,2,2,2,2,2,2,2,2,2,2,2,2,2,2,2,2,2,2,2,2
2026-02-04 16:04:37,183344,183344,183343,183343,183344,183343,183343,183343,183343,183343,183343,183343,183343,183343,183343,183343,183343,183343,183343,183343,183343,183343,183531,183344,183343,183343,183345,183344,183344,183344,183344,183344,183344,183344,183344,183344,0,0,0,0,0,0,0,0,0,0,0,0,0,0,0,0,0,0,0,0,0,0,0,0,0,0,0,0,0,0,0,0,0,0,0,0,2,2,2,2,2,2,2,2,2,2,2,2,2,2,2,2,2,2,2,2,2,2,2,2,2,2,2,2,2,2,2,2,2,2,2,2
2026-02-04 16:04:38,183344,183344,183344,183344,183345,183344,183344,183344,183344,183344,183344,183344,183344,183344,183344,183344,183344,183343,183343,183343,183343,183343,183531,183344,183343,183343,183345,183344,183344,183344,183344,183344,183344,183344,183344,183344,0,0,0,0,0,0,0,0,0,0,0,0,0,0,0,0,0,0,0,0,0,0,0,0,0,0,0,0,0,0,0,0,0,0,0,0,2,2,2,2,2,2,2,2,2,2,2,2,2,2,2,2,2,2,2,2,2,2,2,2,2,2,2,2,2,2,2,2,2,2,2,2
2026-02-04 16:04:39,183344,183344,183344,183344,183345,183344,183344,183344,183344,183344,183344,183344,183344,183344,183344,183344,183344,183344,183344,183344,183344,183344,183532,183345,183344,183344,183346,183345,183345,183345,183345,183344,183344,183344,183344,183344,0,0,0,0,0,0,0,0,0,0,0,0,0,0,0,0,0,0,0,0,0,0,0,0,0,0,0,0,0,0,0,0,0,0,0,0,2,2,2,2,2,2,2,2,2,2,2,2,2,2,2,2,2,2,2,2,2,2,2,2,2,2,2,2,2,2,2,2,2,2,2,2
2026-02-04 16:04:40,183345,183345,183345,183345,183346,183345,183345,183345,183345,183344,183344,183344,183344,183344,183344,183344,183344,183344,183344,183344,183344,183344,183532,183345,183344,183344,183346,183345,183345,183345,183345,183345,183345,183345,183345,183345,0,0,0,0,0,0,0,0,0,0,0,0,0,0,0,0,0,0,0,0,0,0,0,0,0,0,0,0,0,0,0,0,0,0,0,0,2,2,2,2,2,2,2,2,2,2,2,2,2,2,2,2,2,2,2,2,2,2,2,2,2,2,2,2,2,2,2,2,2,2,2,2
2026-02-04 16:04:41,183345,183345,183345,183345,183346,183345,183345,183345,183345,183345,183345,183345,183345,183345,183345,183345,183345,183345,183345,183345,183345,183345,183533,183346,183344,183344,183346,183345,183345,183345,183345,183345,183345,183345,183345,183345,0,0,0,0,0,0,0,0,0,0,0,0,0,0,0,0,0,0,0,0,0,0,0,0,0,0,0,0,0,0,0,0,0,0,0,0,2,2,2,2,2,2,2,2,2,2,2,2,2,2,2,2,2,2,2,2,2,2,2,2,2,2,2,2,2,2,2,2,2,2,2,2
2026-02-04 16:04:42,183346,183346,183345,183345,183346,183345,183345,183345,183345,183345,183345,183345,183345,183345,183345,183345,183345,183345,183345,183345,183345,183345,183533,183346,183345,183345,183347,183346,183346,183346,183346,183346,183346,183346,183346,183346,0,0,0,0,0,0,0,0,0,0,0,0,0,0,0,0,0,0,0,0,0,0,0,0,0,0,0,0,0,0,0,0,0,0,0,0,2,2,2,2,2,2,2,2,2,2,2,2,2,2,2,2,2,2,2,2,2,2,2,2,2,2,2,2,2,2,2,2,2,2,2,2
2026-02-04 16:04:43,183346,183346,183346,183346,183347,183346,183346,183346,183346,183346,183346,183346,183346,183346,183346,183346,183346,183345,183345,183345,183345,183345,183533,183346,183345,183345,183347,183346,183346,183346,183346,183346,183346,183346,183346,183346,0,0,0,0,0,0,0,0,0,0,0,0,0,0,0,0,0,0,0,0,0,0,0,0,0,0,0,0,0,0,0,0,0,0,0,0,2,2,2,2,2,2,2,2,2,2,2,2,2,2,2,2,2,2,2,2,2,2,2,2,2,2,2,2,2,2,2,2,2,2,2,2
2026-02-04 16:04:44,183346,183346,183346,183346,183347,183346,183346,183346,183346,183346,183346,183346,183346,183346,183346,183346,183346,183346,183346,183346,183346,183346,183534,183347,183346,183346,183348,183347,183347,183347,183347,183346,183346,183346,183346,183346,0,0,0,0,0,0,0,0,0,0,0,0,0,0,0,0,0,0,0,0,0,0,0,0,0,0,0,0,0,0,0,0,0,0,0,0,2,2,2,2,2,2,2,2,2,2,2,2,2,2,2,2,2,2,2,2,2,2,2,2,2,2,2,2,2,2,2,2,2,2,2,2
2026-02-04 16:04:45,183347,183347,183347,183347,183348,183347,183347,183347,183347,183347,183346,183346,183346,183346,183346,183346,183346,183346,183346,183346,183346,183346,183534,183347,183346,183346,183348,183347,183347,183347,183347,183347,183347,183347,183347,183347,0,0,0,0,0,0,0,0,0,0,0,0,0,0,0,0,0,0,0,0,0,0,0,0,0,0,0,0,0,0,0,0,0,0,0,0,2,2,2,2,2,2,2,2,2,2,2,2,2,2,2,2,2,2,2,2,2,2,2,2,2,2,2,2,2,2,2,2,2,2,2,2
2026-02-04 16:04:46,183347,183347,183347,183347,183348,183347,183347,183347,183347,183347,183347,183347,183347,183347,183347,183347,183347,183347,183347,183347,183347,183347,183535,183348,183346,183346,183348,183347,183347,183347,183347,183347,183347,183347,183347,183347,0,0,0,0,0,0,0,0,0,0,0,0,0,0,0,0,0,0,0,0,0,0,0,0,0,0,0,0,0,0,0,0,0,0,0,0,2,2,2,2,2,2,2,2,2,2,2,2,2,2,2,2,2,2,2,2,2,2,2,2,2,2,2,2,2,2,2,2,2,2,2,2
2026-02-04 16:04:47,183348,183348,183348,183347,183348,183347,183347,183347,183347,183347,183347,183347,183347,183347,183347,183347,183347,183347,183347,183347,183347,183347,183535,183348,183347,183347,183349,183348,183348,183348,183348,183348,183348,183348,183348,183348,0,0,0,0,0,0,0,0,0,0,0,0,0,0,0,0,0,0,0,0,0,0,0,0,0,0,0,0,0,0,0,0,0,0,0,0,2,2,2,2,2,2,2,2,2,2,2,2,2,2,2,2,2,2,2,2,2,2,2,2,2,2,2,2,2,2,2,2,2,2,2,2
2026-02-04 16:04:48,183348,183348,183348,183348,183349,183348,183348,183348,183348,183348,183348,183348,183348,183348,183348,183348,183348,183347,183347,183347,183347,183347,183535,183348,183347,183347,183349,183348,183348,183348,183348,183348,183348,183348,183348,183348,0,0,0,0,0,0,0,0,0,0,0,0,0,0,0,0,0,0,0,0,0,0,0,0,0,0,0,0,0,0,0,0,0,0,0,0,2,2,2,2,2,2,2,2,2,2,2,2,2,2,2,2,2,2,2,2,2,2,2,2,2,2,2,2,2,2,2,2,2,2,2,2
2026-02-04 16:04:49,183348,183348,183348,183348,183349,183348,183348,183348,183348,183348,183348,183348,183348,183348,183348,183348,183348,183348,183348,183348,183348,183348,183536,183349,183348,183348,183350,183349,183349,183349,183349,183348,183348,183348,183348,183348,0,0,0,0,0,0,0,0,0,0,0,0,0,0,0,0,0,0,0,0,0,0,0,0,0,0,0,0,0,0,0,0,0,0,0,0,2,2,2,2,2,2,2,2,2,2,2,2,2,2,2,2,2,2,2,2,2,2,2,2,2,2,2,2,2,2,2,2,2,2,2,2
2026-02-04 16:04:50,183349,183349,183349,183349,183350,183349,183349,183349,183349,183349,183348,183348,183348,183348,183348,183348,183348,183348,183348,183348,183348,183348,183536,183349,183348,183348,183350,183349,183349,183349,183349,183349,183349,183349,183349,183349,0,0,0,0,0,0,0,0,0,0,0,0,0,0,0,0,0,0,0,0,0,0,0,0,0,0,0,0,0,0,0,0,0,0,0,0,2,2,2,2,2,2,2,2,2,2,2,2,2,2,2,2,2,2,2,2,2,2,2,2,2,2,2,2,2,2,2,2,2,2,2,2
2026-02-04 16:04:51,183349,183349,183349,183349,183350,183349,183349,183349,183349,183349,183349,183349,183349,183349,183349,183349,183349,183349,183349,183349,183349,183349,183537,183350,183348,183348,183350,183349,183349,183349,183349,183349,183349,183349,183349,183349,0,0,0,0,0,0,0,0,0,0,0,0,0,0,0,0,0,0,0,0,0,0,0,0,0,0,0,0,0,0,0,0,0,0,0,0,2,2,2,2,2,2,2,2,2,2,2,2,2,2,2,2,2,2,2,2,2,2,2,2,2,2,2,2,2,2,2,2,2,2,2,2
2026-02-04 16:04:52,183350,183350,183350,183349,183350,183349,183349,183349,183349,183349,183349,183349,183349,183349,183349,183349,183349,183349,183349,183349,183349,183349,183537,183350,183349,183349,183351,183350,183350,183350,183350,183350,183350,183350,183350,183350,0,0,0,0,0,0,0,0,0,0,0,0,0,0,0,0,0,0,0,0,0,0,0,0,0,0,0,0,0,0,0,0,0,0,0,0,2,2,2,2,2,2,2,2,2,2,2,2,2,2,2,2,2,2,2,2,2,2,2,2,2,2,2,2,2,2,2,2,2,2,2,2
2026-02-04 16:04:53,183350,183350,183350,183350,183351,183350,183350,183350,183350,183350,183350,183350,183350,183350,183350,183350,183350,183349,183349,183349,183349,183349,183537,183350,183349,183349,183351,183350,183350,183350,183350,183350,183350,183350,183350,183350,0,0,0,0,0,0,0,0,0,0,0,0,0,0,0,0,0,0,0,0,0,0,0,0,0,0,0,0,0,0,0,0,0,0,0,0,2,2,2,2,2,2,2,2,2,2,2,2,2,2,2,2,2,2,2,2,2,2,2,2,2,2,2,2,2,2,2,2,2,2,2,2
2026-02-04 16:04:54,183350,183350,183350,183350,183351,183350,183350,183350,183350,183350,183350,183350,183350,183350,183350,183350,183350,183350,183350,183350,183350,183350,183538,183351,183350,183350,183352,183351,183351,183351,183351,183351,183350,183350,183350,183350,0,0,0,0,0,0,0,0,0,0,0,0,0,0,0,0,0,0,0,0,0,0,0,0,0,0,0,0,0,0,0,0,0,0,0,0,2,2,2,2,2,2,2,2,2,2,2,2,2,2,2,2,2,2,2,2,2,2,2,2,2,2,2,2,2,2,2,2,2,2,2,2
2026-02-04 16:04:55,183351,183351,183351,183351,183352,183351,183351,183351,183351,183351,183350,183350,183350,183350,183350,183350,183350,183350,183350,183350,183350,183350,183538,183351,183350,183350,183352,183351,183351,183351,183351,183351,183351,183351,183351,183351,0,0,0,0,0,0,0,0,0,0,0,0,0,0,0,0,0,0,0,0,0,0,0,0,0,0,0,0,0,0,0,0,0,0,0,0,2,2,2,2,2,2,2,2,2,2,2,2,2,2,2,2,2,2,2,2,2,2,2,2,2,2,2,2,2,2,2,2,2,2,2,2
2026-02-04 16:04:56,183351,183351,183351,183351,183352,183351,183351,183351,183351,183351,183351,183351,183351,183351,183351,183351,183351,183351,183351,183351,183351,183351,183539,183352,183351,183350,183352,183351,183351,183351,183351,183351,183351,183351,183351,183351,0,0,0,0,0,0,0,0,0,0,0,0,0,0,0,0,0,0,0,0,0,0,0,0,0,0,0,0,0,0,0,0,0,0,0,0,2,2,2,2,2,2,2,2,2,2,2,2,2,2,2,2,2,2,2,2,2,2,2,2,2,2,2,2,2,2,2,2,2,2,2,2
2026-02-04 16:04:57,183352,183352,183352,183351,183352,183351,183351,183351,183351,183351,183351,183351,183351,183351,183351,183351,183351,183351,183351,183351,183351,183351,183539,183352,183351,183351,183353,183352,183352,183352,183352,183352,183352,183352,183352,183352,0,0,0,0,0,0,0,0,0,0,0,0,0,0,0,0,0,0,0,0,0,0,0,0,0,0,0,0,0,0,0,0,0,0,0,0,2,2,2,2,2,2,2,2,2,2,2,2,2,2,2,2,2,2,2,2,2,2,2,2,2,2,2,2,2,2,2,2,2,2,2,2
2026-02-04 16:04:58,183352,183352,183352,183352,183353,183352,183352,183352,183352,183352,183352,183352,183352,183352,183352,183352,183352,183352,183351,183351,183351,183351,183539,183352,183351,183351,183353,183352,183352,183352,183352,183352,183352,183352,183352,183352,0,0,0,0,0,0,0,0,0,0,0,0,0,0,0,0,0,0,0,0,0,0,0,0,0,0,0,0,0,0,0,0,0,0,0,0,2,2,2,2,2,2,2,2,2,2,2,2,2,2,2,2,2,2,2,2,2,2,2,2,2,2,2,2,2,2,2,2,2,2,2,2
2026-02-04 16:04:59,183352,183352,183352,183352,183353,183352,183352,183352,183352,183352,183352,183352,183352,183352,183352,183352,183352,183352,183352,183352,183352,183352,183540,183353,183352,183352,183354,183353,183353,183353,183353,183353,183352,183352,183352,183352,0,0,0,0,0,0,0,0,0,0,0,0,0,0,0,0,0,0,0,0,0,0,0,0,0,0,0,0,0,0,0,0,0,0,0,0,2,2,2,2,2,2,2,2,2,2,2,2,2,2,2,2,2,2,2,2,2,2,2,2,2,2,2,2,2,2,2,2,2,2,2,2
2026-02-04 16:05:00,183353,183353,183353,183353,183354,183353,183353,183353,183353,183353,183352,183352,183352,183352,183352,183352,183352,183352,183352,183352,183352,183352,183540,183353,183352,183352,183354,183353,183353,183353,183353,183353,183353,183353,183353,183353,0,0,0,0,0,0,0,0,0,0,0,0,0,0,0,0,0,0,0,0,0,0,0,0,0,0,0,0,0,0,0,0,0,0,0,0,2,2,2,2,2,2,2,2,2,2,2,2,2,2,2,2,2,2,2,2,2,2,2,2,2,2,2,2,2,2,2,2,2,2,2,2
2026-02-04 16:05:01,183353,183353,183353,183353,183354,183353,183353,183353,183353,183353,183353,183353,183353,183353,183353,183353,183353,183353,183353,183353,183353,183353,183541,183354,183353,183352,183354,183353,183353,183353,183353,183353,183353,183353,183353,183353,0,0,0,0,0,0,0,0,0,0,0,0,0,0,0,0,0,0,0,0,0,0,0,0,0,0,0,0,0,0,0,0,0,0,0,0,2,2,2,2,2,2,2,2,2,2,2,2,2,2,2,2,2,2,2,2,2,2,2,2,2,2,2,2,2,2,2,2,2,2,2,2
2026-02-04 16:05:02,183354,183354,183354,183353,183354,183353,183353,183353,183353,183353,183353,183353,183353,183353,183353,183353,183353,183353,183353,183353,183353,183353,183541,183354,183353,183353,183355,183354,183354,183354,183354,183354,183354,183354,183354,183354,0,0,0,0,0,0,0,0,0,0,0,0,0,0,0,0,0,0,0,0,0,0,0,0,0,0,0,0,0,0,0,0,0,0,0,0,2,2,2,2,2,2,2,2,2,2,2,2,2,2,2,2,2,2,2,2,2,2,2,2,2,2,2,2,2,2,2,2,2,2,2,2
2026-02-04 16:05:03,183354,183354,183354,183354,183355,183354,183354,183354,183354,183354,183354,183354,183354,183354,183354,183354,183354,183354,183353,183353,183353,183353,183541,183354,183353,183353,183355,183354,183354,183354,183354,183354,183354,183354,183354,183354,0,0,0,0,0,0,0,0,0,0,0,0,0,0,0,0,0,0,0,0,0,0,0,0,0,0,0,0,0,0,0,0,0,0,0,0,2,2,2,2,2,2,2,2,2,2,2,2,2,2,2,2,2,2,2,2,2,2,2,2,2,2,2,2,2,2,2,2,2,2,2,2
2026-02-04 16:05:04,183354,183354,183354,183354,183355,183354,183354,183354,183354,183354,183354,183354,183354,183354,183354,183354,183354,183354,183354,183354,183354,183354,183542,183355,183354,183354,183356,183355,183355,183355,183355,183355,183354,183354,183354,183354,0,0,0,0,0,0,0,0,0,0,0,0,0,0,0,0,0,0,0,0,0,0,0,0,0,0,0,0,0,0,0,0,0,0,0,0,2,2,2,2,2,2,2,2,2,2,2,2,2,2,2,2,2,2,2,2,2,2,2,2,2,2,2,2,2,2,2,2,2,2,2,2
2026-02-04 16:05:05,183355,183355,183355,183355,183356,183355,183355,183355,183355,183355,183355,183354,183354,183354,183354,183354,183354,183354,183354,183354,183354,183354,183542,183355,183354,183354,183356,183355,183355,183355,183355,183355,183355,183355,183355,183355,0,0,0,0,0,0,0,0,0,0,0,0,0,0,0,0,0,0,0,0,0,0,0,0,0,0,0,0,0,0,0,0,0,0,0,0,2,2,2,2,2,2,2,2,2,2,2,2,2,2,2,2,2,2,2,2,2,2,2,2,2,2,2,2,2,2,2,2,2,2,2,2
2026-02-04 16:05:06,183355,183355,183355,183355,183356,183355,183355,183355,183355,183355,183355,183355,183355,183355,183355,183355,183355,183355,183355,183355,183355,183355,183543,183356,183355,183354,183356,183355,183355,183355,183355,183355,183355,183355,183355,183355,0,0,0,0,0,0,0,0,0,0,0,0,0,0,0,0,0,0,0,0,0,0,0,0,0,0,0,0,0,0,0,0,0,0,0,0,2,2,2,2,2,2,2,2,2,2,2,2,2,2,2,2,2,2,2,2,2,2,2,2,2,2,2,2,2,2,2,2,2,2,2,2
2026-02-04 16:05:07,183356,183356,183356,183356,183356,183355,183355,183355,183355,183355,183355,183355,183355,183355,183355,183355,183355,183355,183355,183355,183355,183355,183543,183356,183355,183355,183357,183356,183356,183356,183356,183356,183356,183356,183356,183356,0,0,0,0,0,0,0,0,0,0,0,0,0,0,0,0,0,0,0,0,0,0,0,0,0,0,0,0,0,0,0,0,0,0,0,0,2,2,2,2,2,2,2,2,2,2,2,2,2,2,2,2,2,2,2,2,2,2,2,2,2,2,2,2,2,2,2,2,2,2,2,2
2026-02-04 16:05:08,183356,183356,183356,183356,183357,183356,183356,183356,183356,183356,183356,183356,183356,183356,183356,183356,183356,183356,183355,183355,183355,183355,183543,183356,183355,183355,183357,183356,183356,183356,183356,183356,183356,183356,183356,183356,0,0,0,0,0,0,0,0,0,0,0,0,0,0,0,0,0,0,0,0,0,0,0,0,0,0,0,0,0,0,0,0,0,0,0,0,2,2,2,2,2,2,2,2,2,2,2,2,2,2,2,2,2,2,2,2,2,2,2,2,2,2,2,2,2,2,2,2,2,2,2,2
2026-02-04 16:05:09,183356,183356,183356,183356,183357,183356,183356,183356,183356,183356,183356,183356,183356,183356,183356,183356,183356,183356,183356,183356,183356,183356,183544,183357,183356,183356,183358,183357,183357,183357,183357,183357,183357,183356,183356,183356,0,0,0,0,0,0,0,0,0,0,0,0,0,0,0,0,0,0,0,0,0,0,0,0,0,0,0,0,0,0,0,0,0,0,0,0,2,2,2,2,2,2,2,2,2,2,2,2,2,2,2,2,2,2,2,2,2,2,2,2,2,2,2,2,2,2,2,2,2,2,2,2
2026-02-04 16:05:10,183357,183357,183357,183357,183358,183357,183357,183357,183357,183357,183357,183356,183356,183356,183356,183356,183356,183356,183356,183356,183356,183356,183544,183357,183356,183356,183358,183357,183357,183357,183357,183357,183357,183357,183357,183357,0,0,0,0,0,0,0,0,0,0,0,0,0,0,0,0,0,0,0,0,0,0,0,0,0,0,0,0,0,0,0,0,0,0,0,0,2,2,2,2,2,2,2,2,2,2,2,2,2,2,2,2,2,2,2,2,2,2,2,2,2,2,2,2,2,2,2,2,2,2,2,2
2026-02-04 16:05:11,183357,183357,183357,183357,183358,183357,183357,183357,183357,183357,183357,183357,183357,183357,183357,183357,183357,183357,183357,183357,183357,183357,183545,183358,183357,183356,183358,183357,183357,183357,183357,183357,183357,183357,183357,183357,0,0,0,0,0,0,0,0,0,0,0,0,0,0,0,0,0,0,0,0,0,0,0,0,0,0,0,0,0,0,0,0,0,0,0,0,2,2,2,2,2,2,2,2,2,2,2,2,2,2,2,2,2,2,2,2,2,2,2,2,2,2,2,2,2,2,2,2,2,2,2,2
2026-02-04 16:05:12,183358,183358,183358,183358,183358,183357,183357,183357,183357,183357,183357,183357,183357,183357,183357,183357,183357,183357,183357,183357,183357,183357,183545,183358,183357,183357,183359,183358,183358,183358,183358,183358,183358,183358,183358,183358,0,0,0,0,0,0,0,0,0,0,0,0,0,0,0,0,0,0,0,0,0,0,0,0,0,0,0,0,0,0,0,0,0,0,0,0,2,2,2,2,2,2,2,2,2,2,2,2,2,2,2,2,2,2,2,2,2,2,2,2,2,2,2,2,2,2,2,2,2,2,2,2
2026-02-04 16:05:13,183358,183358,183358,183358,183359,183358,183358,183358,183358,183358,183358,183358,183358,183358,183358,183358,183358,183358,183357,183357,183357,183357,183545,183358,183357,183357,183359,183358,183358,183358,183358,183358,183358,183358,183358,183358,0,0,0,0,0,0,0,0,0,0,0,0,0,0,0,0,0,0,0,0,0,0,0,0,0,0,0,0,0,0,0,0,0,0,0,0,2,2,2,2,2,2,2,2,2,2,2,2,2,2,2,2,2,2,2,2,2,2,2,2,2,2,2,2,2,2,2,2,2,2,2,2
2026-02-04 16:05:14,183358,183358,183358,183358,183359,183358,183358,183358,183358,183358,183358,183358,183358,183358,183358,183358,183358,183358,183358,183358,183358,183358,183546,183359,183358,183358,183360,183359,183359,183359,183359,183359,183359,183358,183358,183358,0,0,0,0,0,0,0,0,0,0,0,0,0,0,0,0,0,0,0,0,0,0,0,0,0,0,0,0,0,0,0,0,0,0,0,0,2,2,2,2,2,2,2,2,2,2,2,2,2,2,2,2,2,2,2,2,2,2,2,2,2,2,2,2,2,2,2,2,2,2,2,2
2026-02-04 16:05:15,183359,183359,183359,183359,183360,183359,183359,183359,183359,183359,183359,183358,183358,183358,183358,183358,183358,183358,183358,183358,183358,183358,183546,183359,183358,183358,183360,183359,183359,183359,183359,183359,183359,183359,183359,183359,0,0,0,0,0,0,0,0,0,0,0,0,0,0,0,0,0,0,0,0,0,0,0,0,0,0,0,0,0,0,0,0,0,0,0,0,2,2,2,2,2,2,2,2,2,2,2,2,2,2,2,2,2,2,2,2,2,2,2,2,2,2,2,2,2,2,2,2,2,2,2,2
2026-02-04 16:05:16,183359,183359,183359,183359,183360,183359,183359,183359,183359,183359,183359,183359,183359,183359,183359,183359,183359,183359,183359,183359,183359,183359,183547,183360,183359,183359,183360,183359,183359,183359,183359,183359,183359,183359,183359,183359,0,0,0,0,0,0,0,0,0,0,0,0,0,0,0,0,0,0,0,0,0,0,0,0,0,0,0,0,0,0,0,0,0,0,0,0,2,2,2,2,2,2,2,2,2,2,2,2,2,2,2,2,2,2,2,2,2,2,2,2,2,2,2,2,2,2,2,2,2,2,2,2
2026-02-04 16:05:17,183360,183360,183360,183360,183360,183359,183359,183359,183359,183359,183359,183359,183359,183359,183359,183359,183359,183359,183359,183359,183359,183359,183547,183360,183359,183359,183361,183360,183360,183360,183360,183360,183360,183360,183360,183360,0,0,0,0,0,0,0,0,0,0,0,0,0,0,0,0,0,0,0,0,0,0,0,0,0,0,0,0,0,0,0,0,0,0,0,0,2,2,2,2,2,2,2,2,2,2,2,2,2,2,2,2,2,2,2,2,2,2,2,2,2,2,2,2,2,2,2,2,2,2,2,2
2026-02-04 16:05:18,183360,183360,183360,183360,183361,183360,183360,183360,183360,183360,183360,183360,183360,183360,183360,183360,183360,183360,183360,183359,183359,183359,183547,183360,183359,183359,183361,183360,183360,183360,183360,183360,183360,183360,183360,183360,0,0,0,0,0,0,0,0,0,0,0,0,0,0,0,0,0,0,0,0,0,0,0,0,0,0,0,0,0,0,0,0,0,0,0,0,2,2,2,2,2,2,2,2,2,2,2,2,2,2,2,2,2,2,2,2,2,2,2,2,2,2,2,2,2,2,2,2,2,2,2,2
2026-02-04 16:05:19,183360,183360,183360,183360,183361,183360,183360,183360,183360,183360,183360,183360,183360,183360,183360,183360,183360,183360,183360,183360,183360,183360,183548,183361,183360,183360,183362,183361,183361,183361,183361,183361,183361,183360,183360,183360,0,0,0,0,0,0,0,0,0,0,0,0,0,0,0,0,0,0,0,0,0,0,0,0,0,0,0,0,0,0,0,0,0,0,0,0,2,2,2,2,2,2,2,2,2,2,2,2,2,2,2,2,2,2,2,2,2,2,2,2,2,2,2,2,2,2,2,2,2,2,2,2
2026-02-04 16:05:20,183361,183361,183361,183361,183362,183361,183361,183361,183361,183361,183361,183361,183360,183360,183360,183360,183360,183360,183360,183360,183360,183360,183548,183361,183360,183360,183362,183361,183361,183361,183361,183361,183361,183361,183361,183361,0,0,0,0,0,0,0,0,0,0,0,0,0,0,0,0,0,0,0,0,0,0,0,0,0,0,0,0,0,0,0,0,0,0,0,0,2,2,2,2,2,2,2,2,2,2,2,2,2,2,2,2,2,2,2,2,2,2,2,2,2,2,2,2,2,2,2,2,2,2,2,2
2026-02-04 16:05:21,183361,183361,183361,183361,183362,183361,183361,183361,183361,183361,183361,183361,183361,183361,183361,183361,183361,183361,183361,183361,183361,183361,183549,183362,183361,183361,183362,183361,183361,183361,183361,183361,183361,183361,183361,183361,0,0,0,0,0,0,0,0,0,0,0,0,0,0,0,0,0,0,0,0,0,0,0,0,0,0,0,0,0,0,0,0,0,0,0,0,2,2,2,2,2,2,2,2,2,2,2,2,2,2,2,2,2,2,2,2,2,2,2,2,2,2,2,2,2,2,2,2,2,2,2,2
2026-02-04 16:05:22,183362,183362,183362,183362,183362,183361,183361,183361,183361,183361,183361,183361,183361,183361,183361,183361,183361,183361,183361,183361,183361,183361,183549,183362,183361,183361,183363,183362,183362,183362,183362,183362,183362,183362,183362,183362,0,0,0,0,0,0,0,0,0,0,0,0,0,0,0,0,0,0,0,0,0,0,0,0,0,0,0,0,0,0,0,0,0,0,0,0,2,2,2,2,2,2,2,2,2,2,2,2,2,2,2,2,2,2,2,2,2,2,2,2,2,2,2,2,2,2,2,2,2,2,2,2
2026-02-04 16:05:23,183362,183362,183362,183362,183363,183362,183362,183362,183362,183362,183362,183362,183362,183362,183362,183362,183362,183362,183362,183361,183361,183361,183549,183362,183361,183361,183363,183362,183362,183362,183362,183362,183362,183362,183362,183362,0,0,0,0,0,0,0,0,0,0,0,0,0,0,0,0,0,0,0,0,0,0,0,0,0,0,0,0,0,0,0,0,0,0,0,0,2,2,2,2,2,2,2,2,2,2,2,2,2,2,2,2,2,2,2,2,2,2,2,2,2,2,2,2,2,2,2,2,2,2,2,2
2026-02-04 16:05:24,183362,183362,183362,183362,183363,183362,183362,183362,183362,183362,183362,183362,183362,183362,183362,183362,183362,183362,183362,183362,183362,183362,183550,183363,183362,183362,183364,183363,183363,183363,183363,183363,183363,183362,183362,183362,0,0,0,0,0,0,0,0,0,0,0,0,0,0,0,0,0,0,0,0,0,0,0,0,0,0,0,0,0,0,0,0,0,0,0,0,2,2,2,2,2,2,2,2,2,2,2,2,2,2,2,2,2,2,2,2,2,2,2,2,2,2,2,2,2,2,2,2,2,2,2,2
2026-02-04 16:05:25,183363,183363,183363,183363,183364,183363,183363,183363,183363,183363,183363,183363,183362,183362,183362,183362,183362,183362,183362,183362,183362,183362,183550,183363,183362,183362,183364,183363,183363,183363,183363,183363,183363,183363,183363,183363,0,0,0,0,0,0,0,0,0,0,0,0,0,0,0,0,0,0,0,0,0,0,0,0,0,0,0,0,0,0,0,0,0,0,0,0,2,2,2,2,2,2,2,2,2,2,2,2,2,2,2,2,2,2,2,2,2,2,2,2,2,2,2,2,2,2,2,2,2,2,2,2
2026-02-04 16:05:26,183363,183363,183363,183363,183364,183363,183363,183363,183363,183363,183363,183363,183363,183363,183363,183363,183363,183363,183363,183363,183363,183363,183551,183364,183363,183363,183364,183363,183363,183363,183363,183363,183363,183363,183363,183363,0,0,0,0,0,0,0,0,0,0,0,0,0,0,0,0,0,0,0,0,0,0,0,0,0,0,0,0,0,0,0,0,0,0,0,0,2,2,2,2,2,2,2,2,2,2,2,2,2,2,2,2,2,2,2,2,2,2,2,2,2,2,2,2,2,2,2,2,2,2,2,2
2026-02-04 16:05:27,183364,183364,183364,183364,183365,183363,183363,183363,183363,183363,183363,183363,183363,183363,183363,183363,183363,183363,183363,183363,183363,183363,183551,183364,183363,183363,183365,183364,183364,183364,183364,183364,183364,183364,183364,183364,0,0,0,0,0,0,0,0,0,0,0,0,0,0,0,0,0,0,0,0,0,0,0,0,0,0,0,0,0,0,0,0,0,0,0,0,2,2,2,2,2,2,2,2,2,2,2,2,2,2,2,2,2,2,2,2,2,2,2,2,2,2,2,2,2,2,2,2,2,2,2,2
2026-02-04 16:05:28,183364,183364,183364,183364,183365,183364,183364,183364,183364,183364,183364,183364,183364,183364,183364,183364,183364,183364,183364,183363,183363,183363,183551,183364,183363,183363,183365,183364,183364,183364,183364,183364,183364,183364,183364,183364,0,0,0,0,0,0,0,0,0,0,0,0,0,0,0,0,0,0,0,0,0,0,0,0,0,0,0,0,0,0,0,0,0,0,0,0,2,2,2,2,2,2,2,2,2,2,2,2,2,2,2,2,2,2,2,2,2,2,2,2,2,2,2,2,2,2,2,2,2,2,2,2
2026-02-04 16:05:29,183364,183364,183364,183364,183365,183364,183364,183364,183364,183364,183364,183364,183364,183364,183364,183364,183364,183364,183364,183364,183364,183364,183552,183365,183364,183364,183366,183365,183365,183365,183365,183365,183365,183365,183364,183364,0,0,0,0,0,0,0,0,0,0,0,0,0,0,0,0,0,0,0,0,0,0,0,0,0,0,0,0,0,0,0,0,0,0,0,0,2,2,2,2,2,2,2,2,2,2,2,2,2,2,2,2,2,2,2,2,2,2,2,2,2,2,2,2,2,2,2,2,2,2,2,2
2026-02-04 16:05:30,183365,183365,183365,183365,183366,183365,183365,183365,183365,183365,183365,183365,183364,183364,183364,183364,183364,183364,183364,183364,183364,183364,183552,183365,183364,183364,183366,183365,183365,183365,183365,183365,183365,183365,183365,183365,0,0,0,0,0,0,0,0,0,0,0,0,0,0,0,0,0,0,0,0,0,0,0,0,0,0,0,0,0,0,0,0,0,0,0,0,2,2,2,2,2,2,2,2,2,2,2,2,2,2,2,2,2,2,2,2,2,2,2,2,2,2,2,2,2,2,2,2,2,2,2,2
2026-02-04 16:05:31,183365,183365,183365,183365,183366,183365,183365,183365,183365,183365,183365,183365,183365,183365,183365,183365,183365,183365,183365,183365,183365,183365,183553,183366,183365,183365,183367,183365,183365,183365,183365,183365,183365,183365,183365,183365,0,0,0,0,0,0,0,0,0,0,0,0,0,0,0,0,0,0,0,0,0,0,0,0,0,0,0,0,0,0,0,0,0,0,0,0,2,2,2,2,2,2,2,2,2,2,2,2,2,2,2,2,2,2,2,2,2,2,2,2,2,2,2,2,2,2,2,2,2,2,2,2
2026-02-04 16:05:32,183366,183366,183366,183366,183367,183365,183365,183365,183365,183365,183365,183365,183365,183365,183365,183365,183365,183365,183365,183365,183365,183365,183553,183366,183365,183365,183367,183366,183366,183366,183366,183366,183366,183366,183366,183366,0,0,0,0,0,0,0,0,0,0,0,0,0,0,0,0,0,0,0,0,0,0,0,0,0,0,0,0,0,0,0,0,0,0,0,0,2,2,2,2,2,2,2,2,2,2,2,2,2,2,2,2,2,2,2,2,2,2,2,2,2,2,2,2,2,2,2,2,2,2,2,2
2026-02-04 16:05:33,183366,183366,183366,183366,183367,183366,183366,183366,183366,183366,183366,183366,183366,183366,183366,183366,183366,183366,183366,183365,183365,183365,183553,183366,183365,183365,183367,183366,183366,183366,183366,183366,183366,183366,183366,183366,0,0,0,0,0,0,0,0,0,0,0,0,0,0,0,0,0,0,0,0,0,0,0,0,0,0,0,0,0,0,0,0,0,0,0,0,2,2,2,2,2,2,2,2,2,2,2,2,2,2,2,2,2,2,2,2,2,2,2,2,2,2,2,2,2,2,2,2,2,2,2,2
2026-02-04 16:05:34,183366,183366,183366,183366,183367,183366,183366,183366,183366,183366,183366,183366,183366,183366,183366,183366,183366,183366,183366,183366,183366,183366,183554,183367,183366,183366,183368,183367,183367,183367,183367,183367,183367,183367,183366,183366,0,0,0,0,0,0,0,0,0,0,0,0,0,0,0,0,0,0,0,0,0,0,0,0,0,0,0,0,0,0,0,0,0,0,0,0,2,2,2,2,2,2,2,2,2,2,2,2,2,2,2,2,2,2,2,2,2,2,2,2,2,2,2,2,2,2,2,2,2,2,2,2
2026-02-04 16:05:35,183367,183367,183367,183367,183368,183367,183367,183367,183367,183367,183367,183367,183366,183366,183366,183366,183366,183366,183366,183366,183366,183366,183554,183367,183366,183366,183368,183367,183367,183367,183367,183367,183367,183367,183367,183367,0,0,0,0,0,0,0,0,0,0,0,0,0,0,0,0,0,0,0,0,0,0,0,0,0,0,0,0,0,0,0,0,0,0,0,0,2,2,2,2,2,2,2,2,2,2,2,2,2,2,2,2,2,2,2,2,2,2,2,2,2,2,2,2,2,2,2,2,2,2,2,2
2026-02-04 16:05:36,183367,183367,183367,183367,183368,183367,183367,183367,183367,183367,183367,183367,183367,183367,183367,183367,183367,183367,183367,183367,183367,183367,183555,183368,183367,183367,183369,183367,183367,183367,183367,183367,183367,183367,183367,183367,0,0,0,0,0,0,0,0,0,0,0,0,0,0,0,0,0,0,0,0,0,0,0,0,0,0,0,0,0,0,0,0,0,0,0,0,2,2,2,2,2,2,2,2,2,2,2,2,2,2,2,2,2,2,2,2,2,2,2,2,2,2,2,2,2,2,2,2,2,2,2,2
2026-02-04 16:05:37,183368,183368,183368,183368,183369,183367,183367,183367,183367,183367,183367,183367,183367,183367,183367,183367,183367,183367,183367,183367,183367,183367,183555,183368,183367,183367,183369,183368,183368,183368,183368,183368,183368,183368,183368,183368,0,0,0,0,0,0,0,0,0,0,0,0,0,0,0,0,0,0,0,0,0,0,0,0,0,0,0,0,0,0,0,0,0,0,0,0,2,2,2,2,2,2,2,2,2,2,2,2,2,2,2,2,2,2,2,2,2,2,2,2,2,2,2,2,2,2,2,2,2,2,2,2
2026-02-04 16:05:38,183368,183368,183368,183368,183369,183368,183368,183368,183368,183368,183368,183368,183368,183368,183368,183368,183368,183368,183368,183368,183367,183367,183555,183368,183367,183367,183369,183368,183368,183368,183368,183368,183368,183368,183368,183368,0,0,0,0,0,0,0,0,0,0,0,0,0,0,0,0,0,0,0,0,0,0,0,0,0,0,0,0,0,0,0,0,0,0,0,0,2,2,2,2,2,2,2,2,2,2,2,2,2,2,2,2,2,2,2,2,2,2,2,2,2,2,2,2,2,2,2,2,2,2,2,2
2026-02-04 16:05:39,183368,183368,183368,183368,183369,183368,183368,183368,183368,183368,183368,183368,183368,183368,183368,183368,183368,183368,183368,183368,183368,183368,183556,183369,183368,183368,183370,183369,183369,183369,183369,183369,183369,183369,183368,183368,0,0,0,0,0,0,0,0,0,0,0,0,0,0,0,0,0,0,0,0,0,0,0,0,0,0,0,0,0,0,0,0,0,0,0,0,2,2,2,2,2,2,2,2,2,2,2,2,2,2,2,2,2,2,2,2,2,2,2,2,2,2,2,2,2,2,2,2,2,2,2,2
2026-02-04 16:05:40,183369,183369,183369,183369,183370,183369,183369,183369,183369,183369,183369,183369,183369,183368,183368,183368,183368,183368,183368,183368,183368,183368,183556,183369,183368,183368,183370,183369,183369,183369,183369,183369,183369,183369,183369,183369,0,0,0,0,0,0,0,0,0,0,0,0,0,0,0,0,0,0,0,0,0,0,0,0,0,0,0,0,0,0,0,0,0,0,0,0,2,2,2,2,2,2,2,2,2,2,2,2,2,2,2,2,2,2,2,2,2,2,2,2,2,2,2,2,2,2,2,2,2,2,2,2
2026-02-04 16:05:41,183369,183369,183369,183369,183370,183369,183369,183369,183369,183369,183369,183369,183369,183369,183369,183369,183369,183369,183369,183369,183369,183369,183557,183370,183369,183369,183371,183369,183369,183369,183369,183369,183369,183369,183369,183369,0,0,0,0,0,0,0,0,0,0,0,0,0,0,0,0,0,0,0,0,0,0,0,0,0,0,0,0,0,0,0,0,0,0,0,0,2,2,2,2,2,2,2,2,2,2,2,2,2,2,2,2,2,2,2,2,2,2,2,2,2,2,2,2,2,2,2,2,2,2,2,2
2026-02-04 16:05:42,183370,183370,183370,183370,183371,183370,183369,183369,183369,183369,183369,183369,183369,183369,183369,183369,183369,183369,183369,183369,183369,183369,183557,183370,183369,183369,183371,183370,183370,183370,183370,183370,183370,183370,183370,183370,2,1.996,1.997,0,1.998,0,0,0,0,0,0,0,0,0,0,0,0,0,0,0,0,0,0,0,0,0,0,0,0,0,0,0,1.995,1.995,1.999,1.994,0,0,0,2,0,2,2,2,2,2,2,2,2,2,2,2,2,2,2,2,2,2,2,2,2,2,2,2,2,2,2,2,0,0,0,0
2026-02-04 16:05:43,183370,183370,183370,183370,183371,183370,183370,183370,183370,183370,183370,183370,183370,183370,183370,183370,183370,183370,183370,183370,183369,183369,183557,183370,183369,183369,183371,183370,183370,183370,183370,183370,183370,183370,183370,183370,2,1.996,1.997,0,1.998,2.001,1.996,1.996,2,2.001,2.001,1.997,1.995,1.999,1.995,1.999,2.003,1.996,2,1.996,0,0,0,0,0,0,0,0,0,0,0,0,1.995,1.995,1.999,1.994,0,0,0,2,0,0,0,0,0,0,0,0,0,0,0,0,0,0,0,0,2,2,2,2,2,2,2,2,2,2,2,2,0,0,0,0
2026-02-04 16:05:44,183370,183370,183370,183370,183371,183370,183370,183370,183370,183370,183370,183370,183370,183370,183370,183370,183370,183370,183370,183370,183370,183370,183558,183371,183370,183370,183372,183371,183371,183371,183371,183371,183371,183371,183370,183370,2,1.996,1.997,0,1.998,2.001,1.996,1.996,2,2.001,2.001,1.997,1.995,1.999,1.995,1.999,2.003,1.996,2,1.996,1.994,1.992,1.993,2,1.993,1.997,2,1.996,1.999,2.003,2.001,1.994,1.995,1.995,1.999,1.994,0,0,0,2,0,0,0,0,0,0,0,0,0,0,0,0,0,0,0,0,0,0,0,0,0,0,0,0,0,0,0,0,0,0,0,0
2026-02-04 16:05:45,183371,183371,183371,183371,183372,183371,183370,183370,183370,183370,183370,183370,183370,183370,183370,183370,183370,183370,183370,183370,183370,183370,183558,183371,183370,183370,183372,183371,183371,183371,183371,183371,183371,183371,183371,183371,1.995,1.996,2.002,1.997,2.001,2.001,1.994,2.002,1.997,1.996,1.998,2.003,1.995,1.999,1.995,1.999,2.003,1.996,2,1.996,1.994,1.992,1.993,2,1.993,1.997,2,1.996,1.999,2.003,2.001,1.994,1.995,1.995,1.999,2.001,0,0,0,0,0,0,0,0,0,0,0,0,0,0,0,0,0,0,0,0,0,0,0,0,0,0,0,0,0,0,0,0,0,0,0,0
2026-02-04 16:05:46,183371,183371,183371,183371,183372,183371,183371,183371,183371,183371,183371,183371,183371,183371,183371,183371,183371,183371,183371,183371,183370,183370,183558,183371,183370,183370,183372,183371,183371,183371,183371,183371,183371,183371,183371,183371,1.995,1.996,2.002,1.997,2.001,2.001,1.994,2.002,1.997,1.996,1.998,2.003,1.995,1.995,1.995,1.997,1.996,1.996,1.998,2,2,2,2,1.995,1.998,2.002,2,1.996,1.999,2.003,2.001,1.994,1.995,1.995,1.999,2.001,0,0,0,0,0,0,0,0,0,0,0,0,0,0,0,0,0,0,0,0,0,0,0,0,0,0,0,0,0,0,0,0,0,0,0,0
2026-02-04 16:05:47,183371,183371,183371,183371,183372,183371,183371,183371,183371,183371,183371,183371,183371,183371,183371,183371,183371,183371,183371,183371,183371,183371,183559,183372,183371,183371,183373,183372,183372,183372,183372,183372,183372,183372,183372,183371,2,1.994,1.994,1.996,0,1.998,1.994,2.002,1.997,1.996,1.998,2.003,1.995,1.995,1.995,1.997,1.996,1.996,1.998,2,2,2,2,1.995,1.998,2.002,2,1.995,2,1.998,1.995,1.999,1.995,2.003,1.999,2.001,0,0,0,0,2,0,0,0,0,0,0,0,0,0,0,0,0,0,0,0,0,0,0,0,0,0,0,0,0,0,0,0,0,0,0,0
2026-02-04 16:05:48,183372,183372,183372,183372,183373,183372,183372,183372,183372,183372,183372,183372,183372,183371,183371,183371,183371,183371,183371,183371,183371,183371,183559,183372,183371,183371,183373,183372,183372,183372,183372,183372,183372,183372,183372,183372,2,1.994,1.994,1.996,0,1.998,2,1.999,1.997,2.001,2.001,2,0,1.999,1.999,1.997,1.992,2.002,1.995,1.997,2,2,2,1.995,1.998,2.002,2,1.995,2,1.998,1.995,1.999,1.995,2.003,1.999,2.001,0,0,0,0,2,0,0,0,0,0,0,0,2,0,0,0,0,0,0,0,0,0,0,0,0,0,0,0,0,0,0,0,0,0,0,0
2026-02-04 16:05:49,183372,183372,183372,183372,183373,183372,183372,183372,183372,183372,183372,183372,183372,183372,183372,183372,183372,183372,183372,183372,183372,183372,183560,183373,183372,183372,183374,183372,183372,183372,183372,183372,183372,183372,183372,183372,2,1.994,1.994,1.996,0,1.998,2,1.999,1.997,2.001,2.001,2,0,1.999,1.999,1.997,1.992,2.002,1.995,1.997,1.999,1.997,1.994,1.997,1.993,1.998,2,1.996,2,1.996,2.001,1.999,1.999,1.995,1.999,2.001,0,0,0,0,2,0,0,0,0,0,0,0,2,0,0,0,0,0,0,0,0,0,0,0,0,0,0,0,0,0,0,0,0,0,0,0
2026-02-04 16:05:50,183373,183373,183373,183373,183374,183373,183372,183372,183372,183372,183372,183372,183372,183372,183372,183372,183372,183372,183372,183372,183372,183372,183560,183373,183372,183372,183374,183373,183373,183373,183373,183373,183373,183373,183373,183373,2,2.002,1.994,1.997,1.994,1.996,2.001,1.993,2,2.001,2,2,2,1.999,1.999,1.997,1.992,2.002,1.995,1.997,1.999,1.997,1.994,1.997,1.993,1.998,2,1.996,2,1.996,2.001,1.999,1.999,1.995,1.999,1.999,0,0,0,0,0,0,0,0,0,0,0,0,2,0,0,0,0,0,0,0,0,0,0,0,0,0,0,0,0,0,0,0,0,0,0,0
2026-02-04 16:05:51,183373,183373,183373,183373,183374,183373,183373,183373,183373,183373,183373,183373,183373,183373,183373,183373,183373,183373,183373,183373,183372,183372,183560,183373,183372,183372,183374,183373,183373,183373,183373,183373,183373,183373,183373,183373,2,2.002,1.994,1.997,1.994,1.996,2.001,1.993,2,2.001,2,2,2,1.995,1.995,1.997,2,1.992,2,1.997,1.999,1.997,1.994,1.997,1.993,1.998,2,1.996,2,1.996,2.001,1.999,1.999,1.995,1.999,1.999,0,0,0,0,0,0,0,0,0,0,0,0,0,0,0,0,0,0,0,0,0,0,0,0,0,0,0,0,0,0,0,0,0,0,0,0
2026-02-04 16:05:52,183373,183373,183373,183373,183374,183373,183373,183373,183373,183373,183373,183373,183373,183373,183373,183373,183373,183373,183373,183373,183373,183373,183561,183374,183373,183373,183375,183374,183374,183374,183374,183374,183374,183374,183374,183373,2,2.002,1.994,1.991,2,1.998,2.001,1.993,2,2.001,2,2,2,1.995,1.995,1.997,2,1.992,2,1.997,1.999,1.997,2,1.997,1.993,1.997,1.997,2.001,2,1.998,1.996,1.994,1.999,1.993,1.999,1.996,0,0,0,0,0,0,0,0,0,0,0,0,0,0,0,0,0,0,0,0,0,0,0,0,0,0,0,0,0,0,0,0,0,0,0,0
2026-02-04 16:05:53,183374,183374,183374,183374,183375,183374,183374,183374,183374,183374,183374,183374,183374,183373,183373,183373,183373,183373,183373,183373,183373,183373,183561,183374,183373,183373,183375,183374,183374,183374,183374,183374,183374,183374,183374,183374,1.997,2,2.002,1.991,2,1.998,1.998,1.993,1.992,1.996,2,2,1.998,1.995,1.995,1.997,2,1.992,2,1.997,1.999,1.997,2,1.997,1.993,1.997,1.997,2.001,2,1.998,1.996,1.994,1.999,1.993,1.999,1.996,0,0,0,0,0,0,0,0,0,0,0,0,0,0,0,0,0,0,0,0,0,0,0,0,0,0,0,0,0,0,0,0,0,0,0,0
2026-02-04 16:05:54,183374,183374,183374,183374,183375,183374,183374,183374,183374,183374,183374,183374,183374,183374,183374,183374,183374,183374,183374,183374,183374,183374,183562,183375,183374,183374,183376,183375,183374,183374,183374,183374,183374,183374,183374,183374,1.997,2,2.002,1.991,2,1.998,1.998,1.993,1.992,1.996,2,2,1.998,1.995,1.995,2.002,1.993,1.994,2,2,1.994,1.995,1.994,1.995,1.993,1.998,1.997,1.996,2,1.998,1.996,1.994,1.999,1.993,1.999,1.996,0,0,0,0,0,0,0,0,0,0,0,0,0,0,0,0,0,0,0,0,0,0,0,0,0,0,0,0,0,0,0,0,0,0,0,0
2026-02-04 16:05:55,183375,183375,183375,183375,183376,183375,183374,183374,183374,183374,183374,183374,183374,183374,183374,183374,183374,183374,183374,183374,183374,183374,183562,183375,183374,183374,183376,183375,183375,183375,183375,183375,183375,183375,183375,183375,2,2,1.997,1.996,1.996,1.998,1.998,1.993,1.992,1.996,2,2,1.998,1.995,1.995,2.002,1.993,1.994,2,2,1.994,1.995,1.994,1.995,1.993,1.998,1.997,1.996,1.999,2.001,1.998,1.994,1.995,1.999,1.999,2.002,0,0,0,0,0,0,0,0,0,0,0,0,0,0,0,0,0,0,0,0,0,0,0,0,0,0,0,0,0,0,0,0,0,0,0,0
2026-02-04 16:05:56,183375,183375,183375,183375,183376,183375,183375,183375,183375,183375,183375,183375,183375,183375,183375,183375,183375,183375,183375,183375,183375,183374,183562,183375,183374,183374,183376,183375,183375,183375,183375,183375,183375,183375,183375,183375,2,2,1.997,1.996,1.996,1.998,1.993,1.999,1.994,1.999,2,1.998,2,1.996,1.998,1.997,1.993,1.997,1.998,2,1.996,1.995,1.994,1.995,1.993,1.998,1.997,1.996,1.999,2.001,1.998,1.994,1.995,1.999,1.999,2.002,0,0,0,0,0,0,0,0,0,0,0,0,0,0,0,0,0,0,0,0,0,0,0,0,0,0,0,0,0,0,0,0,0,0,0,0
2026-02-04 16:05:57,183375,183375,183375,183375,183376,183375,183375,183375,183375,183375,183375,183375,183375,183375,183375,183375,183375,183375,183375,183375,183375,183375,183563,183376,183375,183375,183377,183376,183376,183376,183376,183376,183376,183376,183376,183375,2,2,1.997,1.996,1.996,1.998,1.993,1.999,1.994,1.999,2,1.998,2,1.996,1.998,1.997,1.993,1.997,1.998,2,1.996,1.995,2,1.992,1.996,1.997,2.002,1.992,2,1.996,1.998,1.999,1.995,1.999,1.999,2.002,0,0,0,0,0,0,0,0,0,0,0,0,0,0,0,0,0,0,0,0,0,0,0,0,0,0,0,0,0,0,0,0,0,0,0,0
2026-02-04 16:05:58,183376,183376,183376,183376,183377,183376,183376,183376,183376,183376,183376,183376,183376,183376,183375,183375,183375,183375,183375,183375,183375,183375,183563,183376,183375,183375,183377,183376,183376,183376,183376,183376,183376,183376,183376,183376,2,1.999,1.999,1.996,1.998,2.002,1.996,1.998,1.994,1.999,2,2.003,2,1.996,1.998,1.997,1.993,1.997,1.998,2,1.996,1.995,2,1.992,1.996,1.997,2.002,1.992,2,1.996,1.998,1.999,1.995,1.999,1.999,0,0,0,0,0,0,0,0,0,0,0,0,0,0,0,0,0,0,0,0,0,0,0,0,0,0,0,0,0,0,0,0,0,0,0,0,2
2026-02-04 16:05:59,183376,183376,183376,183376,183377,183376,183376,183376,183376,183376,183376,183376,183376,183376,183376,183376,183376,183376,183376,183376,183376,183376,183564,183377,183376,183376,183378,183377,183376,183376,183376,183376,183376,183376,183376,183376,2,1.999,1.999,1.996,1.998,2.002,1.996,1.998,1.994,1.999,2,2.003,2,1.999,2.001,1.993,2.002,1.996,1.995,1.994,1.994,1.995,1.996,1.991,1.996,1.997,2.002,1.998,2,1.996,1.998,1.999,1.995,1.999,1.999,0,0,0,0,0,0,0,0,0,0,0,0,0,0,0,0,0,0,0,0,0,0,0,0,0,0,0,0,0,0,0,0,0,0,0,0,2
2026-02-04 16:06:00,183377,183377,183377,183377,183378,183377,183376,183376,183376,183376,183376,183376,183376,183376,183376,183376,183376,183376,183376,183376,183376,183376,183564,183377,183376,183376,183378,183377,183377,183377,183377,183377,183377,183377,183377,183377,1.995,1.999,1.994,2,2,1.996,1.996,1.998,1.994,1.999,2,2.003,2,1.999,2.001,1.993,2.002,1.996,1.995,1.994,1.994,1.995,1.996,1.991,1.996,1.997,2.002,1.998,1.999,1.996,1.996,1.997,1.994,1.999,1.999,2.001,0,0,0,0,0,0,0,0,0,0,0,0,0,0,0,0,0,0,0,0,0,0,0,0,0,0,0,0,0,0,0,0,0,0,0,0
2026-02-04 16:06:01,183377,183377,183377,183377,183378,183377,183377,183377,183377,183377,183377,183377,183377,183377,183377,183377,183377,183377,183377,183377,183377,183376,183564,183377,183376,183376,183378,183377,183377,183377,183377,183377,183377,183377,183377,183377,1.995,1.999,1.994,2,2,1.996,1.998,1.996,1.994,1.999,2,1.998,2,1.995,1.995,1.997,2.002,1.994,2,1.997,1.994,1.995,1.996,1.991,1.996,1.997,2.002,1.998,1.999,1.996,1.996,1.997,1.994,1.999,1.999,2.001,0,0,0,0,0,0,0,0,0,0,0,0,0,0,0,0,0,0,0,0,0,0,0,0,0,0,0,0,0,0,0,0,0,0,0,0
2026-02-04 16:06:02,183377,183377,183377,183377,183378,183377,183377,183377,183377,183377,183377,183377,183377,183377,183377,183377,183377,183377,183377,183377,183377,183377,183565,183378,183377,183377,183379,183378,183378,183378,183378,183378,183378,183378,183378,183377,1.995,1.999,1.994,2,2,1.996,1.998,1.996,1.994,1.999,2,1.998,2,1.995,1.995,1.997,2.002,1.994,2,1.997,1.994,1.992,1.996,1.997,1.998,2.002,2,1.992,1.996,1.996,2.001,1.997,1.995,1.995,1.999,2.001,0,0,0,0,0,0,0,0,0,0,0,0,0,0,0,0,0,0,0,0,0,0,0,0,0,0,0,0,0,0,0,0,0,0,0,0
2026-02-04 16:06:03,183378,183378,183378,183378,183379,183378,183378,183378,183378,183378,183378,183378,183378,183378,183377,183377,183377,183377,183377,183377,183377,183377,183565,183378,183377,183377,183379,183378,183378,183378,183378,183378,183378,183378,183378,183378,1.997,1.996,1.992,1.996,1.998,2.001,2,1.998,1.998,1.999,2.001,2.005,1.998,1.999,1.995,1.997,2.002,1.994,2,1.997,1.994,1.992,1.996,1.997,1.998,2.002,2,1.992,1.996,1.996,2.001,1.997,1.995,1.995,1.999,1.999,0,0,0,0,0,0,0,0,0,0,0,0,0,0,0,0,0,0,0,0,0,0,0,0,0,0,0,0,0,0,0,0,0,0,0,0
2026-02-04 16:06:04,183378,183378,183378,183378,183379,183378,183378,183378,183378,183378,183378,183378,183378,183378,183378,183378,183378,183378,183378,183378,183378,183378,183566,183379,183378,183378,183380,183379,183378,183378,183378,183378,183378,183378,183378,183378,1.997,1.996,1.992,1.996,1.998,2.001,2,1.998,1.998,1.999,2.001,2.005,1.998,1.999,1.999,1.997,1.996,1.997,2.001,2,1.996,1.997,1.994,1.995,1.996,1.994,2,1.996,1.996,1.996,2.001,1.997,1.995,1.995,1.999,1.999,0,0,0,0,0,0,0,0,0,0,0,0,0,0,0,0,0,0,0,0,0,0,0,0,0,0,0,0,0,0,0,0,0,0,0,0
2026-02-04 16:06:05,183379,183379,183379,183379,183380,183379,183379,183378,183378,183378,183378,183378,183378,183378,183378,183378,183378,183378,183378,183378,183378,183378,183566,183379,183378,183378,183380,183379,183379,183379,183379,183379,183379,183379,183379,183379,2.002,1.996,1.997,2,1.996,1.998,1.993,1.998,1.998,1.999,2.001,2.005,1.998,1.999,1.999,1.997,1.996,1.997,2.001,2,1.996,1.997,1.994,1.995,1.996,1.994,2,1.996,2.001,2.001,1.996,1.997,1.994,1.999,2,2.002,0,0,0,0,0,0,0,0,0,0,0,0,0,0,0,0,0,0,0,0,0,0,0,0,0,0,0,0,0,0,0,0,0,0,0,0
2026-02-04 16:06:06,183379,183379,183379,183379,183380,183379,183379,183379,183379,183379,183379,183379,183379,183379,183379,183379,183379,183379,183379,183379,183379,183378,183566,183379,183378,183378,183380,183379,183379,183379,183379,183379,183379,183379,183379,183379,2.002,1.996,1.997,2,1.996,1.998,1.993,1.998,1.997,2.001,1.998,2,1.995,1.996,1.995,1.999,1.997,1.997,1.994,1.996,1.999,1.997,1.994,1.995,1.996,1.994,2,1.996,2.001,2.001,1.996,1.997,1.994,1.999,2,2.002,0,0,0,0,0,0,0,0,0,0,0,0,0,0,0,0,0,0,0,0,0,0,0,0,0,0,0,0,0,0,0,0,0,0,0,0
2026-02-04 16:06:07,183379,183379,183379,183379,183380,183379,183379,183379,183379,183379,183379,183379,183379,183379,183379,183379,183379,183379,183379,183379,183379,183379,183567,183380,183379,183379,183381,183380,183380,183380,183380,183380,183380,183380,183380,183380,2.002,1.996,1.997,2,1.996,1.998,1.993,1.998,1.997,2.001,1.998,2,1.995,1.996,1.995,1.999,1.997,1.997,1.994,1.996,1.999,1.997,1.994,1.997,1.996,2.002,1.996,1.996,2,1.998,1.996,1.999,2,1.999,1.996,0,0,0,0,0,0,0,0,0,0,0,0,0,0,0,0,0,0,0,0,0,0,0,0,0,0,0,0,0,0,0,0,0,0,0,0,2
2026-02-04 16:06:08,183380,183380,183380,183380,183381,183380,183380,183380,183380,183380,183380,183380,183380,183380,183379,183379,183379,183379,183379,183379,183379,183379,183567,183380,183379,183379,183381,183380,183380,183380,183380,183380,183380,183380,183380,183380,1.995,1.999,1.994,2.002,1.996,2.001,1.996,1.993,1.997,1.996,1.998,1.998,1.992,1.999,1.995,1.999,1.997,1.997,1.994,1.996,1.999,1.997,1.994,1.997,1.996,2.002,1.996,1.996,2,1.998,1.996,1.999,2,1.999,1.996,0,0,0,0,0,0,0,0,0,0,0,0,0,0,0,0,0,0,0,0,0,0,0,0,0,0,0,0,0,0,0,0,0,0,0,0,2
2026-02-04 16:06:09,183380,183380,183380,183380,183381,183380,183380,183380,183380,183380,183380,183380,183380,183380,183380,183380,183380,183380,183380,183380,183380,183380,183568,183381,183380,183380,183382,183381,183381,183380,183380,183380,183380,183380,183380,183380,1.995,1.999,1.994,2.002,1.996,2.001,1.996,1.993,1.997,1.996,1.998,1.998,1.992,1.999,1.999,2.002,1.996,2,2.004,1.997,1.999,1.991,1.994,1.992,1.996,1.998,1.997,1.992,2,1.998,1.996,1.999,2,1.999,1.996,0,0,0,0,0,0,0,0,0,0,0,0,0,0,0,0,0,0,0,0,0,0,0,0,0,0,0,0,0,0,0,0,0,0,0,0,2
2026-02-04 16:06:10,183381,183381,183381,183381,183382,183381,183381,183380,183380,183380,183380,183380,183380,183380,183380,183380,183380,183380,183380,183380,183380,183380,183568,183381,183380,183380,183382,183381,183381,183381,183381,183381,183381,183381,183381,183381,1.997,1.999,1.994,1.996,1.996,1.995,1.996,1.993,1.997,1.996,1.998,1.998,1.992,1.999,1.999,2.002,1.996,2,2.004,1.997,1.999,1.991,1.994,1.992,1.996,1.998,1.997,1.992,1.999,1.996,1.995,1.997,1.994,1.998,1.996,2.002,0,0,0,0,0,0,0,0,0,0,0,0,0,0,0,0,0,0,0,0,0,0,0,0,0,0,0,0,0,0,0,0,0,0,0,0
2026-02-04 16:06:11,183381,183381,183381,183381,183382,183381,183381,183381,183381,183381,183381,183381,183381,183381,183381,183381,183381,183381,183381,183381,183381,183380,183568,183381,183380,183380,183382,183381,183381,183381,183381,183381,183381,183381,183381,183381,1.997,1.999,1.994,1.996,1.996,1.995,1.996,1.999,1.994,2.001,2,1.997,2,2.001,1.995,1.999,1.997,2,1.994,1.991,2,1.991,1.994,1.992,1.996,1.998,1.997,1.992,1.999,1.996,1.995,1.997,1.994,1.998,1.996,2.002,0,0,0,0,0,0,0,0,0,0,0,0,0,0,0,0,0,0,0,0,0,0,0,0,0,0,0,0,0,0,0,0,0,0,0,0
2026-02-04 16:06:12,183381,183381,183381,183381,183382,183381,183381,183381,183381,183381,183381,183381,183381,183381,183381,183381,183381,183381,183381,183381,183381,183381,183569,183382,183381,183381,183383,183382,183382,183382,183382,183382,183382,183382,183382,183382,1.997,1.999,1.994,1.996,1.996,1.995,1.996,1.999,1.994,2.001,2,1.997,2,2.001,1.995,1.999,1.997,2,1.994,1.991,2,1.995,1.999,2,1.993,2.002,1.997,1.998,1.999,2.001,1.996,1.999,1.995,1.995,1.999,2.001,0,0,0,0,0,0,0,0,0,0,0,0,0,0,0,0,0,0,0,0,0,0,0,0,0,0,0,0,0,0,0,0,0,0,0,0
2026-02-04 16:06:13,183382,183382,183382,183382,183383,183382,183382,183382,183382,183382,183382,183382,183382,183382,183381,183381,183381,183381,183381,183381,183381,183381,183569,183382,183381,183381,183383,183382,183382,183382,183382,183382,183382,183382,183382,183382,2.002,1.999,1.994,1.997,1.996,1.998,1.99,1.999,1.997,1.996,1.995,2,1.995,1.993,1.995,1.999,1.997,2,1.994,1.991,2,1.995,1.999,2,1.993,2.002,1.997,1.998,1.999,2.001,1.996,1.999,1.995,1.995,1.999,2.001,0,0,0,0,0,0,0,0,0,0,0,0,0,0,0,0,0,0,0,0,0,0,0,0,0,0,0,0,0,0,0,0,0,0,0,0
2026-02-04 16:06:14,183382,183382,183382,183382,183383,183382,183382,183382,183382,183382,183382,183382,183382,183382,183382,183382,183382,183382,183382,183382,183382,183382,183570,183383,183382,183382,183384,183383,183383,183382,183382,183382,183382,183382,183382,183382,2.002,1.999,1.994,1.997,1.996,1.998,1.99,1.999,1.997,1.996,1.995,2,1.995,1.993,1.998,1.997,1.997,1.996,1.998,1.997,1.996,1.997,1.996,1.997,1.996,2.003,1.997,1.995,2,2.001,1.996,1.999,1.995,1.995,1.999,2.001,0,0,0,0,0,0,0,0,0,0,0,0,0,0,0,0,0,0,0,0,0,0,0,0,0,0,0,0,0,0,0,0,0,0,0,0
2026-02-04 16:06:15,183383,183383,183383,183383,183384,183383,183383,183382,183382,183382,183382,183382,183382,183382,183382,183382,183382,183382,183382,183382,183382,183382,183570,183383,183382,183382,183384,183383,183383,183383,183383,183383,183383,183383,183383,183383,1.995,1.999,1.992,1.997,1.994,1.992,1.996,1.999,1.997,1.996,1.995,2,1.995,1.993,1.998,1.997,1.997,1.996,1.998,1.997,1.996,1.997,1.996,1.997,1.996,2.003,1.997,1.995,2,1.996,1.995,2.004,1.994,1.998,2,1.999,0,0,0,0,0,0,0,0,0,0,0,0,0,0,0,0,0,0,0,0,0,0,0,0,0,0,0,0,0,0,0,0,0,0,0,0
2026-02-04 16:06:16,183383,183383,183383,183383,183384,183383,183383,183383,183383,183383,183383,183383,183383,183383,183383,183383,183383,183383,183383,183383,183383,183383,183570,183383,183382,183382,183384,183383,183383,183383,183383,183383,183383,183383,183383,183383,1.995,1.999,1.992,1.997,1.994,1.992,1.996,1.998,2,1.995,2.001,2,1.995,1.995,1.999,2.002,1.996,1.997,1.998,1.997,1.999,1.997,1.996,1.997,1.996,2.003,1.997,1.995,2,1.996,1.995,2.004,1.994,1.998,2,1.999,0,0,0,0,0,0,0,0,0,0,0,0,0,0,0,0,0,0,0,0,0,0,0,0,0,0,0,0,0,0,0,0,0,0,0,0
2026-02-04 16:06:17,183383,183383,183383,183383,183384,183383,183383,183383,183383,183383,183383,183383,183383,183383,183383,183383,183383,183383,183383,183383,183383,183383,183571,183384,183383,183383,183385,183384,183384,183384,183384,183384,183384,183384,183384,183384,1.995,1.999,1.992,1.997,1.994,1.992,1.996,1.998,2,1.995,2.001,2,1.995,1.995,1.999,2.002,1.996,1.997,1.998,1.997,1.999,1.997,1.996,1.995,1.998,2.003,2,1.996,1.996,1.998,1.995,1.997,1.995,1.998,1.994,1.999,0,0,0,0,0,0,0,0,0,0,0,0,0,0,0,0,0,0,0,0,0,0,0,0,0,0,0,0,0,0,0,0,0,0,0,0
2026-02-04 16:06:18,183384,183384,183384,183384,183385,183384,183384,183384,183384,183384,183384,183384,183384,183384,183384,183383,183383,183383,183383,183383,183383,183383,183571,183384,183383,183383,183385,183384,183384,183384,183384,183384,183384,183384,183384,183384,1.997,2,1.997,2.005,1.996,1.998,1.993,1.996,1.998,1.995,1.998,2.003,2.003,1.999,1.998,2.002,1.996,1.997,1.998,1.997,1.999,1.997,1.996,1.995,1.998,2.003,2,1.996,1.996,1.998,1.995,1.997,1.995,1.998,1.994,1.999,0,0,0,0,0,0,0,0,0,0,0,0,0,0,0,0,0,0,0,0,0,0,0,0,0,0,0,0,0,0,0,0,0,0,0,0
2026-02-04 16:06:19,183384,183384,183384,183384,183385,183384,183384,183384,183384,183384,183384,183384,183384,183384,183384,183384,183384,183384,183384,183384,183384,183384,183572,183385,183384,183384,183386,183385,183385,183384,183384,183384,183384,183384,183384,183384,1.997,2,1.997,2.005,1.996,1.998,1.993,1.996,1.998,1.995,1.998,2.003,2.003,1.999,1.998,1.997,2,2.002,2,1.996,1.999,1.997,1.999,1.992,1.996,1.998,1.996,2.001,1.999,1.998,1.995,1.997,1.995,1.998,1.994,1.999,0,0,0,0,0,0,0,0,0,0,0,0,0,0,0,0,0,0,0,0,0,0,0,0,0,0,0,0,0,0,0,0,0,0,0,0
2026-02-04 16:06:20,183385,183385,183385,183385,183386,183385,183385,183385,183384,183384,183384,183384,183384,183384,183384,183384,183384,183384,183384,183384,183384,183384,183572,183385,183384,183384,183386,183385,183385,183385,183385,183385,183385,183385,183385,183385,1.995,2.002,2.002,2,1.994,1.998,1.994,1.996,1.998,1.995,1.998,2.003,2.003,1.999,1.998,1.997,2,2.002,2,1.996,1.999,1.997,1.999,1.992,1.996,1.998,1.996,2.001,1.999,1.998,2.001,2,1.995,1.999,1.999,2.001,0,0,0,0,0,0,0,0,0,0,0,0,0,0,0,0,0,0,0,0,0,0,0,0,0,0,0,0,0,0,0,0,0,0,0,0
2026-02-04 16:06:21,183385,183385,183385,183385,183386,183385,183385,183385,183385,183385,183385,183385,183385,183385,183385,183385,183385,183385,183385,183385,183385,183385,183572,183385,183384,183384,183386,183385,183385,183385,183385,183385,183385,183385,183385,183385,1.995,2.002,2.002,2,1.994,1.998,1.994,1.993,1.994,1.996,2,1.997,1.995,1.995,1.998,1.999,2.002,1.996,1.998,2,1.996,1.992,1.999,1.992,1.996,1.998,1.996,2.001,1.999,1.998,2.001,2,1.995,1.999,1.999,2.001,0,0,0,0,0,0,0,0,0,0,0,0,0,0,0,0,0,0,0,0,0,0,0,0,0,0,0,0,0,0,0,0,0,0,0,0
2026-02-04 16:06:22,183385,183385,183385,183385,183386,183385,183385,183385,183385,183385,183385,183385,183385,183385,183385,183385,183385,183385,183385,183385,183385,183385,183573,183386,183385,183385,183387,183386,183386,183386,183386,183386,183386,183386,183386,183386,1.995,2.002,2.002,2,1.994,1.998,1.994,1.993,1.994,1.996,2,1.997,1.995,1.995,1.998,1.999,2.002,1.996,1.998,2,1.996,1.992,1.994,1.995,1.993,1.997,1.997,1.996,2,1.996,1.996,1.997,1.995,1.993,2,1.999,0,0,0,0,0,0,0,0,0,0,0,0,0,0,0,0,0,0,0,0,0,0,0,0,0,0,0,0,0,0,0,0,0,0,0,0
2026-02-04 16:06:23,183386,183386,183386,183386,183387,183386,183386,183386,183386,183386,183386,183386,183386,183386,183386,183385,183385,183385,183385,183385,183385,183385,183573,183386,183385,183385,183387,183386,183386,183386,183386,183386,183386,183386,183386,183386,2,1.996,1.994,2.005,1.998,2.001,1.998,1.993,1.991,1.996,1.998,1.997,1.995,1.995,2.001,1.999,2.002,1.996,1.998,2,1.996,1.992,1.994,1.995,1.993,1.997,1.997,1.996,2,1.996,1.996,1.997,1.995,1.993,2,1.999,0,0,0,0,0,0,0,0,0,0,0,0,0,0,0,0,0,0,0,0,0,0,0,0,0,0,0,0,0,0,0,0,0,0,0,0
2026-02-04 16:06:24,183386,183386,183386,183386,183387,183386,183386,183386,183386,183386,183386,183386,183386,183386,183386,183386,183386,183386,183386,183386,183386,183386,183574,183387,183386,183386,183388,183387,183387,183386,183386,183386,183386,183386,183386,183386,2,1.996,1.994,2.005,1.998,2.001,1.998,1.993,1.991,1.996,1.998,1.997,1.995,1.995,2.001,2.002,1.99,1.997,1.995,1.996,1.996,1.995,1.996,2,1.996,1.998,1.996,1.99,1.999,1.996,1.996,1.997,1.995,1.993,2,1.999,0,0,0,0,0,0,0,0,0,0,0,0,0,0,0,0,0,0,0,0,0,0,0,0,0,0,0,0,0,0,0,0,0,0,0,0
2026-02-04 16:06:25,183387,183387,183387,183387,183388,183387,183387,183387,183386,183386,183386,183386,183386,183386,183386,183386,183386,183386,183386,183386,183386,183386,183574,183387,183386,183386,183388,183387,183387,183387,183387,183387,183387,183387,183387,183387,1.995,1.999,1.994,2.002,1.994,2.001,2.001,1.999,1.991,1.996,1.998,1.997,1.995,1.995,2.001,2.002,1.99,1.997,1.995,1.996,1.996,1.995,1.996,2,1.996,1.998,1.996,1.99,1.999,2.001,1.996,1.994,2,1.999,1.996,1.999,0,0,0,0,0,0,0,0,0,0,0,0,0,0,0,0,0,0,0,0,0,0,0,0,0,0,0,0,0,0,0,0,0,0,0,0
2026-02-04 16:06:26,183387,183387,183387,183387,183388,183387,183387,183387,183387,183387,183387,183387,183387,183387,183387,183387,183387,183387,183387,183387,183387,183387,183574,183387,183386,183386,183388,183387,183387,183387,183387,183387,183387,183387,183387,183387,1.995,1.999,1.994,2.002,1.994,2.001,2.001,1.999,1.998,1.996,1.998,2,1.998,1.995,1.995,1.999,2,1.994,2.001,1.996,2,1.995,1.996,2,1.996,1.998,1.996,1.99,1.999,2.001,1.996,1.994,2,1.999,1.996,1.999,0,0,0,0,0,0,0,0,0,0,0,0,0,0,0,0,0,0,0,0,0,0,0,0,0,0,0,0,0,0,0,0,0,0,0,0
2026-02-04 16:06:27,183388,183387,183387,183387,183388,183387,183387,183387,183387,183387,183387,183387,183387,183387,183387,183387,183387,183387,183387,183387,183387,183387,183575,183388,183387,183387,183389,183388,183388,183388,183388,183388,183388,183388,183388,183388,1.997,1.999,1.994,2.002,1.994,2.001,2.001,1.999,1.998,1.996,1.998,2,1.998,1.995,1.995,1.999,2,1.994,2.001,1.996,2,1.995,1.994,1.991,1.998,2.002,2,1.996,1.999,1.995,1.995,1.997,1.999,1.998,1.999,1.999,0,0,0,0,0,0,0,0,0,0,0,0,0,0,0,0,0,0,0,0,0,0,0,0,0,0,0,0,0,0,0,0,0,0,0,0
2026-02-04 16:06:28,183388,183388,183388,183388,183389,183388,183388,183388,183388,183388,183388,183388,183388,183388,183388,183387,183387,183387,183387,183387,183387,183387,183575,183388,183387,183387,183389,183388,183388,183388,183388,183388,183388,183388,183388,183388,1.997,2.002,1.997,2.005,1.998,1.996,1.993,1.998,1.994,1.996,2,1.997,2,1.995,1.998,1.999,2,1.994,2.001,1.996,2,1.995,1.994,1.991,1.998,2.002,2,1.996,1.999,1.995,1.995,1.997,1.999,1.998,1.999,1.999,0,0,0,0,0,0,0,0,0,0,0,0,0,0,0,0,0,0,0,0,0,0,0,0,0,0,0,0,0,0,0,0,0,0,0,0
2026-02-04 16:06:29,183388,183388,183388,183388,183389,183388,183388,183388,183388,183388,183388,183388,183388,183388,183388,183388,183388,183388,183388,183388,183388,183388,183576,183389,183388,183388,183390,183389,183389,183389,183388,183388,183388,183388,183388,183388,1.997,2.002,1.997,2.005,1.998,1.996,1.993,1.998,1.994,1.996,2,1.997,2,1.995,1.998,1.999,2,1.997,1.998,2,1.996,1.997,1.994,1.992,1.993,1.998,2,1.998,1.999,1.995,1.995,1.997,1.999,1.998,1.999,1.999,0,0,0,0,0,0,0,0,0,0,0,0,0,0,0,0,0,0,0,0,0,0,0,0,0,0,0,0,0,0,0,0,0,0,0,0
2026-02-04 16:06:30,183389,183389,183389,183389,183390,183389,183389,183389,183388,183388,183388,183388,183388,183388,183388,183388,183388,183388,183388,183388,183388,183388,183576,183389,183388,183388,183390,183389,183389,183389,183389,183389,183389,183389,183389,183389,2,1.999,1.992,2.002,1.996,1.998,1.996,1.999,1.994,1.996,2,1.997,2,1.995,1.998,1.999,2,1.997,1.998,2,1.996,1.997,1.994,1.992,1.993,1.998,2,1.998,1.999,1.996,1.995,2,1.995,1.999,2,2.001,0,0,0,0,0,0,0,0,0,0,0,0,0,0,0,0,0,0,0,0,0,0,0,0,0,0,0,0,0,0,0,0,0,0,0,0
2026-02-04 16:06:31,183389,183389,183389,183389,183390,183389,183389,183389,183389,183389,183389,183389,183389,183389,183389,183389,183389,183389,183389,183389,183389,183389,183576,183389,183388,183388,183390,183389,183389,183389,183389,183389,183389,183389,183389,183389,2,1.999,1.992,2.002,1.996,1.998,1.996,1.999,1.998,1.999,1.995,1.997,1.995,1.995,1.998,2.003,2.003,1.997,2.001,1.997,1.996,1.995,1.994,1.992,1.993,1.998,2,1.998,1.999,1.996,1.995,2,1.995,1.999,2,2.001,0,0,0,0,0,0,0,0,0,0,0,0,0,0,0,0,0,0,0,0,0,0,0,0,0,0,0,0,0,0,0,0,0,0,0,0
2026-02-04 16:06:32,183390,183389,183389,183389,183390,183389,183389,183389,183389,183389,183389,183389,183389,183389,183389,183389,183389,183389,183389,183389,183389,183389,183577,183390,183389,183389,183391,183390,183390,183390,183390,183390,183390,183390,183390,183390,2.002,1.999,1.992,2.002,1.996,1.998,1.996,1.999,1.998,1.999,1.995,1.997,1.995,1.995,1.998,2.003,2.003,1.997,2.001,1.997,1.996,1.995,1.994,1.995,1.998,1.998,2,2.001,1.999,1.998,1.995,1.997,1.994,1.999,1.996,1.999,0,0,0,0,0,0,0,0,0,0,0,0,0,0,0,0,0,0,0,0,0,0,0,0,0,0,0,0,0,0,0,0,0,0,0,0
2026-02-04 16:06:33,183390,183390,183390,183390,183391,183390,183390,183390,183390,183390,183390,183390,183390,183390,183390,183389,183389,183389,183389,183389,183389,183389,183577,183390,183389,183389,183391,183390,183390,183390,183390,183390,183390,183390,183390,183390,2.002,2,1.999,1.994,1.994,1.998,1.994,1.998,1.997,1.995,1.995,1.997,2,1.999,1.995,2.003,2.003,1.997,2.001,1.997,1.996,1.995,1.994,1.995,1.998,1.998,2,2.001,1.999,1.998,1.995,1.997,1.994,1.999,1.996,1.999,0,0,0,0,0,0,0,0,0,0,0,0,0,0,0,0,0,0,0,0,0,0,0,0,0,0,0,0,0,0,0,0,0,0,0,0
2026-02-04 16:06:34,183390,183390,183390,183390,183391,183390,183390,183390,183390,183390,183390,183390,183390,183390,183390,183390,183390,183390,183390,183390,183390,183390,183578,183391,183390,183390,183392,183391,183391,183391,183390,183390,183390,183390,183390,183390,2.002,2,1.999,1.994,1.994,1.998,1.994,1.998,1.997,1.995,1.995,1.997,2,1.999,1.995,1.999,1.993,1.996,1.998,2,1.994,1.992,1.994,1.997,1.998,2.002,1.997,1.992,2,2.001,1.995,1.997,1.994,1.999,1.996,1.999,0,0,0,0,0,0,0,0,0,0,0,0,0,0,0,0,0,0,0,0,0,0,0,0,0,0,0,0,0,0,0,0,0,0,0,0
2026-02-04 16:06:35,183391,183391,183391,183391,183392,183391,183391,183391,183390,183390,183390,183390,183390,183390,183390,183390,183390,183390,183390,183390,183390,183390,183578,183391,183390,183390,183392,183391,183391,183391,183391,183391,183391,183391,183391,183391,1.997,1.996,1.997,2,1.996,2.002,1.998,1.993,1.997,1.995,1.995,1.997,2,1.999,1.995,1.999,1.993,1.996,1.998,2,1.994,1.992,1.994,1.997,1.998,2.002,1.997,1.992,2,2.001,1.996,1.997,1.994,1.995,1.999,1.996,0,0,0,0,0,0,0,0,0,0,0,0,0,0,0,0,0,0,0,0,0,0,0,0,0,0,0,0,0,0,0,0,0,0,0,0
2026-02-04 16:06:36,183391,183391,183391,183391,183392,183391,183391,183391,183391,183391,183391,183391,183391,183391,183391,183391,183391,183391,183391,183391,183391,183391,183579,183391,183390,183390,183392,183391,183391,183391,183391,183391,183391,183391,183391,183391,1.997,1.996,1.997,2,1.996,2.002,1.998,1.993,1.994,1.996,2.001,1.998,1.998,1.999,1.998,2.003,2,1.996,1.998,2,1.994,1.997,1.994,1.997,1.998,2.002,1.997,1.992,2,2.001,1.996,1.997,1.994,1.995,1.999,1.996,0,0,0,0,0,0,0,0,0,0,0,0,0,0,0,0,0,0,0,0,0,0,0,0,0,0,0,0,0,0,0,0,0,0,0,0
2026-02-04 16:06:37,183392,183391,183391,183391,183392,183391,183391,183391,183391,183391,183391,183391,183391,183391,183391,183391,183391,183391,183391,183391,183391,183391,183579,183392,183391,183391,183393,183392,183392,183392,183392,183392,183392,183392,183392,183392,1.995,1.996,1.997,2,1.996,2.002,1.998,1.993,1.994,1.996,2.001,1.998,1.998,1.999,1.998,2.003,2,1.996,1.998,2,1.994,1.997,1.994,1.991,1.998,1.998,1.996,1.996,1.999,2.001,1.995,1.994,2,1.993,1.996,2.002,0,0,0,0,0,0,0,0,0,0,0,0,0,0,0,0,0,0,0,0,0,0,0,0,0,0,0,0,0,0,0,0,0,0,0,0
2026-02-04 16:06:38,183392,183392,183392,183392,183393,183392,183392,183392,183392,183392,183392,183392,183392,183392,183392,183392,183391,183391,183391,183391,183391,183391,183579,183392,183391,183391,183393,183392,183392,183392,183392,183392,183392,183392,183392,183392,1.995,1.999,1.994,2,1.998,2.001,2,2.002,1.994,1.999,1.998,1.994,2,1.995,1.999,1.999,2,1.996,1.998,2,1.994,1.997,1.994,1.991,1.998,1.998,1.996,1.996,1.999,2.001,1.995,1.994,2,1.993,1.996,2.002,0,0,0,0,0,0,0,0,0,0,0,0,0,0,0,0,0,0,0,0,0,0,0,0,0,0,0,0,0,0,0,0,0,0,0,0
2026-02-04 16:06:39,183392,183392,183392,183392,183393,183392,183392,183392,183392,183392,183392,183392,183392,183392,183392,183392,183392,183392,183392,183392,183392,183392,183580,183393,183392,183392,183394,183393,183393,183393,183392,183392,183392,183392,183392,183392,1.995,1.999,1.994,2,1.998,2.001,2,2.002,1.994,1.999,1.998,1.994,2,1.995,1.999,1.999,2,1.997,1.995,2,2,1.992,1.994,1.997,1.996,2.003,1.997,1.996,1.999,2.001,1.995,1.994,2,1.993,1.996,2.002,0,0,0,0,0,0,0,0,0,0,0,0,0,0,0,0,0,0,0,0,0,0,0,0,0,0,0,0,0,0,0,0,0,0,0,0
2026-02-04 16:06:40,183393,183393,183393,183393,183394,183393,183393,183393,183393,183392,183392,183392,183392,183392,183392,183392,183392,183392,183392,183392,183392,183392,183580,183393,183392,183392,183394,183393,183393,183393,183393,183393,183393,183393,183393,183393,1.997,1.994,1.999,1.994,0,1.996,1.996,1.996,1.994,1.999,1.998,1.994,2,1.995,1.999,1.999,2,1.997,1.995,2,2,1.992,1.994,1.997,1.996,2.003,1.997,1.996,1.999,2.001,1.998,1.999,1.995,1.995,1.999,2.001,0,0,0,0,2,0,0,0,0,0,0,0,0,0,0,0,0,0,0,0,0,0,0,0,0,0,0,0,0,0,0,0,0,0,0,0
2026-02-04 16:06:41,183393,183393,183393,183393,183394,183393,183393,183393,183393,183393,183393,183393,183393,183393,183393,183393,183393,183393,183393,183393,183393,183393,183581,183393,183392,183392,183394,183393,183393,183393,183393,183393,183393,183393,183393,183393,1.997,1.994,1.999,1.994,0,1.996,1.996,1.996,1.998,1.995,1.998,2.003,2,2.001,1.999,2.002,1.997,2.002,1.994,1.997,2,1.995,1.996,1.997,1.996,2.003,1.997,1.996,1.999,2.001,1.998,1.999,1.995,1.995,1.999,2.001,0,0,0,0,2,0,0,0,0,0,0,0,0,0,0,0,0,0,0,0,0,0,0,0,0,0,0,0,0,0,0,0,0,0,0,0
2026-02-04 16:06:42,183394,183393,183393,183393,183394,183393,183393,183393,183393,183393,183393,183393,183393,183393,183393,183393,183393,183393,183393,183393,183393,183393,183581,183394,183393,183393,183395,183394,183394,183394,183394,183394,183394,183394,183394,183394,1.997,1.994,1.999,1.994,0,1.996,1.996,1.996,1.998,1.995,1.998,2.003,2,2.001,1.999,2.002,1.997,2.002,1.994,1.997,2,1.995,1.996,1.997,1.998,1.998,2,2.001,1.999,1.998,1.998,1.999,1.994,1.998,1.996,2.001,0,0,0,0,2,0,0,0,0,0,0,0,0,0,0,0,0,0,0,0,0,0,0,0,0,0,0,0,0,0,0,0,0,0,0,0
2026-02-04 16:06:43,183394,183394,183394,183394,183395,183394,183394,183394,183394,183394,183394,183394,183394,183394,183394,183394,183393,183393,183393,183393,183393,183393,183581,183394,183393,183393,183395,183394,183394,183394,183394,183394,183394,183394,183394,183394,1.997,2.002,1.994,1.996,1.994,1.998,1.99,1.996,1.994,1.995,2.001,1.998,1.995,1.995,1.999,1.997,1.997,2.002,1.994,1.997,2,1.995,1.996,1.997,1.998,1.998,2,2.001,1.999,1.998,1.998,1.999,1.994,1.998,1.996,2.001,0,0,0,0,0,0,0,0,0,0,0,0,0,0,0,0,0,0,0,0,0,0,0,0,0,0,0,0,0,0,0,0,0,0,0,0
2026-02-04 16:06:44,183394,183394,183394,183394,183395,183394,183394,183394,183394,183394,183394,183394,183394,183394,183394,183394,183394,183394,183394,183394,183394,183394,183582,183395,183394,183394,183396,183395,183395,183395,183394,183394,183394,183394,183394,183394,1.997,2.002,1.994,1.996,1.994,1.998,1.99,1.996,1.994,1.995,2.001,1.998,1.995,1.995,1.999,1.997,1.997,1.99,1.998,2.002,1.999,1.997,1.996,1.995,1.999,2.002,1.994,1.998,2,1.996,1.998,1.999,1.994,1.998,1.996,2.001,0,0,0,0,0,0,0,0,0,0,0,0,0,0,0,0,0,0,0,0,0,0,0,0,0,0,0,0,0,0,0,0,0,0,0,0
2026-02-04 16:06:45,183395,183395,183395,183395,183396,183395,183395,183395,183395,183394,183394,183394,183394,183394,183394,183394,183394,183394,183394,183394,183394,183394,183582,183395,183394,183394,183396,183395,183395,183395,183395,183395,183395,183395,183395,183395,1.997,2,1.999,1.994,1.998,1.998,0,1.998,1.994,1.995,2.001,1.998,1.995,1.995,1.999,1.997,1.997,1.99,1.998,2.002,1.999,1.997,1.996,1.995,1.999,2.002,1.994,1.998,2,1.996,1.998,1.994,1.991,1.998,2,2.001,0,0,0,0,0,0,2,0,0,0,0,0,0,0,0,0,0,0,0,0,0,0,0,0,0,0,0,0,0,0,0,0,0,0,0,0
2026-02-04 16:06:46,183395,183395,183395,183395,183396,183395,183395,183395,183395,183395,183395,183395,183395,183395,183395,183395,183395,183395,183395,183395,183395,183395,183583,183395,183394,183394,183396,183395,183395,183395,183395,183395,183395,183395,183395,183395,1.997,2,1.999,1.994,1.998,1.998,0,1.998,1.994,1.995,1.995,1.998,1.998,1.999,1.999,1.999,1.996,2,2,2,1.999,1.995,1.994,1.995,1.999,2.002,1.994,1.998,2,1.996,1.998,1.994,1.991,1.998,2,2.001,0,0,0,0,0,0,2,0,0,0,0,0,0,0,0,0,0,0,0,0,0,0,0,0,0,0,0,0,0,0,0,0,0,0,0,0
2026-02-04 16:06:47,183396,183396,183395,183395,183396,183395,183395,183395,183395,183395,183395,183395,183395,183395,183395,183395,183395,183395,183395,183395,183395,183395,183583,183396,183395,183395,183397,183396,183396,183396,183396,183396,183396,183396,183396,183396,2,2,1.999,1.994,1.998,1.998,0,1.998,1.994,1.995,1.995,1.998,1.998,1.999,1.999,1.999,1.996,2,2,2,1.999,1.995,1.994,1.995,1.993,1.998,1.997,1.995,1.999,2.001,2.001,1.999,1.995,1.995,2,2.001,0,0,0,0,0,0,2,0,0,0,0,0,0,0,0,0,0,0,0,0,0,0,0,0,0,0,0,0,0,0,0,0,0,0,0,0
2026-02-04 16:06:48,183396,183396,183396,183396,183397,183396,183396,183396,183396,183396,183396,183396,183396,183396,183396,183396,183395,183395,183395,183395,183395,183395,183583,183396,183395,183395,183397,183396,183396,183396,183396,183396,183396,183396,183396,183396,2,2,1.997,2.002,1.996,1.996,1.993,1.996,1.994,1.999,1.998,2,2,2.001,1.999,1.999,1.996,2,2,2,1.999,1.995,1.994,1.995,1.993,1.998,1.997,1.995,1.999,2.001,2.001,1.999,1.995,1.995,2,2.001,0,0,0,0,0,0,0,0,0,0,0,0,0,0,0,0,0,0,0,0,0,0,0,0,0,0,0,0,0,0,0,0,0,0,0,0
2026-02-04 16:06:49,183396,183396,183396,183396,183397,183396,183396,183396,183396,183396,183396,183396,183396,183396,183396,183396,183396,183396,183396,183396,183396,183396,183584,183397,183396,183396,183398,183397,183397,183397,183397,183396,183396,183396,183396,183396,2,2,1.997,2.002,1.996,1.996,1.993,1.996,1.994,1.999,1.998,2,2,2.001,1.999,1.999,2,1.996,1.998,1.996,1.999,1.995,1.994,1.995,1.996,1.998,1.997,1.992,2.001,1.998,1.996,1.999,1.995,1.995,2,2.001,0,0,0,0,0,0,0,0,0,0,0,0,0,0,0,0,0,0,0,0,0,0,0,0,0,0,0,0,0,0,0,0,0,0,0,0
2026-02-04 16:06:50,183397,183397,183397,183397,183398,183397,183397,183397,183397,183396,183396,183396,183396,183396,183396,183396,183396,183396,183396,183396,183396,183396,183584,183397,183396,183396,183398,183397,183397,183397,183397,183397,183397,183397,183397,183397,2,2,1.997,2.002,1.993,2.001,1.994,1.996,2,1.999,1.998,2,2,2.001,1.999,1.999,2,1.996,1.998,1.996,1.999,1.995,1.994,1.995,1.996,1.998,1.997,1.992,2.001,1.998,1.996,1.997,1.999,1.998,2,1.999,0,0,0,0,0,0,0,0,0,0,0,0,0,0,0,0,0,0,0,0,0,0,0,0,0,0,0,0,0,0,0,0,0,0,0,0
2026-02-04 16:06:51,183397,183397,183397,183397,183398,183397,183397,183397,183397,183397,183397,183397,183397,183397,183397,183397,183397,183397,183397,183397,183397,183397,183585,183398,183396,183396,183398,183397,183397,183397,183397,183397,183397,183397,183397,183397,2,2,1.997,2.002,1.993,2.001,1.994,1.996,2,2.001,1.995,1.997,1.998,1.996,2.001,1.997,1.993,2,1.998,1.996,1.996,1.997,1.996,1.995,1.996,1.998,1.997,1.992,2.001,1.998,1.996,1.997,1.999,1.998,2,1.999,0,0,0,0,0,0,0,0,0,0,0,0,0,0,0,0,0,0,0,0,0,0,0,0,0,0,0,0,0,0,0,0,0,0,0,0
2026-02-04 16:06:52,183398,183398,183397,183397,183398,183397,183397,183397,183397,183397,183397,183397,183397,183397,183397,183397,183397,183397,183397,183397,183397,183397,183585,183398,183397,183397,183399,183398,183398,183398,183398,183398,183398,183398,183398,183398,2,1.996,1.997,2.002,1.993,2.001,1.994,1.996,2,2.001,1.995,1.997,1.998,1.996,2.001,1.997,1.993,2,1.998,1.996,1.996,1.997,1.996,1.997,1.993,1.997,1.997,1.995,2.001,1.995,1.996,1.994,1.994,1.998,2,1.996,0,0,0,0,0,0,0,0,0,0,0,0,0,0,0,0,0,0,0,0,0,0,0,0,0,0,0,0,0,0,0,0,0,0,0,0
2026-02-04 16:06:53,183398,183398,183398,183398,183399,183398,183398,183398,183398,183398,183398,183398,183398,183398,183398,183398,183397,183397,183397,183397,183397,183397,183585,183398,183397,183397,183399,183398,183398,183398,183398,183398,183398,183398,183398,183398,2,1.996,1.999,1.994,1.994,1.996,1.996,1.996,1.998,1.999,2,2,1.994,1.995,1.998,2.003,1.993,2,1.998,1.996,1.996,1.997,1.996,1.997,1.993,1.997,1.997,1.995,2.001,1.995,1.996,1.994,1.994,1.998,2,1.996,0,0,0,0,0,0,0,0,0,0,0,0,0,0,0,0,0,0,0,0,0,0,0,0,0,0,0,0,0,0,0,0,0,0,0,0
2026-02-04 16:06:54,183398,183398,183398,183398,183399,183398,183398,183398,183398,183398,183398,183398,183398,183398,183398,183398,183398,183398,183398,183398,183398,183398,183586,183399,183398,183398,183400,183399,183399,183399,183399,183398,183398,183398,183398,183398,2,1.996,1.999,1.994,1.994,1.996,1.996,1.996,1.998,1.999,2,2,1.994,1.995,1.998,2.003,1.992,1.994,2,1.997,1.996,1.995,1.994,2,1.996,1.997,1.996,1.998,1.999,1.996,1.996,1.994,1.994,1.998,2,1.996,0,0,0,0,0,0,0,0,0,0,0,0,0,0,0,0,0,0,0,0,0,0,0,0,0,0,0,0,0,0,0,0,0,0,0,0
2026-02-04 16:06:55,183399,183399,183399,183399,183400,183399,183399,183399,183399,183398,183398,183398,183398,183398,183398,183398,183398,183398,183398,183398,183398,183398,183586,183399,183398,183398,183400,183399,183399,183399,183399,183399,183399,183399,183399,183399,0,0,0,0,0,0,0,0,0,1.999,2,2,1.994,1.995,1.998,2.003,1.992,1.994,2,1.997,1.996,1.995,1.994,2,1.996,1.997,1.996,1.998,1.999,1.996,1.996,0,0,0,0,0,2,2,2,2,2,2,2,2,2,0,0,0,0,0,0,0,0,0,0,0,0,0,0,0,0,0,0,0,0,0,0,2,2,2,2,2
2026-02-04 16:06:56,183399,183399,183399,183399,183400,183399,183399,183399,183399,183399,183399,183399,183399,183399,183399,183399,183399,183399,183399,183399,183399,183399,183587,183400,183398,183398,183400,183399,183399,183399,183399,183399,183399,183399,183399,183399,0,0,0,0,0,0,0,0,0,0,0,0,0,0,0,0,0,0,0,0,0,0,0,0,1.996,1.997,1.996,1.998,1.999,1.996,1.996,0,0,0,0,0,2,2,2,2,2,2,2,2,2,2,2,2,2,2,2,2,2,2,2,2,2,2,2,2,0,0,0,0,0,0,0,2,2,2,2,2
2026-02-04 16:06:57,183400,183400,183399,183399,183400,183399,183399,183399,183399,183399,183399,183399,183399,183399,183399,183399,183399,183399,183399,183399,183399,183399,183587,183400,183399,183399,183401,183400,183400,183400,183400,183400,183400,183400,183400,183400,0,0,0,0,0,0,0,0,0,0,0,0,0,0,0,0,0,0,0,0,0,0,0,0,0,0,0,0,0,0,0,0,0,0,0,0,2,2,2,2,2,2,2,2,2,2,2,2,2,2,2,2,2,2,2,2,2,2,2,2,2,2,2,2,2,2,2,2,2,2,2,2
2026-02-04 16:06:58,183400,183400,183400,183400,183401,183400,183400,183400,183400,183400,183400,183400,183400,183400,183400,183400,183400,183399,183399,183399,183399,183399,183587,183400,183399,183399,183401,183400,183400,183400,183400,183400,183400,183400,183400,183400,0,0,0,0,0,0,0,0,0,0,0,0,0,0,0,0,0,0,0,0,0,0,0,0,0,0,0,0,0,0,0,0,0,0,0,0,2,2,2,2,2,2,2,2,2,2,2,2,2,2,2,2,2,2,2,2,2,2,2,2,2,2,2,2,2,2,2,2,2,2,2,2
2026-02-04 16:06:59,183400,183400,183400,183400,183401,183400,183400,183400,183400,183400,183400,183400,183400,183400,183400,183400,183400,183400,183400,183400,183400,183400,183588,183401,183400,183400,183402,183401,183401,183401,183401,183400,183400,183400,183400,183400,0,0,0,0,0,0,0,0,0,0,0,0,0,0,0,0,0,0,0,0,0,0,0,0,0,0,0,0,0,0,0,0,0,0,0,0,2,2,2,2,2,2,2,2,2,2,2,2,2,2,2,2,2,2,2,2,2,2,2,2,2,2,2,2,2,2,2,2,2,2,2,2
2026-02-04 16:07:00,183401,183401,183401,183401,183402,183401,183401,183401,183401,183401,183400,183400,183400,183400,183400,183400,183400,183400,183400,183400,183400,183400,183588,183401,183400,183400,183402,183401,183401,183401,183401,183401,183401,183401,183401,183401,0,0,0,0,0,0,0,0,0,0,0,0,0,0,0,0,0,0,0,0,0,0,0,0,0,0,0,0,0,0,0,0,0,0,0,0,2,2,2,2,2,2,2,2,2,2,2,2,2,2,2,2,2,2,2,2,2,2,2,2,2,2,2,2,2,2,2,2,2,2,2,2
2026-02-04 16:07:01,183401,183401,183401,183401,183402,183401,183401,183401,183401,183401,183401,183401,183401,183401,183401,183401,183401,183401,183401,183401,183401,183401,183589,183402,183400,183400,183402,183401,183401,183401,183401,183401,183401,183401,183401,183401,0,0,0,0,0,0,0,0,0,0,0,0,0,0,0,0,0,0,0,0,0,0,0,0,0,0,0,0,0,0,0,0,0,0,0,0,2,2,2,2,2,2,2,2,2,2,2,2,2,2,2,2,2,2,2,2,2,2,2,2,2,2,2,2,2,2,2,2,2,2,2,2
2026-02-04 16:07:02,183402,183402,183401,183401,183402,183401,183401,183401,183401,183401,183401,183401,183401,183401,183401,183401,183401,183401,183401,183401,183401,183401,183589,183402,183401,183401,183403,183402,183402,183402,183402,183402,183402,183402,183402,183402,0,0,0,0,0,0,0,0,0,0,0,0,0,0,0,0,0,0,0,0,0,0,0,0,0,0,0,0,0,0,0,0,0,0,0,0,2,2,2,2,2,2,2,2,2,2,2,2,2,2,2,2,2,2,2,2,2,2,2,2,2,2,2,2,2,2,2,2,2,2,2,2
2026-02-04 16:07:03,183402,183402,183402,183402,183403,183402,183402,183402,183402,183402,183402,183402,183402,183402,183402,183402,183402,183401,183401,183401,183401,183401,183589,183402,183401,183401,183403,183402,183402,183402,183402,183402,183402,183402,183402,183402,0,0,0,0,0,0,0,0,0,0,0,0,0,0,0,0,0,0,0,0,0,0,0,0,0,0,0,0,0,0,0,0,0,0,0,0,2,2,2,2,2,2,2,2,2,2,2,2,2,2,2,2,2,2,2,2,2,2,2,2,2,2,2,2,2,2,2,2,2,2,2,2
2026-02-04 16:07:04,183402,183402,183402,183402,183403,183402,183402,183402,183402,183402,183402,183402,183402,183402,183402,183402,183402,183402,183402,183402,183402,183402,183590,183403,183402,183402,183404,183403,183403,183403,183403,183402,183402,183402,183402,183402,0,0,0,0,0,0,0,0,0,0,0,0,0,0,0,0,0,0,0,0,0,0,0,0,0,0,0,0,0,0,0,0,0,0,0,0,2,2,2,2,2,2,2,2,2,2,2,2,2,2,2,2,2,2,2,2,2,2,2,2,2,2,2,2,2,2,2,2,2,2,2,2
2026-02-04 16:07:05,183403,183403,183403,183403,183404,183403,183403,183403,183403,183403,183402,183402,183402,183402,183402,183402,183402,183402,183402,183402,183402,183402,183590,183403,183402,183402,183404,183403,183403,183403,183403,183403,183403,183403,183403,183403,0,0,0,0,0,0,0,0,0,0,0,0,0,0,0,0,0,0,0,0,0,0,0,0,0,0,0,0,0,0,0,0,0,0,0,0,2,2,2,2,2,2,2,2,2,2,2,2,2,2,2,2,2,2,2,2,2,2,2,2,2,2,2,2,2,2,2,2,2,2,2,2
2026-02-04 16:07:06,183403,183403,183403,183403,183404,183403,183403,183403,183403,183403,183403,183403,183403,183403,183403,183403,183403,183403,183403,183403,183403,183403,183591,183404,183402,183402,183404,183403,183403,183403,183403,183403,183403,183403,183403,183403,0,0,0,0,0,0,0,0,0,0,0,0,0,0,0,0,0,0,0,0,0,0,0,0,0,0,0,0,0,0,0,0,0,0,0,0,2,2,2,2,2,2,2,2,2,2,2,2,2,2,2,2,2,2,2,2,2,2,2,2,2,2,2,2,2,2,2,2,2,2,2,2
2026-02-04 16:07:07,183404,183404,183404,183403,183404,183403,183403,183403,183403,183403,183403,183403,183403,183403,183403,183403,183403,183403,183403,183403,183403,183403,183591,183404,183403,183403,183405,183404,183404,183404,183404,183404,183404,183404,183404,183404,0,0,0,0,0,0,0,0,0,0,0,0,0,0,0,0,0,0,0,0,0,0,0,0,0,0,0,0,0,0,0,0,0,0,0,0,2,2,2,2,2,2,2,2,2,2,2,2,2,2,2,2,2,2,2,2,2,2,2,2,2,2,2,2,2,2,2,2,2,2,2,2
2026-02-04 16:07:08,183404,183404,183404,183404,183405,183404,183404,183404,183404,183404,183404,183404,183404,183404,183404,183404,183404,183403,183403,183403,183403,183403,183591,183404,183403,183403,183405,183404,183404,183404,183404,183404,183404,183404,183404,183404,0,0,0,0,0,0,0,0,0,0,0,0,0,0,0,0,0,0,0,0,0,0,0,0,0,0,0,0,0,0,0,0,0,0,0,0,2,2,2,2,2,2,2,2,2,2,2,2,2,2,2,2,2,2,2,2,2,2,2,2,2,2,2,2,2,2,2,2,2,2,2,2
2026-02-04 16:07:09,183404,183404,183404,183404,183405,183404,183404,183404,183404,183404,183404,183404,183404,183404,183404,183404,183404,183404,183404,183404,183404,183404,183592,183405,183404,183404,183406,183405,183405,183405,183405,183405,183404,183404,183404,183404,0,0,0,0,0,0,0,0,0,0,0,0,0,0,0,0,0,0,0,0,0,0,0,0,0,0,0,0,0,0,0,0,0,0,0,0,2,2,2,2,2,2,2,2,2,2,2,2,2,2,2,2,2,2,2,2,2,2,2,2,2,2,2,2,2,2,2,2,2,2,2,2
2026-02-04 16:07:10,183405,183405,183405,183405,183406,183405,183405,183405,183405,183405,183404,183404,183404,183404,183404,183404,183404,183404,183404,183404,183404,183404,183592,183405,183404,183404,183406,183405,183405,183405,183405,183405,183405,183405,183405,183405,0,0,0,0,0,0,0,0,0,0,0,0,0,0,0,0,0,0,0,0,0,0,0,0,0,0,0,0,0,0,0,0,0,0,0,0,2,2,2,2,2,2,2,2,2,2,2,2,2,2,2,2,2,2,2,2,2,2,2,2,2,2,2,2,2,2,2,2,2,2,2,2
2026-02-04 16:07:11,183405,183405,183405,183405,183406,183405,183405,183405,183405,183405,183405,183405,183405,183405,183405,183405,183405,183405,183405,183405,183405,183405,183593,183406,183405,183404,183406,183405,183405,183405,183405,183405,183405,183405,183405,183405,0,0,0,0,0,0,0,0,0,0,0,0,0,0,0,0,0,0,0,0,0,0,0,0,0,0,0,0,0,0,0,0,0,0,0,0,2,2,2,2,2,2,2,2,2,2,2,2,2,2,2,2,2,2,2,2,2,2,2,2,2,2,2,2,2,2,2,2,2,2,2,2
2026-02-04 16:07:12,183406,183406,183406,183405,183406,183405,183405,183405,183405,183405,183405,183405,183405,183405,183405,183405,183405,183405,183405,183405,183405,183405,183593,183406,183405,183405,183407,183406,183406,183406,183406,183406,183406,183406,183406,183406,0,0,0,0,0,0,0,0,0,0,0,0,0,0,0,0,0,0,0,0,0,0,0,0,0,0,0,0,0,0,0,0,0,0,0,0,2,2,2,2,2,2,2,2,2,2,2,2,2,2,2,2,2,2,2,2,2,2,2,2,2,2,2,2,2,2,2,2,2,2,2,2
2026-02-04 16:07:13,183406,183406,183406,183406,183407,183406,183406,183406,183406,183406,183406,183406,183406,183406,183406,183406,183406,183406,183405,183405,183405,183405,183593,183406,183405,183405,183407,183406,183406,183406,183406,183406,183406,183406,183406,183406,0,0,0,0,0,0,0,0,0,0,0,0,0,0,0,0,0,0,0,0,0,0,0,0,0,0,0,0,0,0,0,0,0,0,0,0,2,2,2,2,2,2,2,2,2,2,2,2,2,2,2,2,2,2,2,2,2,2,2,2,2,2,2,2,2,2,2,2,2,2,2,2
2026-02-04 16:07:14,183406,183406,183406,183406,183407,183406,183406,183406,183406,183406,183406,183406,183406,183406,183406,183406,183406,183406,183406,183406,183406,183406,183594,183407,183406,183406,183408,183407,183407,183407,183407,183407,183406,183406,183406,183406,0,0,0,0,0,0,0,0,0,0,0,0,0,0,0,0,0,0,0,0,0,0,0,0,0,0,0,0,0,0,0,0,0,0,0,0,2,2,2,2,2,2,2,2,2,2,2,2,2,2,2,2,2,2,2,2,2,2,2,2,2,2,2,2,2,2,2,2,2,2,2,2
2026-02-04 16:07:15,183407,183407,183407,183407,183408,183407,183407,183407,183407,183407,183406,183406,183406,183406,183406,183406,183406,183406,183406,183406,183406,183406,183594,183407,183406,183406,183408,183407,183407,183407,183407,183407,183407,183407,183407,183407,0,0,0,0,0,0,0,0,0,0,0,0,0,0,0,0,0,0,0,0,0,0,0,0,0,0,0,0,0,0,0,0,0,0,0,0,2,2,2,2,2,2,2,2,2,2,2,2,2,2,2,2,2,2,2,2,2,2,2,2,2,2,2,2,2,2,2,2,2,2,2,2
2026-02-04 16:07:16,183407,183407,183407,183407,183408,183407,183407,183407,183407,183407,183407,183407,183407,183407,183407,183407,183407,183407,183407,183407,183407,183407,183595,183408,183407,183406,183408,183407,183407,183407,183407,183407,183407,183407,183407,183407,0,0,0,0,0,0,0,0,0,0,0,0,0,0,0,0,0,0,0,0,0,0,0,0,0,0,0,0,0,0,0,0,0,0,0,0,2,2,2,2,2,2,2,2,2,2,2,2,2,2,2,2,2,2,2,2,2,2,2,2,2,2,2,2,2,2,2,2,2,2,2,2
2026-02-04 16:07:17,183408,183408,183408,183407,183408,183407,183407,183407,183407,183407,183407,183407,183407,183407,183407,183407,183407,183407,183407,183407,183407,183407,183595,183408,183407,183407,183409,183408,183408,183408,183408,183408,183408,183408,183408,183408,0,0,0,0,0,0,0,0,0,0,0,0,0,0,0,0,0,0,0,0,0,0,0,0,0,0,0,0,0,0,0,0,0,0,0,0,2,2,2,2,2,2,2,2,2,2,2,2,2,2,2,2,2,2,2,2,2,2,2,2,2,2,2,2,2,2,2,2,2,2,2,2
2026-02-04 16:07:18,183408,183408,183408,183408,183409,183408,183408,183408,183408,183408,183408,183408,183408,183408,183408,183408,183408,183408,183407,183407,183407,183407,183595,183408,183407,183407,183409,183408,183408,183408,183408,183408,183408,183408,183408,183408,0,0,0,0,0,0,0,0,0,0,0,0,0,0,0,0,0,0,0,0,0,0,0,0,0,0,0,0,0,0,0,0,0,0,0,0,2,2,2,2,2,2,2,2,2,2,2,2,2,2,2,2,2,2,2,2,2,2,2,2,2,2,2,2,2,2,2,2,2,2,2,2
2026-02-04 16:07:19,183408,183408,183408,183408,183409,183408,183408,183408,183408,183408,183408,183408,183408,183408,183408,183408,183408,183408,183408,183408,183408,183408,183596,183409,183408,183408,183410,183409,183409,183409,183409,183409,183408,183408,183408,183408,0,0,0,0,0,0,0,0,0,0,0,0,0,0,0,0,0,0,0,0,0,0,0,0,0,0,0,0,0,0,0,0,0,0,0,0,2,2,2,2,2,2,2,2,2,2,2,2,2,2,2,2,2,2,2,2,2,2,2,2,2,2,2,2,2,2,2,2,2,2,2,2
2026-02-04 16:07:20,183409,183409,183409,183409,183410,183409,183409,183409,183409,183409,183409,183408,183408,183408,183408,183408,183408,183408,183408,183408,183408,183408,183596,183409,183408,183408,183410,183409,183409,183409,183409,183409,183409,183409,183409,183409,0,0,0,0,0,0,0,0,0,0,0,0,0,0,0,0,0,0,0,0,0,0,0,0,0,0,0,0,0,0,0,0,0,0,0,0,2,2,2,2,2,2,2,2,2,2,2,2,2,2,2,2,2,2,2,2,2,2,2,2,2,2,2,2,2,2,2,2,2,2,2,2
2026-02-04 16:07:21,183409,183409,183409,183409,183410,183409,183409,183409,183409,183409,183409,183409,183409,183409,183409,183409,183409,183409,183409,183409,183409,183409,183597,183410,183409,183408,183410,183409,183409,183409,183409,183409,183409,183409,183409,183409,0,0,0,0,0,0,0,0,0,0,0,0,0,0,0,0,0,0,0,0,0,0,0,0,0,0,0,0,0,0,0,0,0,0,0,0,2,2,2,2,2,2,2,2,2,2,2,2,2,2,2,2,2,2,2,2,2,2,2,2,2,2,2,2,2,2,2,2,2,2,2,2
2026-02-04 16:07:22,183410,183410,183410,183410,183410,183409,183409,183409,183409,183409,183409,183409,183409,183409,183409,183409,183409,183409,183409,183409,183409,183409,183597,183410,183409,183409,183411,183410,183410,183410,183410,183410,183410,183410,183410,183410,0,0,0,0,0,0,0,0,0,0,0,0,0,0,0,0,0,0,0,0,0,0,0,0,0,0,0,0,0,0,0,0,0,0,0,0,2,2,2,2,2,2,2,2,2,2,2,2,2,2,2,2,2,2,2,2,2,2,2,2,2,2,2,2,2,2,2,2,2,2,2,2
2026-02-04 16:07:23,183410,183410,183410,183410,183411,183410,183410,183410,183410,183410,183410,183410,183410,183410,183410,183410,183410,183410,183409,183409,183409,183409,183597,183410,183409,183409,183411,183410,183410,183410,183410,183410,183410,183410,183410,183410,0,0,0,0,0,0,0,0,0,0,0,0,0,0,0,0,0,0,0,0,0,0,0,0,0,0,0,0,0,0,0,0,0,0,0,0,2,2,2,2,2,2,2,2,2,2,2,2,2,2,2,2,2,2,2,2,2,2,2,2,2,2,2,2,2,2,2,2,2,2,2,2
2026-02-04 16:07:24,183410,183410,183410,183410,183411,183410,183410,183410,183410,183410,183410,183410,183410,183410,183410,183410,183410,183410,183410,183410,183410,183410,183598,183411,183410,183410,183412,183411,183411,183411,183411,183411,183410,183410,183410,183410,0,0,0,0,0,0,0,0,0,0,0,0,0,0,0,0,0,0,0,0,0,0,0,0,0,0,0,0,0,0,0,0,0,0,0,0,2,2,2,2,2,2,2,2,2,2,2,2,2,2,2,2,2,2,2,2,2,2,2,2,2,2,2,2,2,2,2,2,2,2,2,2
2026-02-04 16:07:25,183411,183411,183411,183411,183412,183411,183411,183411,183411,183411,183411,183410,183410,183410,183410,183410,183410,183410,183410,183410,183410,183410,183598,183411,183410,183410,183412,183411,183411,183411,183411,183411,183411,183411,183411,183411,0,0,0,0,0,0,0,0,0,0,0,0,0,0,0,0,0,0,0,0,0,0,0,0,0,0,0,0,0,0,0,0,0,0,0,0,2,2,2,2,2,2,2,2,2,2,2,2,2,2,2,2,2,2,2,2,2,2,2,2,2,2,2,2,2,2,2,2,2,2,2,2
2026-02-04 16:07:26,183411,183411,183411,183411,183412,183411,183411,183411,183411,183411,183411,183411,183411,183411,183411,183411,183411,183411,183411,183411,183411,183411,183599,183412,183411,183410,183412,183411,183411,183411,183411,183411,183411,183411,183411,183411,0,0,0,0,0,0,0,0,0,0,0,0,0,0,0,0,0,0,0,0,0,0,0,0,0,0,0,0,0,0,0,0,0,0,0,0,2,2,2,2,2,2,2,2,2,2,2,2,2,2,2,2,2,2,2,2,2,2,2,2,2,2,2,2,2,2,2,2,2,2,2,2
2026-02-04 16:07:27,183412,183412,183412,183412,183412,183411,183411,183411,183411,183411,183411,183411,183411,183411,183411,183411,183411,183411,183411,183411,183411,183411,183599,183412,183411,183411,183413,183412,183412,183412,183412,183412,183412,183412,183412,183412,0,0,0,0,0,0,0,0,0,0,0,0,0,0,0,0,0,0,0,0,0,0,0,0,0,0,0,0,0,0,0,0,0,0,0,0,2,2,2,2,2,2,2,2,2,2,2,2,2,2,2,2,2,2,2,2,2,2,2,2,2,2,2,2,2,2,2,2,2,2,2,2
2026-02-04 16:07:28,183412,183412,183412,183412,183413,183412,183412,183412,183412,183412,183412,183412,183412,183412,183412,183412,183412,183412,183411,183411,183411,183411,183599,183412,183411,183411,183413,183412,183412,183412,183412,183412,183412,183412,183412,183412,0,0,0,0,0,0,0,0,0,0,0,0,0,0,0,0,0,0,0,0,0,0,0,0,0,0,0,0,0,0,0,0,0,0,0,0,2,2,2,2,2,2,2,2,2,2,2,2,2,2,2,2,2,2,2,2,2,2,2,2,2,2,2,2,2,2,2,2,2,2,2,2
2026-02-04 16:07:29,183412,183412,183412,183412,183413,183412,183412,183412,183412,183412,183412,183412,183412,183412,183412,183412,183412,183412,183412,183412,183412,183412,183600,183413,183412,183412,183414,183413,183413,183413,183413,183413,183413,183412,183412,183412,0,0,0,0,0,0,0,0,0,0,0,0,0,0,0,0,0,0,0,0,0,0,0,0,0,0,0,0,0,0,0,0,0,0,0,0,2,2,2,2,2,2,2,2,2,2,2,2,2,2,2,2,2,2,2,2,2,2,2,2,2,2,2,2,2,2,2,2,2,2,2,2
2026-02-04 16:07:30,183413,183413,183413,183413,183414,183413,183413,183413,183413,183413,183413,183412,183412,183412,183412,183412,183412,183412,183412,183412,183412,183412,183600,183413,183412,183412,183414,183413,183413,183413,183413,183413,183413,183413,183413,183413,0,0,0,0,0,0,0,0,0,0,0,0,0,0,0,0,0,0,0,0,0,0,0,0,0,0,0,0,0,0,0,0,0,0,0,0,2,2,2,2,2,2,2,2,2,2,2,2,2,2,2,2,2,2,2,2,2,2,2,2,2,2,2,2,2,2,2,2,2,2,2,2
2026-02-04 16:07:31,183413,183413,183413,183413,183414,183413,183413,183413,183413,183413,183413,183413,183413,183413,183413,183413,183413,183413,183413,183413,183413,183413,183601,183414,183413,183413,183414,183413,183413,183413,183413,183413,183413,183413,183413,183413,0,0,0,0,0,0,0,0,0,0,0,0,0,0,0,0,0,0,0,0,0,0,0,0,0,0,0,0,0,0,0,0,0,0,0,0,2,2,2,2,2,2,2,2,2,2,2,2,2,2,2,2,2,2,2,2,2,2,2,2,2,2,2,2,2,2,2,2,2,2,2,2
2026-02-04 16:07:32,183414,183414,183414,183414,183414,183413,183413,183413,183413,183413,183413,183413,183413,183413,183413,183413,183413,183413,183413,183413,183413,183413,183601,183414,183413,183413,183415,183414,183414,183414,183414,183414,183414,183414,183414,183414,0,0,0,0,0,0,0,0,0,0,0,0,0,0,0,0,0,0,0,0,0,0,0,0,0,0,0,0,0,0,0,0,0,0,0,0,2,2,2,2,2,2,2,2,2,2,2,2,2,2,2,2,2,2,2,2,2,2,2,2,2,2,2,2,2,2,2,2,2,2,2,2
2026-02-04 16:07:33,183414,183414,183414,183414,183415,183414,183414,183414,183414,183414,183414,183414,183414,183414,183414,183414,183414,183414,183414,183413,183413,183413,183601,183414,183413,183413,183415,183414,183414,183414,183414,183414,183414,183414,183414,183414,0,0,0,0,0,0,0,0,0,0,0,0,0,0,0,0,0,0,0,0,0,0,0,0,0,0,0,0,0,0,0,0,0,0,0,0,2,2,2,2,2,2,2,2,2,2,2,2,2,2,2,2,2,2,2,2,2,2,2,2,2,2,2,2,2,2,2,2,2,2,2,2
2026-02-04 16:07:34,183414,183414,183414,183414,183415,183414,183414,183414,183414,183414,183414,183414,183414,183414,183414,183414,183414,183414,183414,183414,183414,183414,183602,183415,183414,183414,183416,183415,183415,183415,183415,183415,183415,183414,183414,183414,0,0,0,0,0,0,0,0,0,0,0,0,0,0,0,0,0,0,0,0,0,0,0,0,0,0,0,0,0,0,0,0,0,0,0,0,2,2,2,2,2,2,2,2,2,2,2,2,2,2,2,2,2,2,2,2,2,2,2,2,2,2,2,2,2,2,2,2,2,2,2,2
2026-02-04 16:07:35,183415,183415,183415,183415,183416,183415,183415,183415,183415,183415,183415,183414,183414,183414,183414,183414,183414,183414,183414,183414,183414,183414,183602,183415,183414,183414,183416,183415,183415,183415,183415,183415,183415,183415,183415,183415,0,0,0,0,0,0,0,0,0,0,0,0,0,0,0,0,0,0,0,0,0,0,0,0,0,0,0,0,0,0,0,0,0,0,0,0,2,2,2,2,2,2,2,2,2,2,2,2,2,2,2,2,2,2,2,2,2,2,2,2,2,2,2,2,2,2,2,2,2,2,2,2
2026-02-04 16:07:36,183415,183415,183415,183415,183416,183415,183415,183415,183415,183415,183415,183415,183415,183415,183415,183415,183415,183415,183415,183415,183415,183415,183603,183416,183415,183415,183416,183415,183415,183415,183415,183415,183415,183415,183415,183415,0,0,0,0,0,0,0,0,0,0,0,0,0,0,0,0,0,0,0,0,0,0,0,0,0,0,0,0,0,0,0,0,0,0,0,0,2,2,2,2,2,2,2,2,2,2,2,2,2,2,2,2,2,2,2,2,2,2,2,2,2,2,2,2,2,2,2,2,2,2,2,2
2026-02-04 16:07:37,183416,183416,183416,183416,183416,183415,183415,183415,183415,183415,183415,183415,183415,183415,183415,183415,183415,183415,183415,183415,183415,183415,183603,183416,183415,183415,183417,183416,183416,183416,183416,183416,183416,183416,183416,183416,0,0,0,0,0,0,0,0,0,0,0,0,0,0,0,0,0,0,0,0,0,0,0,0,0,0,0,0,0,0,0,0,0,0,0,0,2,2,2,2,2,2,2,2,2,2,2,2,2,2,2,2,2,2,2,2,2,2,2,2,2,2,2,2,2,2,2,2,2,2,2,2
2026-02-04 16:07:38,183416,183416,183416,183416,183417,183416,183416,183416,183416,183416,183416,183416,183416,183416,183416,183416,183416,183416,183416,183415,183415,183415,183603,183416,183415,183415,183417,183416,183416,183416,183416,183416,183416,183416,183416,183416,0,0,0,0,0,0,0,0,0,0,0,0,0,0,0,0,0,0,0,0,0,0,0,0,0,0,0,0,0,0,0,0,0,0,0,0,2,2,2,2,2,2,2,2,2,2,2,2,2,2,2,2,2,2,2,2,2,2,2,2,2,2,2,2,2,2,2,2,2,2,2,2
2026-02-04 16:07:39,183416,183416,183416,183416,183417,183416,183416,183416,183416,183416,183416,183416,183416,183416,183416,183416,183416,183416,183416,183416,183416,183416,183604,183417,183416,183416,183418,183417,183417,183417,183417,183417,183417,183416,183416,183416,0,0,0,0,0,0,0,0,0,0,0,0,0,0,0,0,0,0,0,0,0,0,0,0,0,0,0,0,0,0,0,0,0,0,0,0,2,2,2,2,2,2,2,2,2,2,2,2,2,2,2,2,2,2,2,2,2,2,2,2,2,2,2,2,2,2,2,2,2,2,2,2
2026-02-04 16:07:40,183417,183417,183417,183417,183418,183417,183417,183417,183417,183417,183417,183417,183416,183416,183416,183416,183416,183416,183416,183416,183416,183416,183604,183417,183416,183416,183418,183417,183417,183417,183417,183417,183417,183417,183417,183417,0,0,0,0,0,0,0,0,0,0,0,0,0,0,0,0,0,0,0,0,0,0,0,0,0,0,0,0,0,0,0,0,0,0,0,0,2,2,2,2,2,2,2,2,2,2,2,2,2,2,2,2,2,2,2,2,2,2,2,2,2,2,2,2,2,2,2,2,2,2,2,2
2026-02-04 16:07:41,183417,183417,183417,183417,183418,183417,183417,183417,183417,183417,183417,183417,183417,183417,183417,183417,183417,183417,183417,183417,183417,183417,183605,183418,183417,183417,183418,183417,183417,183417,183417,183417,183417,183417,183417,183417,0,0,0,0,0,0,0,0,0,0,0,0,0,0,0,0,0,0,0,0,0,0,0,0,0,0,0,0,0,0,0,0,0,0,0,0,2,2,2,2,2,2,2,2,2,2,2,2,2,2,2,2,2,2,2,2,2,2,2,2,2,2,2,2,2,2,2,2,2,2,2,2
2026-02-04 16:07:42,183418,183418,183418,183418,183419,183417,183417,183417,183417,183417,183417,183417,183417,183417,183417,183417,183417,183417,183417,183417,183417,183417,183605,183418,183417,183417,183419,183418,183418,183418,183418,183418,183418,183418,183418,183418,0,0,0,0,0,0,0,0,0,0,0,0,0,0,0,0,0,0,0,0,0,0,0,0,0,0,0,0,0,0,0,0,0,0,0,0,2,2,2,2,2,2,2,2,2,2,2,2,2,2,2,2,2,2,2,2,2,2,2,2,2,2,2,2,2,2,2,2,2,2,2,2
2026-02-04 16:07:43,183418,183418,183418,183418,183419,183418,183418,183418,183418,183418,183418,183418,183418,183418,183418,183418,183418,183418,183418,183417,183417,183417,183605,183418,183417,183417,183419,183418,183418,183418,183418,183418,183418,183418,183418,183418,0,0,0,0,0,0,0,0,0,0,0,0,0,0,0,0,0,0,0,0,0,0,0,0,0,0,0,0,0,0,0,0,0,0,0,0,2,2,2,2,2,2,2,2,2,2,2,2,2,2,2,2,2,2,2,2,2,2,2,2,2,2,2,2,2,2,2,2,2,2,2,2
2026-02-04 16:07:44,183418,183418,183418,183418,183419,183418,183418,183418,183418,183418,183418,183418,183418,183418,183418,183418,183418,183418,183418,183418,183418,183418,183606,183419,183418,183418,183420,183419,183419,183419,183419,183419,183419,183419,183418,183418,0,0,0,0,0,0,0,0,0,0,0,0,0,0,0,0,0,0,0,0,0,0,0,0,0,0,0,0,0,0,0,0,0,0,0,0,2,2,2,2,2,2,2,2,2,2,2,2,2,2,2,2,2,2,2,2,2,2,2,2,2,2,2,2,2,2,2,2,2,2,2,2
2026-02-04 16:07:45,183419,183419,183419,183419,183420,183419,183419,183419,183419,183419,183419,183419,183418,183418,183418,183418,183418,183418,183418,183418,183418,183418,183606,183419,183418,183418,183420,183419,183419,183419,183419,183419,183419,183419,183419,183419,0,0,0,0,0,0,0,0,0,0,0,0,0,0,0,0,0,0,0,0,0,0,0,0,0,0,0,0,0,0,0,0,0,0,0,0,2,2,2,2,2,2,2,2,2,2,2,2,2,2,2,2,2,2,2,2,2,2,2,2,2,2,2,2,2,2,2,2,2,2,2,2
2026-02-04 16:07:46,183419,183419,183419,183419,183420,183419,183419,183419,183419,183419,183419,183419,183419,183419,183419,183419,183419,183419,183419,183419,183419,183419,183607,183420,183419,183419,183420,183419,183419,183419,183419,183419,183419,183419,183419,183419,0,0,0,0,0,0,0,0,0,0,0,0,0,0,0,0,0,0,0,0,0,0,0,0,0,0,0,0,0,0,0,0,0,0,0,0,2,2,2,2,2,2,2,2,2,2,2,2,2,2,2,2,2,2,2,2,2,2,2,2,2,2,2,2,2,2,2,2,2,2,2,2
2026-02-04 16:07:47,183420,183420,183420,183420,183421,183419,183419,183419,183419,183419,183419,183419,183419,183419,183419,183419,183419,183419,183419,183419,183419,183419,183607,183420,183419,183419,183421,183420,183420,183420,183420,183420,183420,183420,183420,183420,0,0,0,0,0,0,0,0,0,0,0,0,0,0,0,0,0,0,0,0,0,0,0,0,0,0,0,0,0,0,0,0,0,0,0,0,2,2,2,2,2,2,2,2,2,2,2,2,2,2,2,2,2,2,2,2,2,2,2,2,2,2,2,2,2,2,2,2,2,2,2,2
2026-02-04 16:07:48,183420,183420,183420,183420,183421,183420,183420,183420,183420,183420,183420,183420,183420,183420,183420,183420,183420,183420,183420,183419,183419,183419,183607,183420,183419,183419,183421,183420,183420,183420,183420,183420,183420,183420,183420,183420,0,0,0,0,0,0,0,0,0,0,0,0,0,0,0,0,0,0,0,0,0,0,0,0,0,0,0,0,0,0,0,0,0,0,0,0,2,2,2,2,2,2,2,2,2,2,2,2,2,2,2,2,2,2,2,2,2,2,2,2,2,2,2,2,2,2,2,2,2,2,2,2
2026-02-04 16:07:49,183420,183420,183420,183420,183421,183420,183420,183420,183420,183420,183420,183420,183420,183420,183420,183420,183420,183420,183420,183420,183420,183420,183608,183421,183420,183420,183422,183421,183421,183421,183421,183421,183421,183421,183420,183420,0,0,0,0,0,0,0,0,0,0,0,0,0,0,0,0,0,0,0,0,0,0,0,0,0,0,0,0,0,0,0,0,0,0,0,0,2,2,2,2,2,2,2,2,2,2,2,2,2,2,2,2,2,2,2,2,2,2,2,2,2,2,2,2,2,2,2,2,2,2,2,2
2026-02-04 16:07:50,183421,183421,183421,183421,183422,183421,183421,183421,183421,183421,183421,183421,183420,183420,183420,183420,183420,183420,183420,183420,183420,183420,183608,183421,183420,183420,183422,183421,183421,183421,183421,183421,183421,183421,183421,183421,0,0,0,0,0,0,0,0,0,0,0,0,0,0,0,0,0,0,0,0,0,0,0,0,0,0,0,0,0,0,0,0,0,0,0,0,2,2,2,2,2,2,2,2,2,2,2,2,2,2,2,2,2,2,2,2,2,2,2,2,2,2,2,2,2,2,2,2,2,2,2,2
2026-02-04 16:07:51,183421,183421,183421,183421,183422,183421,183421,183421,183421,183421,183421,183421,183421,183421,183421,183421,183421,183421,183421,183421,183421,183421,183609,183422,183421,183421,183423,183421,183421,183421,183421,183421,183421,183421,183421,183421,0,0,0,0,0,0,0,0,0,0,0,0,0,0,0,0,0,0,0,0,0,0,0,0,0,0,0,0,0,0,0,0,0,0,0,0,2,2,2,2,2,2,2,2,2,2,2,2,2,2,2,2,2,2,2,2,2,2,2,2,2,2,2,2,2,2,2,2,2,2,2,2
2026-02-04 16:07:52,183422,183422,183422,183422,183423,183421,183421,183421,183421,183421,183421,183421,183421,183421,183421,183421,183421,183421,183421,183421,183421,183421,183609,183422,183421,183421,183423,183422,183422,183422,183422,183422,183422,183422,183422,183422,0,0,0,0,0,0,0,0,0,0,0,0,0,0,0,0,0,0,0,0,0,0,0,0,0,0,0,0,0,0,0,0,0,0,0,0,2,2,2,2,2,2,2,2,2,2,2,2,2,2,2,2,2,2,2,2,2,2,2,2,2,2,2,2,2,2,2,2,2,2,2,2
2026-02-04 16:07:53,183422,183422,183422,183422,183423,183422,183422,183422,183422,183422,183422,183422,183422,183422,183422,183422,183422,183422,183422,183422,183421,183421,183609,183422,183421,183421,183423,183422,183422,183422,183422,183422,183422,183422,183422,183422,0,0,0,0,0,0,0,0,0,0,0,0,0,0,0,0,0,0,0,0,0,0,0,0,0,0,0,0,0,0,0,0,0,0,0,0,2,2,2,2,2,2,2,2,2,2,2,2,2,2,2,2,2,2,2,2,2,2,2,2,2,2,2,2,2,2,2,2,2,2,2,2
2026-02-04 16:07:54,183422,183422,183422,183422,183423,183422,183422,183422,183422,183422,183422,183422,183422,183422,183422,183422,183422,183422,183422,183422,183422,183422,183610,183423,183422,183422,183424,183423,183423,183423,183423,183423,183423,183423,183422,183422,0,0,0,0,0,0,0,0,0,0,0,0,0,0,0,0,0,0,0,0,0,0,0,0,0,0,0,0,0,0,0,0,0,0,0,0,2,2,2,2,2,2,2,2,2,2,2,2,2,2,2,2,2,2,2,2,2,2,2,2,2,2,2,2,2,2,2,2,2,2,2,2
2026-02-04 16:07:55,183423,183423,183423,183423,183424,183423,183423,183423,183423,183423,183423,183423,183423,183422,183422,183422,183422,183422,183422,183422,183422,183422,183610,183423,183422,183422,183424,183423,183423,183423,183423,183423,183423,183423,183423,183423,0,0,0,0,0,0,0,0,0,0,0,0,0,0,0,0,0,0,0,0,0,0,0,0,0,0,0,0,0,0,0,0,0,0,0,0,2,2,2,2,2,2,2,2,2,2,2,2,2,2,2,2,2,2,2,2,2,2,2,2,2,2,2,2,2,2,2,2,2,2,2,2
2026-02-04 16:07:56,183423,183423,183423,183423,183424,183423,183423,183423,183423,183423,183423,183423,183423,183423,183423,183423,183423,183423,183423,183423,183423,183423,183611,183424,183423,183423,183425,183423,183423,183423,183423,183423,183423,183423,183423,183423,0,0,0,0,0,0,0,0,0,0,0,0,0,0,0,0,0,0,0,0,0,0,0,0,0,0,0,0,0,0,0,0,0,0,0,0,2,2,2,2,2,2,2,2,2,2,2,2,2,2,2,2,2,2,2,2,2,2,2,2,2,2,2,2,2,2,2,2,2,2,2,2
2026-02-04 16:07:57,183424,183424,183424,183424,183425,183423,183423,183423,183423,183423,183423,183423,183423,183423,183423,183423,183423,183423,183423,183423,183423,183423,183611,183424,183423,183423,183425,183424,183424,183424,183424,183424,183424,183424,183424,183424,0,0,0,0,0,0,0,0,0,0,0,0,0,0,0,0,0,0,0,0,0,0,0,0,0,0,0,0,0,0,0,0,0,0,0,0,2,2,2,2,2,2,2,2,2,2,2,2,2,2,2,2,2,2,2,2,2,2,2,2,2,2,2,2,2,2,2,2,2,2,2,2
2026-02-04 16:07:58,183424,183424,183424,183424,183425,183424,183424,183424,183424,183424,183424,183424,183424,183424,183424,183424,183424,183424,183424,183424,183423,183423,183611,183424,183423,183423,183425,183424,183424,183424,183424,183424,183424,183424,183424,183424,0,0,0,0,0,0,0,0,0,0,0,0,0,0,0,0,0,0,0,0,0,0,0,0,0,0,0,0,0,0,0,0,0,0,0,0,2,2,2,2,2,2,2,2,2,2,2,2,2,2,2,2,2,2,2,2,2,2,2,2,2,2,2,2,2,2,2,2,2,2,2,2
2026-02-04 16:07:59,183424,183424,183424,183424,183425,183424,183424,183424,183424,183424,183424,183424,183424,183424,183424,183424,183424,183424,183424,183424,183424,183424,183612,183425,183424,183424,183426,183425,183425,183425,183425,183425,183425,183425,183424,183424,0,0,0,0,0,0,0,0,0,0,0,0,0,0,0,0,0,0,0,0,0,0,0,0,0,0,0,0,0,0,0,0,0,0,0,0,2,2,2,2,2,2,2,2,2,2,2,2,2,2,2,2,2,2,2,2,2,2,2,2,2,2,2,2,2,2,2,2,2,2,2,2
2026-02-04 16:08:00,183425,183425,183425,183425,183426,183425,183425,183425,183425,183425,183425,183425,183425,183424,183424,183424,183424,183424,183424,183424,183424,183424,183612,183425,183424,183424,183426,183425,183425,183425,183425,183425,183425,183425,183425,183425,0,0,0,0,0,0,0,0,0,0,0,0,0,0,0,0,0,0,0,0,0,0,0,0,0,0,0,0,0,0,0,0,0,0,0,0,2,2,2,2,2,2,2,2,2,2,2,2,2,2,2,2,2,2,2,2,2,2,2,2,2,2,2,2,2,2,2,2,2,2,2,2
2026-02-04 16:08:01,183425,183425,183425,183425,183426,183425,183425,183425,183425,183425,183425,183425,183425,183425,183425,183425,183425,183425,183425,183425,183425,183425,183613,183426,183425,183425,183427,183425,183425,183425,183425,183425,183425,183425,183425,183425,0,0,0,0,0,0,0,0,0,0,0,0,0,0,0,0,0,0,0,0,0,0,0,0,0,0,0,0,0,0,0,0,0,0,0,0,2,2,2,2,2,2,2,2,2,2,2,2,2,2,2,2,2,2,2,2,2,2,2,2,2,2,2,2,2,2,2,2,2,2,2,2
2026-02-04 16:08:02,183426,183426,183426,183426,183427,183426,183425,183425,183425,183425,183425,183425,183425,183425,183425,183425,183425,183425,183425,183425,183425,183425,183613,183426,183425,183425,183427,183426,183426,183426,183426,183426,183426,183426,183426,183426,0,0,0,0,0,0,0,0,0,0,0,0,0,0,0,0,0,0,0,0,0,0,0,0,0,0,0,0,0,0,0,0,0,0,0,0,2,2,2,2,2,2,2,2,2,2,2,2,2,2,2,2,2,2,2,2,2,2,2,2,2,2,2,2,2,2,2,2,2,2,2,2
2026-02-04 16:08:03,183426,183426,183426,183426,183427,183426,183426,183426,183426,183426,183426,183426,183426,183426,183426,183426,183426,183426,183426,183426,183425,183425,183613,183426,183425,183425,183427,183426,183426,183426,183426,183426,183426,183426,183426,183426,0,0,0,0,0,0,0,0,0,0,0,0,0,0,0,0,0,0,0,0,0,0,0,0,0,0,0,0,0,0,0,0,0,0,0,0,2,2,2,2,2,2,2,2,2,2,2,2,2,2,2,2,2,2,2,2,2,2,2,2,2,2,2,2,2,2,2,2,2,2,2,2
2026-02-04 16:08:04,183426,183426,183426,183426,183427,183426,183426,183426,183426,183426,183426,183426,183426,183426,183426,183426,183426,183426,183426,183426,183426,183426,183614,183427,183426,183426,183428,183427,183427,183427,183427,183427,183427,183427,183427,183426,0,0,0,0,0,0,0,0,0,0,0,0,0,0,0,0,0,0,0,0,0,0,0,0,0,0,0,0,0,0,0,0,0,0,0,0,2,2,2,2,2,2,2,2,2,2,2,2,2,2,2,2,2,2,2,2,2,2,2,2,2,2,2,2,2,2,2,2,2,2,2,2
2026-02-04 16:08:05,183427,183427,183427,183427,183428,183427,183427,183427,183427,183427,183427,183427,183427,183426,183426,183426,183426,183426,183426,183426,183426,183426,183614,183427,183426,183426,183428,183427,183427,183427,183427,183427,183427,183427,183427,183427,0,0,0,0,0,0,0,0,0,0,0,0,0,0,0,0,0,0,0,0,0,0,0,0,0,0,0,0,0,0,0,0,0,0,0,0,2,2,2,2,2,2,2,2,2,2,2,2,2,2,2,2,2,2,2,2,2,2,2,2,2,2,2,2,2,2,2,2,2,2,2,2
2026-02-04 16:08:06,183427,183427,183427,183427,183428,183427,183427,183427,183427,183427,183427,183427,183427,183427,183427,183427,183427,183427,183427,183427,183427,183427,183615,183428,183427,183427,183429,183428,183427,183427,183427,183427,183427,183427,183427,183427,0,0,0,0,0,0,0,0,0,0,0,0,0,0,0,0,0,0,0,0,0,0,0,0,0,0,0,0,0,0,0,0,0,0,0,0,2,2,2,2,2,2,2,2,2,2,2,2,2,2,2,2,2,2,2,2,2,2,2,2,2,2,2,2,2,2,2,2,2,2,2,2
2026-02-04 16:08:07,183428,183428,183428,183428,183429,183428,183427,183427,183427,183427,183427,183427,183427,183427,183427,183427,183427,183427,183427,183427,183427,183427,183615,183428,183427,183427,183429,183428,183428,183428,183428,183428,183428,183428,183428,183428,0,0,0,0,0,0,0,0,0,0,0,0,0,0,0,0,0,0,0,0,0,0,0,0,0,0,0,0,0,0,0,0,0,0,0,0,2,2,2,2,2,2,2,2,2,2,2,2,2,2,2,2,2,2,2,2,2,2,2,2,2,2,2,2,2,2,2,2,2,2,2,2
2026-02-04 16:08:08,183428,183428,183428,183428,183429,183428,183428,183428,183428,183428,183428,183428,183428,183428,183428,183428,183428,183428,183428,183428,183427,183427,183615,183428,183427,183427,183429,183428,183428,183428,183428,183428,183428,183428,183428,183428,0,0,0,0,0,0,0,0,0,0,0,0,0,0,0,0,0,0,0,0,0,0,0,0,0,0,0,0,0,0,0,0,0,0,0,0,2,2,2,2,2,2,2,2,2,2,2,2,2,2,2,2,2,2,2,2,2,2,2,2,2,2,2,2,2,2,2,2,2,2,2,2
2026-02-04 16:08:09,183428,183428,183428,183428,183429,183428,183428,183428,183428,183428,183428,183428,183428,183428,183428,183428,183428,183428,183428,183428,183428,183428,183616,183429,183428,183428,183430,183429,183429,183429,183429,183429,183429,183429,183429,183428,0,0,0,0,0,0,0,0,0,0,0,0,0,0,0,0,0,0,0,0,0,0,0,0,0,0,0,0,0,0,0,0,0,0,0,0,2,2,2,2,2,2,2,2,2,2,2,2,2,2,2,2,2,2,2,2,2,2,2,2,2,2,2,2,2,2,2,2,2,2,2,2
2026-02-04 16:08:10,183429,183429,183429,183429,183430,183429,183429,183429,183429,183429,183429,183429,183429,183428,183428,183428,183428,183428,183428,183428,183428,183428,183616,183429,183428,183428,183430,183429,183429,183429,183429,183429,183429,183429,183429,183429,0,0,0,0,0,0,0,0,0,0,0,0,0,0,0,0,0,0,0,0,0,0,0,0,0,0,0,0,0,0,0,0,0,0,0,0,2,2,2,2,2,2,2,2,2,2,2,2,2,2,2,2,2,2,2,2,2,2,2,2,2,2,2,2,2,2,2,2,2,2,2,2
2026-02-04 16:08:11,183429,183429,183429,183429,183430,183429,183429,183429,183429,183429,183429,183429,183429,183429,183429,183429,183429,183429,183429,183429,183429,183429,183617,183430,183429,183429,183431,183430,183429,183429,183429,183429,183429,183429,183429,183429,0,0,0,0,0,0,0,0,0,0,0,0,0,0,0,0,0,0,0,0,0,0,0,0,0,0,0,0,0,0,0,0,0,0,0,0,2,2,2,2,2,2,2,2,2,2,2,2,2,2,2,2,2,2,2,2,2,2,2,2,2,2,2,2,2,2,2,2,2,2,2,2
2026-02-04 16:08:12,183430,183430,183430,183430,183431,183430,183429,183429,183429,183429,183429,183429,183429,183429,183429,183429,183429,183429,183429,183429,183429,183429,183617,183430,183429,183429,183431,183430,183430,183430,183430,183430,183430,183430,183430,183430,0,0,0,0,0,0,0,0,0,0,0,0,0,0,0,0,0,0,0,0,0,0,0,0,0,0,0,0,0,0,0,0,0,0,0,0,2,2,2,2,2,2,2,2,2,2,2,2,2,2,2,2,2,2,2,2,2,2,2,2,2,2,2,2,2,2,2,2,2,2,2,2
2026-02-04 16:08:13,183430,183430,183430,183430,183431,183430,183430,183430,183430,183430,183430,183430,183430,183430,183430,183430,183430,183430,183430,183430,183430,183429,183617,183430,183429,183429,183431,183430,183430,183430,183430,183430,183430,183430,183430,183430,0,0,0,0,0,0,0,0,0,0,0,0,0,0,0,0,0,0,0,0,0,0,0,0,0,0,0,0,0,0,0,0,0,0,0,0,2,2,2,2,2,2,2,2,2,2,2,2,2,2,2,2,2,2,2,2,2,2,2,2,2,2,2,2,2,2,2,2,2,2,2,2
2026-02-04 16:08:14,183430,183430,183430,183430,183431,183430,183430,183430,183430,183430,183430,183430,183430,183430,183430,183430,183430,183430,183430,183430,183430,183430,183618,183431,183430,183430,183432,183431,183431,183431,183431,183431,183431,183431,183431,183430,0,0,0,0,0,0,0,0,0,0,0,0,0,0,0,0,0,0,0,0,0,0,0,0,0,0,0,0,0,0,0,0,0,0,0,0,2,2,2,2,2,2,2,2,2,2,2,2,2,2,2,2,2,2,2,2,2,2,2,2,2,2,2,2,2,2,2,2,2,2,2,2
2026-02-04 16:08:15,183431,183431,183431,183431,183432,183431,183431,183431,183431,183431,183431,183431,183431,183431,183430,183430,183430,183430,183430,183430,183430,183430,183618,183431,183430,183430,183432,183431,183431,183431,183431,183431,183431,183431,183431,183431,0,0,0,0,0,0,0,0,0,0,0,0,0,0,0,0,0,0,0,0,0,0,0,0,0,0,0,0,0,0,0,0,0,0,0,0,2,2,2,2,2,2,2,2,2,2,2,2,2,2,2,2,2,2,2,2,2,2,2,2,2,2,2,2,2,2,2,2,2,2,2,2
2026-02-04 16:08:16,183431,183431,183431,183431,183432,183431,183431,183431,183431,183431,183431,183431,183431,183431,183431,183431,183431,183431,183431,183431,183431,183431,183619,183432,183431,183431,183433,183432,183431,183431,183431,183431,183431,183431,183431,183431,0,0,0,0,0,0,0,0,0,0,0,0,0,0,0,0,0,0,0,0,0,0,0,0,0,0,0,0,0,0,0,0,0,0,0,0,2,2,2,2,2,2,2,2,2,2,2,2,2,2,2,2,2,2,2,2,2,2,2,2,2,2,2,2,2,2,2,2,2,2,2,2
2026-02-04 16:08:17,183432,183432,183432,183432,183433,183432,183431,183431,183431,183431,183431,183431,183431,183431,183431,183431,183431,183431,183431,183431,183431,183431,183619,183432,183431,183431,183433,183432,183432,183432,183432,183432,183432,183432,183432,183432,0,0,0,0,0,0,0,0,0,0,0,0,0,0,0,0,0,0,0,0,0,0,0,0,0,0,0,0,0,0,0,0,0,0,0,0,2,2,2,2,2,2,2,2,2,2,2,2,2,2,2,2,2,2,2,2,2,2,2,2,2,2,2,2,2,2,2,2,2,2,2,2
2026-02-04 16:08:18,183432,183432,183432,183432,183433,183432,183432,183432,183432,183432,183432,183432,183432,183432,183432,183432,183432,183432,183432,183432,183432,183431,183619,183432,183431,183431,183433,183432,183432,183432,183432,183432,183432,183432,183432,183432,0,0,0,0,0,0,0,0,0,0,0,0,0,0,0,0,0,0,0,0,0,0,0,0,0,0,0,0,0,0,0,0,0,0,0,0,2,2,2,2,2,2,2,2,2,2,2,2,2,2,2,2,2,2,2,2,2,2,2,2,2,2,2,2,2,2,2,2,2,2,2,2
2026-02-04 16:08:19,183432,183432,183432,183432,183433,183432,183432,183432,183432,183432,183432,183432,183432,183432,183432,183432,183432,183432,183432,183432,183432,183432,183620,183433,183432,183432,183434,183433,183433,183433,183433,183433,183433,183433,183433,183432,0,0,0,0,0,0,0,0,0,0,0,0,0,0,0,0,0,0,0,0,0,0,0,0,0,0,0,0,0,0,0,0,0,0,0,0,2,2,2,2,2,2,2,2,2,2,2,2,2,2,2,2,2,2,2,2,2,2,2,2,2,2,2,2,2,2,2,2,2,2,2,2
2026-02-04 16:08:20,183433,183433,183433,183433,183434,183433,183433,183433,183433,183433,183433,183433,183433,183433,183432,183432,183432,183432,183432,183432,183432,183432,183620,183433,183432,183432,183434,183433,183433,183433,183433,183433,183433,183433,183433,183433,0,0,0,0,0,0,0,0,0,0,0,0,0,0,0,0,0,0,0,0,0,0,0,0,0,0,0,0,0,0,0,0,0,0,0,0,2,2,2,2,2,2,2,2,2,2,2,2,2,2,2,2,2,2,2,2,2,2,2,2,2,2,2,2,2,2,2,2,2,2,2,2
2026-02-04 16:08:21,183433,183433,183433,183433,183434,183433,183433,183433,183433,183433,183433,183433,183433,183433,183433,183433,183433,183433,183433,183433,183433,183433,183621,183434,183433,183433,183435,183434,183433,183433,183433,183433,183433,183433,183433,183433,0,0,0,0,0,0,0,0,0,0,0,0,0,0,0,0,0,0,0,0,0,0,0,0,0,0,0,0,0,0,0,0,0,0,0,0,2,2,2,2,2,2,2,2,2,2,2,2,2,2,2,2,2,2,2,2,2,2,2,2,2,2,2,2,2,2,2,2,2,2,2,2
2026-02-04 16:08:22,183434,183434,183434,183434,183435,183434,183434,183433,183433,183433,183433,183433,183433,183433,183433,183433,183433,183433,183433,183433,183433,183433,183621,183434,183433,183433,183435,183434,183434,183434,183434,183434,183434,183434,183434,183434,0,0,0,0,0,0,0,0,0,0,0,0,0,0,0,0,0,0,0,0,0,0,0,0,0,0,0,0,0,0,0,0,0,0,0,0,2,2,2,2,2,2,2,2,2,2,2,2,2,2,2,2,2,2,2,2,2,2,2,2,2,2,2,2,2,2,2,2,2,2,2,2
2026-02-04 16:08:23,183434,183434,183434,183434,183435,183434,183434,183434,183434,183434,183434,183434,183434,183434,183434,183434,183434,183434,183434,183434,183434,183433,183621,183434,183433,183433,183435,183434,183434,183434,183434,183434,183434,183434,183434,183434,0,0,0,0,0,0,0,0,0,0,0,0,0,0,0,0,0,0,0,0,0,0,0,0,0,0,0,0,0,0,0,0,0,0,0,0,2,2,2,2,2,2,2,2,2,2,2,2,2,2,2,2,2,2,2,2,2,2,2,2,2,2,2,2,2,2,2,2,2,2,2,2
2026-02-04 16:08:24,183434,183434,183434,183434,183435,183434,183434,183434,183434,183434,183434,183434,183434,183434,183434,183434,183434,183434,183434,183434,183434,183434,183622,183435,183434,183434,183436,183435,183435,183435,183435,183435,183435,183435,183435,183435,0,0,0,0,0,0,0,0,0,0,0,0,0,0,0,0,0,0,0,0,0,0,0,0,0,0,0,0,0,0,0,0,0,0,0,0,2,2,2,2,2,2,2,2,2,2,2,2,2,2,2,2,2,2,2,2,2,2,2,2,2,2,2,2,2,2,2,2,2,2,2,2
2026-02-04 16:08:25,183435,183435,183435,183435,183436,183435,183435,183435,183435,183435,183435,183435,183435,183435,183434,183434,183434,183434,183434,183434,183434,183434,183622,183435,183434,183434,183436,183435,183435,183435,183435,183435,183435,183435,183435,183435,0,0,0,0,0,0,0,0,0,0,0,0,0,0,0,0,0,0,0,0,0,0,0,0,0,0,0,0,0,0,0,0,0,0,0,0,2,2,2,2,2,2,2,2,2,2,2,2,2,2,2,2,2,2,2,2,2,2,2,2,2,2,2,2,2,2,2,2,2,2,2,2
2026-02-04 16:08:26,183435,183435,183435,183435,183436,183435,183435,183435,183435,183435,183435,183435,183435,183435,183435,183435,183435,183435,183435,183435,183435,183435,183623,183436,183435,183435,183437,183436,183436,183435,183435,183435,183435,183435,183435,183435,0,0,0,0,0,0,0,0,0,0,0,0,0,0,0,0,0,0,0,0,0,0,0,0,0,0,0,0,0,0,0,0,0,0,0,0,2,2,2,2,2,2,2,2,2,2,2,2,2,2,2,2,2,2,2,2,2,2,2,2,2,2,2,2,2,2,2,2,2,2,2,2
2026-02-04 16:08:27,183436,183436,183436,183436,183437,183436,183436,183435,183435,183435,183435,183435,183435,183435,183435,183435,183435,183435,183435,183435,183435,183435,183623,183436,183435,183435,183437,183436,183436,183436,183436,183436,183436,183436,183436,183436,0,0,0,0,0,0,0,0,0,0,0,0,0,0,0,0,0,0,0,0,0,0,0,0,0,0,0,0,0,0,0,0,0,0,0,0,2,2,2,2,2,2,2,2,2,2,2,2,2,2,2,2,2,2,2,2,2,2,2,2,2,2,2,2,2,2,2,2,2,2,2,2
2026-02-04 16:08:28,183436,183436,183436,183436,183437,183436,183436,183436,183436,183436,183436,183436,183436,183436,183436,183436,183436,183436,183436,183436,183436,183435,183623,183436,183435,183435,183437,183436,183436,183436,183436,183436,183436,183436,183436,183436,0,0,0,0,0,0,0,0,0,0,0,0,0,0,0,0,0,0,0,0,0,0,0,0,0,0,0,0,0,0,0,0,0,0,0,0,2,2,2,2,2,2,2,2,2,2,2,2,2,2,2,2,2,2,2,2,2,2,2,2,2,2,2,2,2,2,2,2,2,2,2,2
2026-02-04 16:08:29,183436,183436,183436,183436,183437,183436,183436,183436,183436,183436,183436,183436,183436,183436,183436,183436,183436,183436,183436,183436,183436,183436,183624,183437,183436,183436,183438,183437,183437,183437,183437,183437,183437,183437,183437,183437,0,0,0,0,0,0,0,0,0,0,0,0,0,0,0,0,0,0,0,0,0,0,0,0,0,0,0,0,0,0,0,0,0,0,0,0,2,2,2,2,2,2,2,2,2,2,2,2,2,2,2,2,2,2,2,2,2,2,2,2,2,2,2,2,2,2,2,2,2,2,2,2
2026-02-04 16:08:30,183437,183437,183437,183437,183438,183437,183437,183437,183437,183437,183437,183437,183437,183437,183436,183436,183436,183436,183436,183436,183436,183436,183624,183437,183436,183436,183438,183437,183437,183437,183437,183437,183437,183437,183437,183437,0,0,0,0,0,0,0,0,0,0,0,0,0,0,0,0,0,0,0,0,0,0,0,0,0,0,0,0,0,0,0,0,0,0,0,0,2,2,2,2,2,2,2,2,2,2,2,2,2,2,2,2,2,2,2,2,2,2,2,2,2,2,2,2,2,2,2,2,2,2,2,2
2026-02-04 16:08:31,183437,183437,183437,183437,183438,183437,183437,183437,183437,183437,183437,183437,183437,183437,183437,183437,183437,183437,183437,183437,183437,183437,183625,183438,183437,183437,183439,183438,183438,183437,183437,183437,183437,183437,183437,183437,0,0,0,0,0,0,0,0,0,0,0,0,0,0,0,0,0,0,0,0,0,0,0,0,0,0,0,0,0,0,0,0,0,0,0,0,2,2,2,2,2,2,2,2,2,2,2,2,2,2,2,2,2,2,2,2,2,2,2,2,2,2,2,2,2,2,2,2,2,2,2,2
2026-02-04 16:08:32,183438,183438,183438,183438,183439,183438,183438,183437,183437,183437,183437,183437,183437,183437,183437,183437,183437,183437,183437,183437,183437,183437,183625,183438,183437,183437,183439,183438,183438,183438,183438,183438,183438,183438,183438,183438,0,0,0,0,0,0,0,0,0,0,0,0,0,0,0,0,0,0,0,0,0,0,0,0,0,0,0,0,0,0,0,0,0,0,0,0,2,2,2,2,2,2,2,2,2,2,2,2,2,2,2,2,2,2,2,2,2,2,2,2,2,2,2,2,2,2,2,2,2,2,2,2
2026-02-04 16:08:33,183438,183438,183438,183438,183439,183438,183438,183438,183438,183438,183438,183438,183438,183438,183438,183438,183438,183438,183438,183438,183438,183438,183625,183438,183437,183437,183439,183438,183438,183438,183438,183438,183438,183438,183438,183438,0,0,0,0,0,0,0,0,0,0,0,0,0,0,0,0,0,0,0,0,0,0,0,0,0,0,0,0,0,0,0,0,0,0,0,0,2,2,2,2,2,2,2,2,2,2,2,2,2,2,2,2,2,2,2,2,2,2,2,2,2,2,2,2,2,2,2,2,2,2,2,2
2026-02-04 16:08:34,183438,183438,183438,183438,183439,183438,183438,183438,183438,183438,183438,183438,183438,183438,183438,183438,183438,183438,183438,183438,183438,183438,183626,183439,183438,183438,183440,183439,183439,183439,183439,183439,183439,183439,183439,183439,0,0,0,0,0,0,0,0,0,0,0,0,0,0,0,0,0,0,0,0,0,0,0,0,0,0,0,0,0,0,0,0,0,0,0,0,2,2,2,2,2,2,2,2,2,2,2,2,2,2,2,2,2,2,2,2,2,2,2,2,2,2,2,2,2,2,2,2,2,2,2,2
2026-02-04 16:08:35,183439,183439,183439,183439,183440,183439,183439,183439,183439,183439,183439,183439,183439,183439,183439,183438,183438,183438,183438,183438,183438,183438,183626,183439,183438,183438,183440,183439,183439,183439,183439,183439,183439,183439,183439,183439,0,0,0,0,0,0,0,0,0,0,0,0,0,0,0,0,0,0,0,0,0,0,0,0,0,0,0,0,0,0,0,0,0,0,0,0,2,2,2,2,2,2,2,2,2,2,2,2,2,2,2,2,2,2,2,2,2,2,2,2,2,2,2,2,2,2,2,2,2,2,2,2
2026-02-04 16:08:36,183439,183439,183439,183439,183440,183439,183439,183439,183439,183439,183439,183439,183439,183439,183439,183439,183439,183439,183439,183439,183439,183439,183627,183440,183439,183439,183441,183440,183440,183439,183439,183439,183439,183439,183439,183439,0,0,0,0,0,0,0,0,0,0,0,0,0,0,0,0,0,0,0,0,0,0,0,0,0,0,0,0,0,0,0,0,0,0,0,0,2,2,2,2,2,2,2,2,2,2,2,2,2,2,2,2,2,2,2,2,2,2,2,2,2,2,2,2,2,2,2,2,2,2,2,2
2026-02-04 16:08:37,183440,183440,183440,183440,183441,183440,183440,183440,183439,183439,183439,183439,183439,183439,183439,183439,183439,183439,183439,183439,183439,183439,183627,183440,183439,183439,183441,183440,183440,183440,183440,183440,183440,183440,183440,183440,0,0,0,0,0,0,0,0,0,0,0,0,0,0,0,0,0,0,0,0,0,0,0,0,0,0,0,0,0,0,0,0,0,0,0,0,2,2,2,2,2,2,2,2,2,2,2,2,2,2,2,2,2,2,2,2,2,2,2,2,2,2,2,2,2,2,2,2,2,2,2,2
2026-02-04 16:08:38,183440,183440,183440,183440,183441,183440,183440,183440,183440,183440,183440,183440,183440,183440,183440,183440,183440,183440,183440,183440,183440,183440,183627,183440,183439,183439,183441,183440,183440,183440,183440,183440,183440,183440,183440,183440,0,0,0,0,0,0,0,0,0,0,0,0,0,0,0,0,0,0,0,0,0,0,0,0,0,0,0,0,0,0,0,0,0,0,0,0,2,2,2,2,2,2,2,2,2,2,2,2,2,2,2,2,2,2,2,2,2,2,2,2,2,2,2,2,2,2,2,2,2,2,2,2
2026-02-04 16:08:39,183441,183440,183440,183440,183441,183440,183440,183440,183440,183440,183440,183440,183440,183440,183440,183440,183440,183440,183440,183440,183440,183440,183628,183441,183440,183440,183442,183441,183441,183441,183441,183441,183441,183441,183441,183441,0,0,0,0,0,0,0,0,0,0,0,0,0,0,0,0,0,0,0,0,0,0,0,0,0,0,0,0,0,0,0,0,0,0,0,0,2,2,2,2,2,2,2,2,2,2,2,2,2,2,2,2,2,2,2,2,2,2,2,2,2,2,2,2,2,2,2,2,2,2,2,2
2026-02-04 16:08:40,183441,183441,183441,183441,183442,183441,183441,183441,183441,183441,183441,183441,183441,183441,183441,183440,183440,183440,183440,183440,183440,183440,183628,183441,183440,183440,183442,183441,183441,183441,183441,183441,183441,183441,183441,183441,0,0,0,0,0,0,0,0,0,0,0,0,0,0,0,0,0,0,0,0,0,0,0,0,0,0,0,0,0,0,0,0,0,0,0,0,2,2,2,2,2,2,2,2,2,2,2,2,2,2,2,2,2,2,2,2,2,2,2,2,2,2,2,2,2,2,2,2,2,2,2,2
2026-02-04 16:08:41,183441,183441,183441,183441,183442,183441,183441,183441,183441,183441,183441,183441,183441,183441,183441,183441,183441,183441,183441,183441,183441,183441,183629,183442,183441,183441,183443,183442,183442,183441,183441,183441,183441,183441,183441,183441,0,0,0,0,0,0,0,0,0,0,0,0,0,0,0,0,0,0,0,0,0,0,0,0,0,0,0,0,0,0,0,0,0,0,0,0,2,2,2,2,2,2,2,2,2,2,2,2,2,2,2,2,2,2,2,2,2,2,2,2,2,2,2,2,2,2,2,2,2,2,2,2
2026-02-04 16:08:42,183442,183442,183442,183442,183443,183442,183442,183442,183441,183441,183441,183441,183441,183441,183441,183441,183441,183441,183441,183441,183441,183441,183629,183442,183441,183441,183443,183442,183442,183442,183442,183442,183442,183442,183442,183442,0,0,0,0,0,0,0,0,0,0,0,0,0,0,0,0,0,0,0,0,0,0,0,0,0,0,0,0,0,0,0,0,0,0,0,0,2,2,2,2,2,2,2,2,2,2,2,2,2,2,2,2,2,2,2,2,2,2,2,2,2,2,2,2,2,2,2,2,2,2,2,2
2026-02-04 16:08:43,183442,183442,183442,183442,183443,183442,183442,183442,183442,183442,183442,183442,183442,183442,183442,183442,183442,183442,183442,183442,183442,183442,183629,183442,183441,183441,183443,183442,183442,183442,183442,183442,183442,183442,183442,183442,0,0,0,0,0,0,0,0,0,0,0,0,0,0,0,0,0,0,0,0,0,0,0,0,0,0,0,0,0,0,0,0,0,0,0,0,2,2,2,2,2,2,2,2,2,2,2,2,2,2,2,2,2,2,2,2,2,2,2,2,2,2,2,2,2,2,2,2,2,2,2,2
2026-02-04 16:08:44,183443,183442,183442,183442,183443,183442,183442,183442,183442,183442,183442,183442,183442,183442,183442,183442,183442,183442,183442,183442,183442,183442,183630,183443,183442,183442,183444,183443,183443,183443,183443,183443,183443,183443,183443,183443,0,0,0,0,0,0,0,0,0,0,0,0,0,0,0,0,0,0,0,0,0,0,0,0,0,0,0,0,0,0,0,0,0,0,0,0,2,2,2,2,2,2,2,2,2,2,2,2,2,2,2,2,2,2,2,2,2,2,2,2,2,2,2,2,2,2,2,2,2,2,2,2
2026-02-04 16:08:45,183443,183443,183443,183443,183444,183443,183443,183443,183443,183443,183443,183443,183443,183443,183443,183442,183442,183442,183442,183442,183442,183442,183630,183443,183442,183442,183444,183443,183443,183443,183443,183443,183443,183443,183443,183443,0,0,0,0,0,0,0,0,0,0,0,0,0,0,0,0,0,0,0,0,0,0,0,0,0,0,0,0,0,0,0,0,0,0,0,0,2,2,2,2,2,2,2,2,2,2,2,2,2,2,2,2,2,2,2,2,2,2,2,2,2,2,2,2,2,2,2,2,2,2,2,2
2026-02-04 16:08:46,183443,183443,183443,183443,183444,183443,183443,183443,183443,183443,183443,183443,183443,183443,183443,183443,183443,183443,183443,183443,183443,183443,183631,183444,183443,183443,183445,183444,183444,183444,183443,183443,183443,183443,183443,183443,0,0,0,0,0,0,0,0,0,0,0,0,0,0,0,0,0,0,0,0,0,0,0,0,0,0,0,0,0,0,0,0,0,0,0,0,2,2,2,2,2,2,2,2,2,2,2,2,2,2,2,2,2,2,2,2,2,2,2,2,2,2,2,2,2,2,2,2,2,2,2,2
2026-02-04 16:08:47,183444,183444,183444,183444,183445,183444,183444,183444,183443,183443,183443,183443,183443,183443,183443,183443,183443,183443,183443,183443,183443,183443,183631,183444,183443,183443,183445,183444,183444,183444,183444,183444,183444,183444,183444,183444,0,0,0,0,0,0,0,0,0,0,0,0,0,0,0,0,0,0,0,0,0,0,0,0,0,0,0,0,0,0,0,0,0,0,0,0,2,2,2,2,2,2,2,2,2,2,2,2,2,2,2,2,2,2,2,2,2,2,2,2,2,2,2,2,2,2,2,2,2,2,2,2
2026-02-04 16:08:48,183444,183444,183444,183444,183445,183444,183444,183444,183444,183444,183444,183444,183444,183444,183444,183444,183444,183444,183444,183444,183444,183444,183632,183444,183443,183443,183445,183444,183444,183444,183444,183444,183444,183444,183444,183444,0,0,0,0,0,0,0,0,0,0,0,0,0,0,0,0,0,0,0,0,0,0,0,0,0,0,0,0,0,0,0,0,0,0,0,0,2,2,2,2,2,2,2,2,2,2,2,2,2,2,2,2,2,2,2,2,2,2,2,2,2,2,2,2,2,2,2,2,2,2,2,2
2026-02-04 16:08:49,183445,183444,183444,183444,183445,183444,183444,183444,183444,183444,183444,183444,183444,183444,183444,183444,183444,183444,183444,183444,183444,183444,183632,183445,183444,183444,183446,183445,183445,183445,183445,183445,183445,183445,183445,183445,0,0,0,0,0,0,0,0,0,0,0,0,0,0,0,0,0,0,0,0,0,0,0,0,0,0,0,0,0,0,0,0,0,0,0,0,2,2,2,2,2,2,2,2,2,2,2,2,2,2,2,2,2,2,2,2,2,2,2,2,2,2,2,2,2,2,2,2,2,2,2,2
2026-02-04 16:08:50,183445,183445,183445,183445,183446,183445,183445,183445,183445,183445,183445,183445,183445,183445,183445,183445,183444,183444,183444,183444,183444,183444,183632,183445,183444,183444,183446,183445,183445,183445,183445,183445,183445,183445,183445,183445,0,0,0,0,0,0,0,0,0,0,0,0,0,0,0,0,0,0,0,0,0,0,0,0,0,0,0,0,0,0,0,0,0,0,0,0,2,2,2,2,2,2,2,2,2,2,2,2,2,2,2,2,2,2,2,2,2,2,2,2,2,2,2,2,2,2,2,2,2,2,2,2
2026-02-04 16:08:51,183445,183445,183445,183445,183446,183445,183445,183445,183445,183445,183445,183445,183445,183445,183445,183445,183445,183445,183445,183445,183445,183445,183633,183446,183445,183445,183447,183446,183446,183446,183445,183445,183445,183445,183445,183445,0,0,0,0,0,0,0,0,0,0,0,0,0,0,0,0,0,0,0,0,0,0,0,0,0,0,0,0,0,0,0,0,0,0,0,0,2,2,2,2,2,2,2,2,2,2,2,2,2,2,2,2,2,2,2,2,2,2,2,2,2,2,2,2,2,2,2,2,2,2,2,2
2026-02-04 16:08:52,183446,183446,183446,183446,183447,183446,183446,183446,183445,183445,183445,183445,183445,183445,183445,183445,183445,183445,183445,183445,183445,183445,183633,183446,183445,183445,183447,183446,183446,183446,183446,183446,183446,183446,183446,183446,0,0,0,0,0,0,0,0,0,0,0,0,0,0,0,0,0,0,0,0,0,0,0,0,0,0,0,0,0,0,0,0,0,0,0,0,2,2,2,2,2,2,2,2,2,2,2,2,2,2,2,2,2,2,2,2,2,2,2,2,2,2,2,2,2,2,2,2,2,2,2,2
2026-02-04 16:08:53,183446,183446,183446,183446,183447,183446,183446,183446,183446,183446,183446,183446,183446,183446,183446,183446,183446,183446,183446,183446,183446,183446,183634,183446,183445,183445,183447,183446,183446,183446,183446,183446,183446,183446,183446,183446,0,0,0,0,0,0,0,0,0,0,0,0,0,0,0,0,0,0,0,0,0,0,0,0,0,0,0,0,0,0,0,0,0,0,0,0,2,2,2,2,2,2,2,2,2,2,2,2,2,2,2,2,2,2,2,2,2,2,2,2,2,2,2,2,2,2,2,2,2,2,2,2
2026-02-04 16:08:54,183447,183446,183446,183446,183447,183446,183446,183446,183446,183446,183446,183446,183446,183446,183446,183446,183446,183446,183446,183446,183446,183446,183634,183447,183446,183446,183448,183447,183447,183447,183447,183447,183447,183447,183447,183447,0,0,0,0,0,0,0,0,0,0,0,0,0,0,0,0,0,0,0,0,0,0,0,0,0,0,0,0,0,0,0,0,0,0,0,0,2,2,2,2,2,2,2,2,2,2,2,2,2,2,2,2,2,2,2,2,2,2,2,2,2,2,2,2,2,2,2,2,2,2,2,2
2026-02-04 16:08:55,183447,183447,183447,183447,183448,183447,183447,183447,183447,183447,183447,183447,183447,183447,183447,183447,183446,183446,183446,183446,183446,183446,183634,183447,183446,183446,183448,183447,183447,183447,183447,183447,183447,183447,183447,183447,0,0,0,0,0,0,0,0,0,0,0,0,0,0,0,0,0,0,0,0,0,0,0,0,0,0,0,0,0,0,0,0,0,0,0,0,2,2,2,2,2,2,2,2,2,2,2,2,2,2,2,2,2,2,2,2,2,2,2,2,2,2,2,2,2,2,2,2,2,2,2,2
2026-02-04 16:08:56,183447,183447,183447,183447,183448,183447,183447,183447,183447,183447,183447,183447,183447,183447,183447,183447,183447,183447,183447,183447,183447,183447,183635,183448,183447,183447,183449,183448,183448,183448,183447,183447,183447,183447,183447,183447,0,0,0,0,0,0,0,0,0,0,0,0,0,0,0,0,0,0,0,0,0,0,0,0,0,0,0,0,0,0,0,0,0,0,0,0,2,2,2,2,2,2,2,2,2,2,2,2,2,2,2,2,2,2,2,2,2,2,2,2,2,2,2,2,2,2,2,2,2,2,2,2
2026-02-04 16:08:57,183448,183448,183448,183448,183449,183448,183448,183448,183448,183447,183447,183447,183447,183447,183447,183447,183447,183447,183447,183447,183447,183447,183635,183448,183447,183447,183449,183448,183448,183448,183448,183448,183448,183448,183448,183448,0,0,0,0,0,0,0,0,0,0,0,0,0,0,0,0,0,0,0,0,0,0,0,0,0,0,0,0,0,0,0,0,0,0,0,0,2,2,2,2,2,2,2,2,2,2,2,2,2,2,2,2,2,2,2,2,2,2,2,2,2,2,2,2,2,2,2,2,2,2,2,2
2026-02-04 16:08:58,183448,183448,183448,183448,183449,183448,183448,183448,183448,183448,183448,183448,183448,183448,183448,183448,183448,183448,183448,183448,183448,183448,183636,183448,183447,183447,183449,183448,183448,183448,183448,183448,183448,183448,183448,183448,0,0,0,0,0,0,0,0,0,0,0,0,0,0,0,0,0,0,0,0,0,0,0,0,0,0,0,0,0,0,0,0,0,0,0,0,2,2,2,2,2,2,2,2,2,2,2,2,2,2,2,2,2,2,2,2,2,2,2,2,2,2,2,2,2,2,2,2,2,2,2,2
2026-02-04 16:08:59,183449,183449,183448,183448,183449,183448,183448,183448,183448,183448,183448,183448,183448,183448,183448,183448,183448,183448,183448,183448,183448,183448,183636,183449,183448,183448,183450,183449,183449,183449,183449,183449,183449,183449,183449,183449,0,0,0,0,0,0,0,0,0,0,0,0,0,0,0,0,0,0,0,0,0,0,0,0,0,0,0,0,0,0,0,0,0,0,0,0,2,2,2,2,2,2,2,2,2,2,2,2,2,2,2,2,2,2,2,2,2,2,2,2,2,2,2,2,2,2,2,2,2,2,2,2
2026-02-04 16:09:00,183449,183449,183449,183449,183450,183449,183449,183449,183449,183449,183449,183449,183449,183449,183449,183449,183448,183448,183448,183448,183448,183448,183636,183449,183448,183448,183450,183449,183449,183449,183449,183449,183449,183449,183449,183449,0,0,0,0,0,0,0,0,0,0,0,0,0,0,0,0,0,0,0,0,0,0,0,0,0,0,0,0,0,0,0,0,0,0,0,0,2,2,2,2,2,2,2,2,2,2,2,2,2,2,2,2,2,2,2,2,2,2,2,2,2,2,2,2,2,2,2,2,2,2,2,2
2026-02-04 16:09:01,183449,183449,183449,183449,183450,183449,183449,183449,183449,183449,183449,183449,183449,183449,183449,183449,183449,183449,183449,183449,183449,183449,183637,183450,183449,183449,183451,183450,183450,183450,183450,183449,183449,183449,183449,183449,0,0,0,0,0,0,0,0,0,0,0,0,0,0,0,0,0,0,0,0,0,0,0,0,0,0,0,0,0,0,0,0,0,0,0,0,2,2,2,2,2,2,2,2,2,2,2,2,2,2,2,2,2,2,2,2,2,2,2,2,2,2,2,2,2,2,2,2,2,2,2,2
2026-02-04 16:09:02,183450,183450,183450,183450,183451,183450,183450,183450,183450,183449,183449,183449,183449,183449,183449,183449,183449,183449,183449,183449,183449,183449,183637,183450,183449,183449,183451,183450,183450,183450,183450,183450,183450,183450,183450,183450,0,0,0,0,0,0,0,0,0,0,0,0,0,0,0,0,0,0,0,0,0,0,0,0,0,0,0,0,0,0,0,0,0,0,0,0,2,2,2,2,2,2,2,2,2,2,2,2,2,2,2,2,2,2,2,2,2,2,2,2,2,2,2,2,2,2,2,2,2,2,2,2
2026-02-04 16:09:03,183450,183450,183450,183450,183451,183450,183450,183450,183450,183450,183450,183450,183450,183450,183450,183450,183450,183450,183450,183450,183450,183450,183638,183450,183449,183449,183451,183450,183450,183450,183450,183450,183450,183450,183450,183450,0,0,0,0,0,0,0,0,0,0,0,0,0,0,0,0,0,0,0,0,0,0,0,0,0,0,0,0,0,0,0,0,0,0,0,0,2,2,2,2,2,2,2,2,2,2,2,2,2,2,2,2,2,2,2,2,2,2,2,2,2,2,2,2,2,2,2,2,2,2,2,2
2026-02-04 16:09:04,183451,183451,183450,183450,183451,183450,183450,183450,183450,183450,183450,183450,183450,183450,183450,183450,183450,183450,183450,183450,183450,183450,183638,183451,183450,183450,183452,183451,183451,183451,183451,183451,183451,183451,183451,183451,0,0,0,0,0,0,0,0,0,0,0,0,0,0,0,0,0,0,0,0,0,0,0,0,0,0,0,0,0,0,0,0,0,0,0,0,2,2,2,2,2,2,2,2,2,2,2,2,2,2,2,2,2,2,2,2,2,2,2,2,2,2,2,2,2,2,2,2,2,2,2,2
2026-02-04 16:09:05,183451,183451,183451,183451,183452,183451,183451,183451,183451,183451,183451,183451,183451,183451,183451,183451,183450,183450,183450,183450,183450,183450,183638,183451,183450,183450,183452,183451,183451,183451,183451,183451,183451,183451,183451,183451,0,0,0,0,0,0,0,0,0,0,0,0,0,0,0,0,0,0,0,0,0,0,0,0,0,0,0,0,0,0,0,0,0,0,0,0,2,2,2,2,2,2,2,2,2,2,2,2,2,2,2,2,2,2,2,2,2,2,2,2,2,2,2,2,2,2,2,2,2,2,2,2
2026-02-04 16:09:06,183451,183451,183451,183451,183452,183451,183451,183451,183451,183451,183451,183451,183451,183451,183451,183451,183451,183451,183451,183451,183451,183451,183639,183452,183451,183451,183453,183452,183452,183452,183452,183451,183451,183451,183451,183451,0,0,0,0,0,0,0,0,0,0,0,0,0,0,0,0,0,0,0,0,0,0,0,0,0,0,0,0,0,0,0,0,0,0,0,0,2,2,2,2,2,2,2,2,2,2,2,2,2,2,2,2,2,2,2,2,2,2,2,2,2,2,2,2,2,2,2,2,2,2,2,2
2026-02-04 16:09:07,183452,183452,183452,183452,183453,183452,183452,183452,183452,183451,183451,183451,183451,183451,183451,183451,183451,183451,183451,183451,183451,183451,183639,183452,183451,183451,183453,183452,183452,183452,183452,183452,183452,183452,183452,183452,0,0,0,0,0,0,0,0,0,0,0,0,0,0,0,0,0,0,0,0,0,0,0,0,0,0,0,0,0,0,0,0,0,0,0,0,2,2,2,2,2,2,2,2,2,2,2,2,2,2,2,2,2,2,2,2,2,2,2,2,2,2,2,2,2,2,2,2,2,2,2,2
2026-02-04 16:09:08,183452,183452,183452,183452,183453,183452,183452,183452,183452,183452,183452,183452,183452,183452,183452,183452,183452,183452,183452,183452,183452,183452,183640,183453,183451,183451,183453,183452,183452,183452,183452,183452,183452,183452,183452,183452,0,0,0,0,0,0,0,0,0,0,0,0,0,0,0,0,0,0,0,0,0,0,0,0,0,0,0,0,0,0,0,0,0,0,0,0,2,2,2,2,2,2,2,2,2,2,2,2,2,2,2,2,2,2,2,2,2,2,2,2,2,2,2,2,2,2,2,2,2,2,2,2
2026-02-04 16:09:09,183453,183453,183452,183452,183453,183452,183452,183452,183452,183452,183452,183452,183452,183452,183452,183452,183452,183452,183452,183452,183452,183452,183640,183453,183452,183452,183454,183453,183453,183453,183453,183453,183453,183453,183453,183453,0,0,0,0,0,0,0,0,0,0,0,0,0,0,0,0,0,0,0,0,0,0,0,0,0,0,0,0,0,0,0,0,0,0,0,0,2,2,2,2,2,2,2,2,2,2,2,2,2,2,2,2,2,2,2,2,2,2,2,2,2,2,2,2,2,2,2,2,2,2,2,2
2026-02-04 16:09:10,183453,183453,183453,183453,183454,183453,183453,183453,183453,183453,183453,183453,183453,183453,183453,183453,183453,183452,183452,183452,183452,183452,183640,183453,183452,183452,183454,183453,183453,183453,183453,183453,183453,183453,183453,183453,0,0,0,0,0,0,0,0,0,0,0,0,0,0,0,0,0,0,0,0,0,0,0,0,0,0,0,0,0,0,0,0,0,0,0,0,2,2,2,2,2,2,2,2,2,2,2,2,2,2,2,2,2,2,2,2,2,2,2,2,2,2,2,2,2,2,2,2,2,2,2,2
2026-02-04 16:09:11,183453,183453,183453,183453,183454,183453,183453,183453,183453,183453,183453,183453,183453,183453,183453,183453,183453,183453,183453,183453,183453,183453,183641,183454,183453,183453,183455,183454,183454,183454,183454,183453,183453,183453,183453,183453,0,0,0,0,0,0,0,0,0,0,0,0,0,0,0,0,0,0,0,0,0,0,0,0,0,0,0,0,0,0,0,0,0,0,0,0,2,2,2,2,2,2,2,2,2,2,2,2,2,2,2,2,2,2,2,2,2,2,2,2,2,2,2,2,2,2,2,2,2,2,2,2
2026-02-04 16:09:12,183454,183454,183454,183454,183455,183454,183454,183454,183454,183453,183453,183453,183453,183453,183453,183453,183453,183453,183453,183453,183453,183453,183641,183454,183453,183453,183455,183454,183454,183454,183454,183454,183454,183454,183454,183454,0,0,0,0,0,0,0,0,0,0,0,0,0,0,0,0,0,0,0,0,0,0,0,0,0,0,0,0,0,0,0,0,0,0,0,0,2,2,2,2,2,2,2,2,2,2,2,2,2,2,2,2,2,2,2,2,2,2,2,2,2,2,2,2,2,2,2,2,2,2,2,2
2026-02-04 16:09:13,183454,183454,183454,183454,183455,183454,183454,183454,183454,183454,183454,183454,183454,183454,183454,183454,183454,183454,183454,183454,183454,183454,183642,183455,183453,183453,183455,183454,183454,183454,183454,183454,183454,183454,183454,183454,0,0,0,0,0,0,0,0,0,0,0,0,0,0,0,0,0,0,0,0,0,0,0,0,0,0,0,0,0,0,0,0,0,0,0,0,2,2,2,2,2,2,2,2,2,2,2,2,2,2,2,2,2,2,2,2,2,2,2,2,2,2,2,2,2,2,2,2,2,2,2,2
2026-02-04 16:09:14,183455,183455,183454,183454,183455,183454,183454,183454,183454,183454,183454,183454,183454,183454,183454,183454,183454,183454,183454,183454,183454,183454,183642,183455,183454,183454,183456,183455,183455,183455,183455,183455,183455,183455,183455,183455,0,0,0,0,0,0,0,0,0,0,0,0,0,0,0,0,0,0,0,0,0,0,0,0,0,0,0,0,0,0,0,0,0,0,0,0,2,2,2,2,2,2,2,2,2,2,2,2,2,2,2,2,2,2,2,2,2,2,2,2,2,2,2,2,2,2,2,2,2,2,2,2
2026-02-04 16:09:15,183455,183455,183455,183455,183456,183455,183455,183455,183455,183455,183455,183455,183455,183455,183455,183455,183455,183454,183454,183454,183454,183454,183642,183455,183454,183454,183456,183455,183455,183455,183455,183455,183455,183455,183455,183455,0,0,0,0,0,0,0,0,0,0,0,0,0,0,0,0,0,0,0,0,0,0,0,0,0,0,0,0,0,0,0,0,0,0,0,0,2,2,2,2,2,2,2,2,2,2,2,2,2,2,2,2,2,2,2,2,2,2,2,2,2,2,2,2,2,2,2,2,2,2,2,2
2026-02-04 16:09:16,183455,183455,183455,183455,183456,183455,183455,183455,183455,183455,183455,183455,183455,183455,183455,183455,183455,183455,183455,183455,183455,183455,183643,183456,183455,183455,183457,183456,183456,183456,183456,183455,183455,183455,183455,183455,0,0,0,0,0,0,0,0,0,0,0,0,0,0,0,0,0,0,0,0,0,0,0,0,0,0,0,0,0,0,0,0,0,0,0,0,2,2,2,2,2,2,2,2,2,2,2,2,2,2,2,2,2,2,2,2,2,2,2,2,2,2,2,2,2,2,2,2,2,2,2,2
2026-02-04 16:09:17,183456,183456,183456,183456,183457,183456,183456,183456,183456,183456,183455,183455,183455,183455,183455,183455,183455,183455,183455,183455,183455,183455,183643,183456,183455,183455,183457,183456,183456,183456,183456,183456,183456,183456,183456,183456,0,0,0,0,0,0,0,0,0,0,0,0,0,0,0,0,0,0,0,0,0,0,0,0,0,0,0,0,0,0,0,0,0,0,0,0,2,2,2,2,2,2,2,2,2,2,2,2,2,2,2,2,2,2,2,2,2,2,2,2,2,2,2,2,2,2,2,2,2,2,2,2
2026-02-04 16:09:18,183456,183456,183456,183456,183457,183456,183456,183456,183456,183456,183456,183456,183456,183456,183456,183456,183456,183456,183456,183456,183456,183456,183644,183457,183455,183455,183457,183456,183456,183456,183456,183456,183456,183456,183456,183456,0,0,0,0,0,0,0,0,0,0,0,0,0,0,0,0,0,0,0,0,0,0,0,0,0,0,0,0,0,0,0,0,0,0,0,0,2,2,2,2,2,2,2,2,2,2,2,2,2,2,2,2,2,2,2,2,2,2,2,2,2,2,2,2,2,2,2,2,2,2,2,2
2026-02-04 16:09:19,183457,183457,183457,183456,183457,183456,183456,183456,183456,183456,183456,183456,183456,183456,183456,183456,183456,183456,183456,183456,183456,183456,183644,183457,183456,183456,183458,183457,183457,183457,183457,183457,183457,183457,183457,183457,0,0,0,0,0,0,0,0,0,0,0,0,0,0,0,0,0,0,0,0,0,0,0,0,0,0,0,0,0,0,0,0,0,0,0,0,2,2,2,2,2,2,2,2,2,2,2,2,2,2,2,2,2,2,2,2,2,2,2,2,2,2,2,2,2,2,2,2,2,2,2,2
2026-02-04 16:09:20,183457,183457,183457,183457,183458,183457,183457,183457,183457,183457,183457,183457,183457,183457,183457,183457,183457,183456,183456,183456,183456,183456,183644,183457,183456,183456,183458,183457,183457,183457,183457,183457,183457,183457,183457,183457,0,0,0,0,0,0,0,0,0,0,0,0,0,0,0,0,0,0,0,0,0,0,0,0,0,0,0,0,0,0,0,0,0,0,0,0,2,2,2,2,2,2,2,2,2,2,2,2,2,2,2,2,2,2,2,2,2,2,2,2,2,2,2,2,2,2,2,2,2,2,2,2
2026-02-04 16:09:21,183457,183457,183457,183457,183458,183457,183457,183457,183457,183457,183457,183457,183457,183457,183457,183457,183457,183457,183457,183457,183457,183457,183645,183458,183457,183457,183459,183458,183458,183458,183458,183458,183457,183457,183457,183457,0,0,0,0,0,0,0,0,0,0,0,0,0,0,0,0,0,0,0,0,0,0,0,0,1.993,2.003,1.996,1.995,2,1.996,2.001,0,0,0,0,0,2,2,2,2,2,2,2,2,2,2,2,2,2,2,2,2,2,2,2,2,2,2,2,2,0,0,0,0,0,0,0,0,2,2,2,2
2026-02-04 16:09:22,183458,183458,183458,183458,183459,183458,183458,183458,183458,183458,183457,183457,183457,183457,183457,183457,183457,183457,183457,183457,183457,183457,183645,183458,183457,183457,183459,183458,183458,183458,183458,183458,183458,183458,183458,183458,1.997,2,1.999,1.997,2,2.001,1.99,1.999,1.997,1.999,0,0,0,0,0,0,0,0,0,0,0,0,0,0,1.993,2.003,1.996,1.995,2,1.996,2.001,1.999,1.995,1.995,1.999,1.996,0,0,0,0,0,0,0,0,0,0,2,2,2,2,2,2,2,2,2,2,2,2,2,2,0,0,0,0,0,0,0,0,0,0,0,0
2026-02-04 16:09:23,183458,183458,183458,183458,183459,183458,183458,183458,183458,183458,183458,183458,183458,183458,183458,183458,183458,183458,183458,183458,183458,183458,183646,183459,183457,183457,183459,183458,183458,183458,183458,183458,183458,183458,183458,183458,1.997,2,1.999,1.997,2,2.001,1.99,1.999,1.997,1.999,1.998,2,2,1.996,1.998,2.002,2,1.994,1.994,2,1.993,1.995,1.996,1.995,1.993,2.003,1.996,1.995,2,1.996,2.001,1.999,1.995,1.995,1.999,1.996,0,0,0,0,0,0,0,0,0,0,0,0,0,0,0,0,0,0,0,0,0,0,0,0,0,0,0,0,0,0,0,0,0,0,0,0
2026-02-04 16:09:24,183459,183459,183459,183458,183459,183458,183458,183458,183458,183458,183458,183458,183458,183458,183458,183458,183458,183458,183458,183458,183458,183458,183646,183459,183458,183458,183460,183459,183459,183459,183459,183459,183459,183459,183459,183459,2.002,2,1.999,1.997,2,2.001,1.99,1.999,1.997,1.999,1.998,2,2,1.996,1.998,2.002,2,1.994,1.994,2,1.993,1.995,1.996,1.995,1.999,2.002,1.996,1.998,1.996,2.001,1.998,1.994,1.995,1.998,2,1.996,0,0,0,0,0,0,0,0,0,0,0,0,0,0,0,0,0,0,0,0,0,0,0,0,0,0,0,0,0,0,0,0,0,0,0,0
2026-02-04 16:09:25,183459,183459,183459,183459,183460,183459,183459,183459,183459,183459,183459,183459,183459,183459,183459,183459,183459,183458,183458,183458,183458,183458,183646,183459,183458,183458,183460,183459,183459,183459,183459,183459,183459,183459,183459,183459,2.002,2,1.999,2,2,1.995,1.993,1.998,1.998,1.995,1.995,1.994,2,2.001,1.998,1.997,2,1.994,1.994,2,1.993,1.995,1.996,1.995,1.999,2.002,1.996,1.998,1.996,2.001,1.998,1.994,1.995,1.998,2,1.996,0,0,0,0,0,0,0,0,0,0,0,0,0,0,0,0,0,0,0,0,0,0,0,0,0,0,0,0,0,0,0,0,0,0,0,0
2026-02-04 16:09:26,183459,183459,183459,183459,183460,183459,183459,183459,183459,183459,183459,183459,183459,183459,183459,183459,183459,183459,183459,183459,183459,183459,183647,183460,183459,183459,183461,183460,183460,183460,183460,183460,183459,183459,183459,183459,2.002,2,1.999,2,2,1.995,1.993,1.998,1.998,1.995,1.995,1.994,2,2.001,1.998,1.997,2,1.996,1.998,1.997,1.996,1.997,1.996,1.992,1.998,2.003,1.996,1.996,1.999,1.996,1.995,1.994,1.995,1.998,2,1.996,0,0,0,0,0,0,0,0,0,0,0,0,0,0,0,0,0,0,0,0,0,0,0,0,0,0,0,0,0,0,0,0,0,0,0,0
2026-02-04 16:09:27,183460,183460,183460,183460,183461,183460,183460,183460,183460,183460,183459,183459,183459,183459,183459,183459,183459,183459,183459,183459,183459,183459,183647,183460,183459,183459,183461,183460,183460,183460,183460,183460,183460,183460,183460,183460,1.997,2,1.999,1.996,1.994,1.996,1.993,1.996,1.994,1.996,1.995,1.994,2,2.001,1.998,1.997,2,1.996,1.998,1.997,1.996,1.997,1.996,1.992,1.998,2.003,1.996,1.996,1.999,1.996,1.995,1.994,1.994,1.995,2.002,1.996,0,0,0,0,0,0,0,0,0,0,0,0,0,0,0,0,0,0,0,0,0,0,0,0,0,0,0,0,0,0,0,0,0,0,0,0
2026-02-04 16:09:28,183460,183460,183460,183460,183461,183460,183460,183460,183460,183460,183460,183460,183460,183460,183460,183460,183460,183460,183460,183460,183460,183460,183648,183461,183460,183459,183461,183460,183460,183460,183460,183460,183460,183460,183460,183460,1.997,2,1.999,1.996,1.994,1.996,1.993,1.996,1.994,1.996,1.998,2.003,2,1.996,1.995,2.002,1.997,2,1.998,1.997,1.993,1.995,1.999,1.997,1.993,2.003,1.996,1.996,1.999,1.996,1.995,1.994,1.994,1.995,2.002,1.996,0,0,0,0,0,0,0,0,0,0,0,0,0,0,0,0,0,0,0,0,0,0,0,0,0,0,0,0,0,0,0,0,0,0,0,0
2026-02-04 16:09:29,183461,183461,183461,183460,183461,183460,183460,183460,183460,183460,183460,183460,183460,183460,183460,183460,183460,183460,183460,183460,183460,183460,183648,183461,183460,183460,183462,183461,183461,183461,183461,183461,183461,183461,183461,183461,1.995,1.994,1.994,1.996,1.994,1.996,1.993,1.996,1.994,1.996,1.998,2.003,2,1.996,1.995,2.002,1.997,2,1.998,1.997,1.993,1.995,1.999,1.997,1.993,1.998,1.994,1.995,2,1.996,1.996,1.994,1.994,2.003,2,1.996,0,0,0,0,0,0,0,0,0,0,0,0,0,0,0,0,0,0,0,0,0,0,0,0,0,0,0,0,0,0,0,0,0,0,0,0
2026-02-04 16:09:30,183461,183461,183461,183461,183462,183461,183461,183461,183461,183461,183461,183461,183461,183461,183461,183461,183461,183461,183460,183460,183460,183460,183648,183461,183460,183460,183462,183461,183461,183461,183461,183461,183461,183461,183461,183461,1.995,1.994,1.994,1.996,1.994,1.996,1.998,1.996,1.998,1.996,2,1.998,1.995,2.001,1.993,1.999,1.993,2,1.998,1.997,1.993,1.995,1.999,1.997,1.993,1.998,1.994,1.995,2,1.996,1.996,1.994,1.994,2.003,2,1.996,0,0,0,0,0,0,0,0,0,0,0,0,0,0,0,0,0,0,0,0,0,0,0,0,0,0,0,0,0,0,0,0,0,0,0,0
2026-02-04 16:09:31,183461,183461,183461,183461,183462,183461,183461,183461,183461,183461,183461,183461,183461,183461,183461,183461,183461,183461,183461,183461,183461,183461,183649,183462,183461,183461,183463,183462,183462,183462,183462,183462,183461,183461,183461,183461,1.995,1.994,1.994,1.996,1.994,1.996,1.998,1.996,1.998,1.996,2,1.998,1.995,2.001,1.993,1.999,1.993,1.994,1.998,1.997,1.994,1.991,1.999,1.995,1.998,2.002,1.997,2.001,2,1.996,1.996,1.997,1.994,2.003,2,1.996,0,0,0,0,0,0,0,0,0,0,0,0,0,0,0,0,0,0,0,0,0,0,0,0,0,0,0,0,0,0,0,0,0,0,0,0
2026-02-04 16:09:32,183462,183462,183462,183462,183463,183462,183462,183462,183462,183462,183462,183461,183461,183461,183461,183461,183461,183461,183461,183461,183461,183461,183649,183462,183461,183461,183463,183462,183462,183462,183462,183462,183462,183462,183462,183462,1.995,1.996,1.992,2,1.998,1.998,1.996,1.993,1.992,1.996,2,1.998,1.995,2.001,1.993,1.999,1.993,1.994,1.998,1.997,1.994,1.991,1.999,1.995,1.998,2.002,1.997,2.001,2,1.996,1.996,1.997,1.994,2.003,1.996,2.002,0,0,0,0,0,0,0,0,0,0,0,0,0,0,0,0,0,0,0,0,0,0,0,0,0,0,0,0,0,0,0,0,0,0,0,0
2026-02-04 16:09:33,183462,183462,183462,183462,183463,183462,183462,183462,183462,183462,183462,183462,183462,183462,183462,183462,183462,183462,183462,183462,183462,183462,183650,183463,183462,183461,183463,183462,183462,183462,183462,183462,183462,183462,183462,183462,1.995,1.996,1.992,2,1.998,1.998,1.996,1.993,1.992,1.996,1.998,2.005,1.998,1.993,1.995,2.003,1.992,2.002,2,1.997,2,1.995,1.999,1.991,1.996,2.002,1.997,2.001,2,1.996,1.996,1.997,1.994,2.003,1.996,2.002,0,0,0,0,0,0,0,0,0,0,0,0,0,0,0,0,0,0,0,0,0,0,0,0,0,0,0,0,0,0,0,0,0,0,0,0
2026-02-04 16:09:34,183463,183463,183463,183462,183463,183462,183462,183462,183462,183462,183462,183462,183462,183462,183462,183462,183462,183462,183462,183462,183462,183462,183650,183463,183462,183462,183464,183463,183463,183463,183463,183463,183463,183463,183463,183463,2,1.996,1.997,2,1.998,1.998,1.996,1.993,1.992,1.996,1.998,2.005,1.998,1.993,1.995,2.003,1.992,2.002,2,1.997,2,1.995,1.999,1.991,1.996,2.002,1.997,2.001,2.001,1.998,1.996,2,1.999,1.998,1.999,2.001,0,0,0,0,0,0,0,0,0,0,0,0,0,0,0,0,0,0,0,0,0,0,0,0,0,0,0,0,0,0,0,0,0,0,0,0
2026-02-04 16:09:35,183463,183463,183463,183463,183464,183463,183463,183463,183463,183463,183463,183463,183463,183463,183463,183463,183463,183463,183462,183462,183462,183462,183650,183463,183462,183462,183464,183463,183463,183463,183463,183463,183463,183463,183463,183463,2,1.996,1.997,1.997,1.994,1.996,1.996,1.996,1.997,1.999,2,2,2,1.996,1.998,2.002,1.993,2.002,2,1.997,2,1.995,1.999,1.991,1.996,2.002,1.997,2.001,2.001,1.998,1.996,2,1.999,1.998,1.999,2.001,0,0,0,0,0,0,0,0,0,0,0,0,0,0,0,0,0,0,0,0,0,0,0,0,0,0,0,0,0,0,0,0,0,0,0,0
2026-02-04 16:09:36,183463,183463,183463,183463,183464,183463,183463,183463,183463,183463,183463,183463,183463,183463,183463,183463,183463,183463,183463,183463,183463,183463,183651,183464,183463,183463,183465,183464,183464,183464,183464,183464,183463,183463,183463,183463,2,1.996,1.997,1.997,1.994,1.996,1.996,1.996,1.997,1.999,2,2,2,1.996,1.998,2.002,1.993,2.002,1.998,2,1.994,1.997,1.994,1.995,1.998,2.002,1.997,1.996,1.999,1.998,2.001,1.994,1.999,1.998,1.999,2.001,0,0,0,0,0,0,0,0,0,0,0,0,0,0,0,0,0,0,0,0,0,0,0,0,0,0,0,0,0,0,0,0,0,0,0,0
2026-02-04 16:09:37,183464,183464,183464,183464,183465,183464,183464,183464,183464,183464,183464,183463,183463,183463,183463,183463,183463,183463,183463,183463,183463,183463,183651,183464,183463,183463,183465,183464,183464,183464,183464,183464,183464,183464,183464,183464,2,1.994,1.997,1.994,1.994,2.001,1.996,1.998,1.997,1.992,2,2,2,1.996,1.998,2.002,1.993,2.002,1.998,2,1.994,1.997,1.994,1.995,1.998,2.002,1.997,1.996,1.999,1.998,2.001,1.994,1.995,1.995,2,1.996,0,0,0,0,0,0,0,0,0,0,0,0,0,0,0,0,0,0,0,0,0,0,0,0,0,0,0,0,0,0,0,0,0,0,0,0
2026-02-04 16:09:38,183464,183464,183464,183464,183465,183464,183464,183464,183464,183464,183464,183464,183464,183464,183464,183464,183464,183464,183464,183464,183464,183464,183652,183465,183464,183463,183465,183464,183464,183464,183464,183464,183464,183464,183464,183464,2,1.994,1.997,1.994,1.994,2.001,1.996,1.998,1.997,1.992,2,1.998,2,1.999,1.998,1.999,1.993,1.996,1.995,1.996,1.996,1.997,1.996,1.995,1.992,2.002,1.997,1.996,1.999,1.998,2.001,1.994,1.995,1.995,2,1.996,0,0,0,0,0,0,0,0,0,0,0,0,0,0,0,0,0,0,0,0,0,0,0,0,0,0,0,0,0,0,0,0,0,0,0,0
2026-02-04 16:09:39,183465,183465,183465,183465,183465,183464,183464,183464,183464,183464,183464,183464,183464,183464,183464,183464,183464,183464,183464,183464,183464,183464,183652,183465,183464,183464,183466,183465,183465,183465,183465,183465,183465,183465,183465,183465,2,2,1.999,1.997,1.994,2.001,1.996,1.998,1.997,1.992,2,1.998,2,1.999,1.998,1.999,1.993,1.996,1.995,1.996,1.996,1.997,1.996,1.995,1.992,2.003,1.997,1.996,1.999,1.998,1.995,1.997,1.999,1.998,2,2.002,0,0,0,0,0,0,0,0,0,0,0,0,0,0,0,0,0,0,0,0,0,0,0,0,0,0,0,0,0,0,0,0,0,0,0,0
2026-02-04 16:09:40,183465,183465,183465,183465,183466,183465,183465,183465,183465,183465,183465,183465,183465,183465,183465,183465,183465,183465,183464,183464,183464,183464,183652,183465,183464,183464,183466,183465,183465,183465,183465,183465,183465,183465,183465,183465,2,2,1.999,1.997,1.994,1.996,1.993,1.993,1.994,1.995,1.998,1.997,2,1.995,1.999,1.995,2,1.994,1.995,1.996,1.996,1.997,1.996,1.995,1.992,2.003,1.997,1.996,1.999,1.998,1.995,1.997,1.999,1.998,2,2.002,0,0,0,0,0,0,0,0,0,0,0,0,0,0,0,0,0,0,0,0,0,0,0,0,0,0,0,0,0,0,0,0,0,0,0,0
2026-02-04 16:09:41,183465,183465,183465,183465,183466,183465,183465,183465,183465,183465,183465,183465,183465,183465,183465,183465,183465,183465,183465,183465,183465,183465,183653,183466,183465,183465,183467,183466,183466,183466,183466,183466,183466,183465,183465,183465,2,2,1.999,1.997,1.994,1.996,1.993,1.993,1.994,1.995,1.998,1.997,2,1.995,1.999,1.995,2,1.994,1.998,2.002,1.999,1.991,1.999,1.992,1.996,1.997,1.997,1.998,2.001,1.996,1.992,1.999,1.999,1.998,2,2.002,0,0,0,0,0,0,0,0,0,0,0,0,0,0,0,0,0,0,0,0,0,0,0,0,0,0,0,0,0,0,0,0,0,0,0,0
2026-02-04 16:09:42,183466,183466,183466,183466,183467,183466,183466,183466,183466,183466,183466,183465,183465,183465,183465,183465,183465,183465,183465,183465,183465,183465,183653,183466,183465,183465,183467,183466,183466,183466,183466,183466,183466,183466,183466,183466,1.997,1.999,2.002,1.994,1.998,1.996,1.996,1.999,1.997,2.001,1.994,1.997,2,1.995,1.999,1.995,2,1.994,1.998,2.002,1.999,1.991,1.999,1.992,1.996,1.997,1.997,1.998,2.001,1.996,1.992,1.999,1.995,1.999,1.994,2.001,0,0,0,0,0,0,0,0,0,0,0,0,0,0,0,0,0,0,0,0,0,0,0,0,0,0,0,0,0,0,0,0,0,0,0,0
2026-02-04 16:09:43,183466,183466,183466,183466,183467,183466,183466,183466,183466,183466,183466,183466,183466,183466,183466,183466,183466,183466,183466,183466,183466,183466,183654,183467,183466,183465,183467,183466,183466,183466,183466,183466,183466,183466,183466,183466,1.997,1.999,2.002,1.994,1.998,1.996,1.996,1.999,1.997,2.001,1.994,1.998,2.003,1.993,1.999,1.997,1.997,2.002,1.998,2,1.996,1.997,1.996,1.997,1.996,1.997,1.997,1.998,2.001,1.996,1.992,1.999,1.995,1.999,1.994,2.001,0,0,0,0,0,0,0,0,0,0,0,0,0,0,0,0,0,0,0,0,0,0,0,0,0,0,0,0,0,0,0,0,0,0,0,0
2026-02-04 16:09:44,183467,183467,183467,183467,183467,183466,183466,183466,183466,183466,183466,183466,183466,183466,183466,183466,183466,183466,183466,183466,183466,183466,183654,183467,183466,183466,183468,183467,183467,183467,183467,183467,183467,183467,183467,183467,1.997,2.002,1.994,2.002,1.998,1.996,1.996,1.999,1.997,2.001,1.994,1.998,2.003,1.993,1.999,1.997,1.997,2.002,1.998,2,1.996,1.997,1.996,1.997,1.996,1.998,1.997,1.998,2,1.998,1.996,1.997,1.995,2.003,1.999,2.001,0,0,0,0,0,0,0,0,0,0,0,0,0,0,0,0,0,0,0,0,0,0,0,0,0,0,0,0,0,0,0,0,0,0,0,0
2026-02-04 16:09:45,183467,183467,183467,183467,183468,183467,183467,183467,183467,183467,183467,183467,183467,183467,183467,183467,183467,183467,183466,183466,183466,183466,183654,183467,183466,183466,183468,183467,183467,183467,183467,183467,183467,183467,183467,183467,1.997,2.002,1.994,2.002,1.996,2.001,1.998,1.998,1.992,1.996,1.995,1.997,1.998,1.996,1.995,1.997,1.996,1.994,1.998,2,1.996,1.997,1.996,1.997,1.996,1.998,1.997,1.998,2,1.998,1.996,1.997,1.995,2.003,1.999,2.001,0,0,0,0,0,0,0,0,0,0,0,0,0,0,0,0,0,0,0,0,0,0,0,0,0,0,0,0,0,0,0,0,0,0,0,0
2026-02-04 16:09:46,183467,183467,183467,183467,183468,183467,183467,183467,183467,183467,183467,183467,183467,183467,183467,183467,183467,183467,183467,183467,183467,183467,183655,183468,183467,183467,183469,183468,183468,183468,183468,183468,183468,183467,183467,183467,1.997,2.002,1.994,2.002,1.996,2.001,1.998,1.998,1.992,1.996,1.995,1.997,1.998,1.996,1.995,1.997,1.996,1.994,2.001,1.997,1.999,1.992,1.994,1.992,1.996,1.998,1.997,1.995,1.999,2.001,1.996,1.997,1.995,2.003,1.999,2.001,0,0,0,0,0,0,0,0,0,0,0,0,0,0,0,0,0,0,0,0,0,0,0,0,0,0,0,0,0,0,0,0,0,0,0,0
2026-02-04 16:09:47,183468,183468,183468,183468,183469,183468,183468,183468,183468,183468,183468,183467,183467,183467,183467,183467,183467,183467,183467,183467,183467,183467,183655,183468,183467,183467,183469,183468,183468,183468,183468,183468,183468,183468,183468,183468,1.995,1.996,1.992,1.997,1.996,1.996,1.994,1.993,1.992,2.001,1.995,1.997,1.998,1.996,1.995,1.997,1.996,1.994,2.001,1.997,1.999,1.992,1.994,1.992,1.996,1.998,1.997,1.995,1.999,2.001,1.996,1.997,1.995,1.995,2,2.001,0,0,0,0,0,0,0,0,0,0,0,0,0,0,0,0,0,0,0,0,0,0,0,0,0,0,0,0,0,0,0,0,0,0,0,0
2026-02-04 16:09:48,183468,183468,183468,183468,183469,183468,183468,183468,183468,183468,183468,183468,183468,183468,183468,183468,183468,183468,183468,183468,183468,183468,183656,183469,183468,183468,183469,183468,183468,183468,183468,183468,183468,183468,183468,183468,1.995,1.996,1.992,1.997,1.996,1.996,1.994,1.993,1.992,2.001,1.995,1.994,1.995,1.995,1.995,2.002,1.997,2.002,1.995,1.997,2,1.995,2,1.989,1.996,2.003,1.997,1.995,1.999,2.001,1.996,1.997,1.995,1.995,2,2.001,0,0,0,0,0,0,0,0,0,0,0,0,0,0,0,0,0,0,0,0,0,0,0,0,0,0,0,0,0,0,0,0,0,0,0,0
2026-02-04 16:09:49,183469,183469,183469,183469,183469,183468,183468,183468,183468,183468,183468,183468,183468,183468,183468,183468,183468,183468,183468,183468,183468,183468,183656,183469,183468,183468,183470,183469,183469,183469,183469,183469,183469,183469,183469,183469,2,2,1.997,2,1.996,1.996,1.994,1.993,1.992,2.001,1.995,1.994,1.995,1.995,1.995,2.002,1.997,2.002,1.995,1.997,2,1.995,2,1.989,1.996,2.003,2,1.998,1.999,1.998,1.995,1.994,1.991,1.999,2.002,2.001,0,0,0,0,0,0,0,0,0,0,0,0,0,0,0,0,0,0,0,0,0,0,0,0,0,0,0,0,0,0,0,0,0,0,0,0
2026-02-04 16:09:50,183469,183469,183469,183469,183470,183469,183469,183469,183469,183469,183469,183469,183469,183469,183469,183469,183469,183469,183469,183468,183468,183468,183656,183469,183468,183468,183470,183469,183469,183469,183469,183469,183469,183469,183469,183469,2,2,1.997,2,1.993,1.998,1.994,2.002,1.991,1.999,1.995,1.998,1.998,2.001,1.999,1.999,2,2,1.995,1.997,2,1.995,2,1.989,1.996,2.003,2,1.998,1.999,1.998,1.995,1.994,1.991,1.999,2.002,2.001,0,0,0,0,0,0,0,0,0,0,0,0,0,0,0,0,0,0,0,0,0,0,0,0,0,0,0,0,0,0,0,0,0,0,0,0
2026-02-04 16:09:51,183469,183469,183469,183469,183470,183469,183469,183469,183469,183469,183469,183469,183469,183469,183469,183469,183469,183469,183469,183469,183469,183469,183657,183470,183469,183469,183471,183470,183470,183470,183470,183470,183470,183469,183469,183469,2,2,1.997,2,1.993,1.998,1.994,2.002,1.991,1.999,1.995,1.998,1.998,2.001,1.999,1.999,2,2,2,2,1.994,1.992,1.994,1.995,1.996,2.002,1.992,1.996,2,1.998,1.998,1.999,1.991,1.999,2.002,2.001,0,0,0,0,0,0,0,0,0,0,0,0,0,0,0,0,0,0,0,0,0,0,0,0,0,0,0,0,0,0,0,0,0,0,0,0
2026-02-04 16:09:52,183470,183470,183470,183470,183471,183470,183470,183470,183470,183470,183470,183469,183469,183469,183469,183469,183469,183469,183469,183469,183469,183469,183657,183470,183469,183469,183471,183470,183470,183470,183470,183470,183470,183470,183470,183470,2,1.999,1.999,1.996,1.996,1.996,1.994,2.002,1.997,1.999,1.995,1.998,1.998,2.001,1.999,1.999,2,2,2,2,1.994,1.992,1.994,1.995,1.996,2.002,1.992,1.996,2,1.998,1.998,1.999,1.991,1.998,1.999,2.001,0,0,0,0,0,0,0,0,0,0,0,0,0,0,0,0,0,0,0,0,0,0,0,0,0,0,0,0,0,0,0,0,0,0,0,0
2026-02-04 16:09:53,183470,183470,183470,183470,183471,183470,183470,183470,183470,183470,183470,183470,183470,183470,183470,183470,183470,183470,183470,183470,183470,183470,183658,183471,183470,183470,183471,183470,183470,183470,183470,183470,183470,183470,183470,183470,2,1.999,1.999,1.996,1.996,1.996,1.994,2.002,1.997,1.999,1.995,1.997,2,1.995,1.999,2.002,2,1.996,1.995,1.996,1.996,1.992,1.999,1.997,1.996,2.003,1.992,1.996,2,1.998,1.998,1.999,1.991,1.998,1.999,2.001,0,0,0,0,0,0,0,0,0,0,0,0,0,0,0,0,0,0,0,0,0,0,0,0,0,0,0,0,0,0,0,0,0,0,0,0
2026-02-04 16:09:54,183471,183471,183471,183471,183471,183470,183470,183470,183470,183470,183470,183470,183470,183470,183470,183470,183470,183470,183470,183470,183470,183470,183658,183471,183470,183470,183472,183471,183471,183471,183471,183471,183471,183471,183471,183471,2,1.996,1.999,2,1.996,1.996,1.994,2.002,1.997,1.999,1.995,1.997,2,1.995,1.999,2.002,2,1.996,1.995,1.996,1.996,1.992,1.999,1.997,1.996,2.003,2,1.995,2,1.996,1.998,1.999,1.994,1.993,2,1.999,0,0,0,0,0,0,0,0,0,0,0,0,0,0,0,0,0,0,0,0,0,0,0,0,0,0,0,0,0,0,0,0,0,0,0,0
2026-02-04 16:09:55,183471,183471,183471,183471,183472,183471,183471,183471,183471,183471,183471,183471,183471,183471,183471,183471,183471,183471,183471,183470,183470,183470,183658,183471,183470,183470,183472,183471,183471,183471,183471,183471,183471,183471,183471,183471,2,1.996,1.999,2,1.996,1.998,1.998,1.998,1.994,1.992,2,1.997,2,1.996,1.995,1.995,1.996,1.997,1.998,1.996,1.996,1.992,1.999,1.997,1.996,2.003,2,1.995,2,1.996,1.998,1.999,1.994,1.993,2,1.999,0,0,0,0,0,0,0,0,0,0,0,0,0,0,0,0,0,0,0,0,0,0,0,0,0,0,0,0,0,0,0,0,0,0,0,0
2026-02-04 16:09:56,183471,183471,183471,183471,183472,183471,183471,183471,183471,183471,183471,183471,183471,183471,183471,183471,183471,183471,183471,183471,183471,183471,183659,183472,183471,183471,183473,183472,183472,183472,183472,183472,183472,183471,183471,183471,2,1.996,1.999,2,1.996,1.998,1.998,1.998,1.994,1.992,2,1.997,2,1.996,1.995,1.995,1.996,1.997,1.998,1.996,1.999,1.995,1.996,1.995,1.996,2.002,2,1.996,2,1.998,1.996,2,1.994,1.993,2,1.999,0,0,0,0,0,0,0,0,0,0,0,0,0,0,0,0,0,0,0,0,0,0,0,0,0,0,0,0,0,0,0,0,0,0,0,0
2026-02-04 16:09:57,183472,183472,183472,183472,183473,183472,183472,183472,183472,183472,183472,183472,183471,183471,183471,183471,183471,183471,183471,183471,183471,183471,183659,183472,183471,183471,183473,183472,183472,183472,183472,183472,183472,183472,183472,183472,1.992,1.999,1.994,1.997,1.993,2.001,1.998,1.998,2,1.999,2,1.998,2,1.996,1.995,1.995,1.996,1.997,1.998,1.996,1.999,1.995,1.996,1.995,1.996,2.002,2,1.996,2,1.998,1.996,2,1.994,1.998,2.002,1.999,0,0,0,0,0,0,0,0,0,0,0,0,0,0,0,0,0,0,0,0,0,0,0,0,0,0,0,0,0,0,0,0,0,0,0,0
2026-02-04 16:09:58,183472,183472,183472,183472,183473,183472,183472,183472,183472,183472,183472,183472,183472,183472,183472,183472,183472,183472,183472,183472,183472,183472,183660,183473,183472,183472,183473,183472,183472,183472,183472,183472,183472,183472,183472,183472,1.992,1.999,1.994,1.997,1.993,2.001,1.998,1.998,2,1.999,2,1.998,1.995,1.995,1.998,1.995,1.993,2,1.995,2,1.994,1.997,1.993,1.995,1.998,2.002,2,1.996,2,1.998,1.996,2,1.994,1.998,2.002,1.999,0,0,0,0,0,0,0,0,0,0,0,0,0,0,0,0,0,0,0,0,0,0,0,0,0,0,0,0,0,0,0,0,0,0,0,0
2026-02-04 16:09:59,183473,183473,183473,183473,183474,183472,183472,183472,183472,183472,183472,183472,183472,183472,183472,183472,183472,183472,183472,183472,183472,183472,183660,183473,183472,183472,183474,183473,183473,183473,183473,183473,183473,183473,183473,183473,1.997,1.996,1.999,1.996,1.993,2.001,1.998,1.998,2,1.999,2,1.998,1.995,1.995,1.998,1.995,1.993,2,1.995,2,1.994,1.997,1.993,1.995,1.998,2.002,1.996,2.001,1.996,2.003,1.998,2,1.999,1.995,1.999,1.999,0,0,0,0,0,0,0,0,0,0,0,0,0,0,0,0,0,0,0,0,0,0,0,0,0,0,0,0,0,0,0,0,0,0,0,0
2026-02-04 16:10:00,183473,183473,183473,183473,183474,183473,183473,183473,183473,183473,183473,183473,183473,183473,183473,183473,183473,183473,183473,183472,183472,183472,183660,183473,183472,183472,183474,183473,183473,183473,183473,183473,183473,183473,183473,183473,1.997,1.996,1.999,1.996,1.993,1.998,1.998,1.999,1.992,1.996,2,2.003,1.995,1.996,1.998,2.002,2,2.002,1.995,2,1.994,1.997,1.993,1.995,1.998,2.002,1.996,2.001,1.996,2.003,1.998,2,1.999,1.995,1.999,1.999,0,0,0,0,0,0,0,0,0,0,0,0,0,0,0,0,0,0,0,0,0,0,0,0,0,0,0,0,0,0,0,0,0,0,0,0
2026-02-04 16:10:01,183473,183473,183473,183473,183474,183473,183473,183473,183473,183473,183473,183473,183473,183473,183473,183473,183473,183473,183473,183473,183473,183473,183661,183474,183473,183473,183475,183474,183474,183474,183474,183474,183474,183474,183473,183473,1.997,1.996,1.999,1.996,1.993,1.998,1.998,1.999,1.992,1.996,2,2.003,1.995,1.996,1.998,2.002,2,2.002,1.995,2,1.993,1.997,1.994,1.997,1.998,2.003,1.994,1.998,2,1.996,1.995,1.997,1.999,1.998,1.999,1.999,0,0,0,0,0,0,0,0,0,0,0,0,0,0,0,0,0,0,0,0,0,0,0,0,0,0,0,0,0,0,0,0,0,0,0,0
2026-02-04 16:10:02,183474,183474,183474,183474,183475,183474,183474,183474,183474,183474,183474,183474,183473,183473,183473,183473,183473,183473,183473,183473,183473,183473,183661,183474,183473,183473,183475,183474,183474,183474,183474,183474,183474,183474,183474,183474,2,2,1.999,1.994,1.998,1.995,2,1.993,1.991,2.001,1.998,2,1.995,1.996,1.998,2.002,2,2.002,1.995,2,1.993,1.997,1.994,1.997,1.998,2.003,1.994,1.998,2,1.996,1.995,1.997,1.999,1.998,2,2.001,0,0,0,0,0,0,0,0,0,0,0,0,0,0,0,0,0,0,0,0,0,0,0,0,0,0,0,0,0,0,0,0,0,0,0,0
2026-02-04 16:10:03,183474,183474,183474,183474,183475,183474,183474,183474,183474,183474,183474,183474,183474,183474,183474,183474,183474,183474,183474,183474,183474,183474,183662,183475,183474,183474,183475,183474,183474,183474,183474,183474,183474,183474,183474,183474,2,2,1.999,1.994,1.998,1.995,2,1.993,1.991,2.001,1.998,2,1.998,1.999,2.001,2.002,2,1.994,1.998,2.002,1.999,1.995,1.994,1.995,0,1.997,1.994,1.998,2,1.996,1.995,1.997,1.999,1.998,2,2.001,0,0,0,0,0,0,0,0,0,0,0,0,0,0,0,0,0,0,0,0,0,0,0,0,2,0,0,0,0,0,0,0,0,0,0,0
2026-02-04 16:10:04,183475,183475,183475,183475,183476,183474,183474,183474,183474,183474,183474,183474,183474,183474,183474,183474,183474,183474,183474,183474,183474,183474,183662,183475,183474,183474,183476,183475,183475,183475,183475,183475,183475,183475,183475,183475,1.997,1.999,1.997,1.997,1.998,1.995,2,1.993,1.991,2.001,1.998,2,1.998,1.999,2.001,2.002,2,1.994,1.998,2.002,1.999,1.995,1.994,1.995,0,1.997,2,1.995,2,2.001,1.998,1.997,1.994,1.998,1.996,1.999,0,0,0,0,0,0,0,0,0,0,0,0,0,0,0,0,0,0,0,0,0,0,0,0,2,0,0,0,0,0,0,0,0,0,0,0
2026-02-04 16:10:05,183475,183475,183475,183475,183476,183475,183475,183475,183475,183475,183475,183475,183475,183475,183475,183475,183475,183475,183475,183474,183474,183474,183662,183475,183474,183474,183476,183475,183475,183475,183475,183475,183475,183475,183475,183475,1.997,1.999,1.997,1.997,1.998,1.996,2,1.999,2,1.999,2.001,0,1.998,0,1.999,2.002,2,1.996,2,2.002,1.999,1.995,1.994,1.995,0,1.997,2,1.995,2,2.001,1.998,1.997,1.994,1.998,1.996,1.999,0,0,0,0,0,0,0,0,0,0,0,2,0,2,0,0,0,0,0,0,0,0,0,0,2,0,0,0,0,0,0,0,0,0,0,0
2026-02-04 16:10:06,183475,183475,183475,183475,183476,183475,183475,183475,183475,183475,183475,183475,183475,183475,183475,183475,183475,183475,183475,183475,183475,183475,183663,183476,183475,183475,183477,183476,183476,183476,183476,183476,183476,183476,183475,183475,1.997,1.999,1.997,1.997,1.998,1.996,2,1.999,2,1.999,2.001,0,1.998,0,1.999,2.002,2,1.996,2,2.002,1.999,1.995,1.999,1.997,1.996,1.998,2.002,1.998,1.996,1.998,1.996,2,1.994,1.993,1.996,1.999,0,0,0,0,0,0,0,0,0,0,0,2,0,2,0,0,0,0,0,0,0,0,0,0,0,0,0,0,0,0,0,0,0,0,0,0
2026-02-04 16:10:07,183476,183476,183476,183476,183477,183476,183476,183476,183476,183476,183476,183476,183475,183475,183475,183475,183475,183475,183475,183475,183475,183475,183663,183476,183475,183475,183477,183476,183476,183476,183476,183476,183476,183476,183476,183476,1.997,1.999,1.997,1.996,1.996,2.001,1.998,1.998,1.998,1.999,1.998,1.998,1.998,0,1.999,2.002,2,1.996,2,2.002,1.999,1.995,1.999,1.997,1.996,1.998,2.002,1.998,1.996,1.998,1.996,2,1.994,1.993,2,1.999,0,0,0,0,0,0,0,0,0,0,0,0,0,2,0,0,0,0,0,0,0,0,0,0,0,0,0,0,0,0,0,0,0,0,0,0
2026-02-04 16:10:08,183476,183476,183476,183476,183477,183476,183476,183476,183476,183476,183476,183476,183476,183476,183476,183476,183476,183476,183476,183476,183476,183476,183664,183477,183476,183476,183478,183476,183476,183476,183476,183476,183476,183476,183476,183476,1.997,1.999,1.997,1.996,1.996,2.001,1.998,1.998,1.998,1.999,1.998,1.998,2.003,1.996,1.993,1.999,1.993,1.997,1.995,2,1.999,1.995,2,1.992,1.996,1.998,1.997,1.998,1.996,1.998,1.996,2,1.994,1.993,2,1.999,0,0,0,0,0,0,0,0,0,0,0,0,0,0,0,0,0,0,0,0,0,0,0,0,0,0,0,0,0,0,0,0,0,0,0,0
2026-02-04 16:10:09,183477,183477,183477,183477,183478,183476,183476,183476,183476,183476,183476,183476,183476,183476,183476,183476,183476,183476,183476,183476,183476,183476,183664,183477,183476,183476,183478,183477,183477,183477,183477,183477,183477,183477,183477,183477,1.997,2,1.999,2,1.996,2.001,1.998,1.998,1.998,1.999,1.998,1.998,2.003,1.996,1.993,1.999,1.993,1.997,1.995,2,1.999,1.995,2,1.992,1.996,1.998,1.997,1.998,1.996,1.998,1.996,1.997,1.999,2.003,2,1.996,0,0,0,0,0,0,0,0,0,0,0,0,0,0,0,0,0,0,0,0,0,0,0,0,0,0,0,0,0,0,0,0,0,0,0,0
2026-02-04 16:10:10,183477,183477,183477,183477,183478,183477,183477,183477,183477,183477,183477,183477,183477,183477,183477,183477,183477,183477,183477,183477,183476,183476,183664,183477,183476,183476,183478,183477,183477,183477,183477,183477,183477,183477,183477,183477,1.997,2,1.999,2,1.996,2.001,1.998,1.998,2,1.999,1.998,1.998,1.995,1.996,2.004,1.997,1.996,2.002,1.995,1.996,1.999,1.995,2,1.992,1.996,1.998,1.997,1.998,1.996,1.998,1.996,1.997,1.999,2.003,2,1.996,0,0,0,0,0,0,0,0,0,0,0,0,0,0,0,0,0,0,0,0,0,0,0,0,0,0,0,0,0,0,0,0,0,0,0,0
2026-02-04 16:10:11,183477,183477,183477,183477,183478,183477,183477,183477,183477,183477,183477,183477,183477,183477,183477,183477,183477,183477,183477,183477,183477,183477,183665,183478,183477,183477,183479,183478,183478,183478,183478,183478,183478,183478,183477,183477,1.997,2,1.999,2,1.996,2.001,1.998,1.998,2,1.999,1.998,1.998,1.995,1.996,2.004,1.997,1.996,2.002,1.995,1.996,1.996,1.995,1.999,1.992,1.996,2.003,1.996,1.996,1.999,1.996,1.998,1.994,1.994,1.999,2,1.996,0,0,0,0,0,0,0,0,0,0,0,0,0,0,0,0,0,0,0,0,0,0,0,0,0,0,0,0,0,0,0,0,0,0,0,0
2026-02-04 16:10:12,183478,183478,183478,183478,183479,183478,183478,183478,183478,183478,183478,183478,183478,183477,183477,183477,183477,183477,183477,183477,183477,183477,183665,183478,183477,183477,183479,183478,183478,183478,183478,183478,183478,183478,183478,183478,2,2,2.002,2.002,1.994,1.996,2,1.996,1.997,1.995,2.001,1.998,1.995,1.996,2.004,1.997,1.996,2.002,1.995,1.996,1.996,1.995,1.999,1.992,1.996,2.003,1.996,1.996,1.999,1.996,1.998,1.994,1.994,1.999,2.002,1.999,0,0,0,0,0,0,0,0,0,0,0,0,0,0,0,0,0,0,0,0,0,0,0,0,0,0,0,0,0,0,0,0,0,0,0,0
2026-02-04 16:10:13,183478,183478,183478,183478,183479,183478,183478,183478,183478,183478,183478,183478,183478,183478,183478,183478,183478,183478,183478,183478,183478,183478,183666,183479,183478,183478,183480,183478,183478,183478,183478,183478,183478,183478,183478,183478,2,2,2.002,2.002,1.994,1.996,2,1.996,1.997,1.995,2.001,1.998,1.998,1.999,1.998,1.999,1.993,2.002,2,1.997,1.996,1.995,1.994,1.992,1.993,2.002,1.996,1.996,1.999,1.996,1.998,1.994,1.994,1.999,2.002,1.999,0,0,0,0,0,0,0,0,0,0,0,0,0,0,0,0,0,0,0,0,0,0,0,0,0,0,0,0,0,0,0,0,0,0,0,0
2026-02-04 16:10:14,183479,183479,183479,183479,183480,183478,183478,183478,183478,183478,183478,183478,183478,183478,183478,183478,183478,183478,183478,183478,183478,183478,183666,183479,183478,183478,183480,183479,183479,183479,183479,183479,183479,183479,183479,183479,1.995,2.002,1.999,2,1.994,1.996,2,1.996,1.997,1.995,2.001,1.998,1.998,1.999,1.998,1.999,1.993,2.002,2,1.997,1.996,1.995,1.994,1.992,1.993,2.002,1.996,1.996,2,2.001,1.996,1.997,1.995,1.998,1.999,2.001,0,0,0,0,0,0,0,0,0,0,0,0,0,0,0,0,0,0,0,0,0,0,0,0,0,0,0,0,0,0,0,0,0,0,0,0
2026-02-04 16:10:15,183479,183479,183479,183479,183480,183479,183479,183479,183479,183479,183479,183479,183479,183479,183479,183479,183479,183479,183479,183479,183478,183478,183666,183479,183478,183478,183480,183479,183479,183479,183479,183479,183479,183479,183479,183479,1.995,2.002,1.999,2,1.994,2.001,1.996,1.993,1.991,1.999,1.995,1.998,2,1.995,1.998,2.002,1.997,2,2,1.997,1.996,1.995,1.994,1.992,1.993,2.002,1.996,1.996,2,2.001,1.996,1.997,1.995,1.998,1.999,2.001,0,0,0,0,0,0,0,0,0,0,0,0,0,0,0,0,0,0,0,0,0,0,0,0,0,0,0,0,0,0,0,0,0,0,0,0
2026-02-04 16:10:16,183479,183479,183479,183479,183480,183479,183479,183479,183479,183479,183479,183479,183479,183479,183479,183479,183479,183479,183479,183479,183479,183479,183667,183480,183479,183479,183481,183480,183480,183480,183480,183480,183480,183480,183479,183479,1.995,2.002,1.999,2,1.994,2.001,1.996,1.993,1.991,1.999,1.995,1.998,2,1.995,1.998,2.002,1.997,2,2,1.997,1.996,1.997,1.999,1.991,1.998,2.002,1.997,1.996,2,2.001,1.996,1.999,1.995,1.995,1.999,2.001,0,0,0,0,0,0,0,0,0,0,0,0,0,0,0,0,0,0,0,0,0,0,0,0,0,0,0,0,0,0,0,0,0,0,0,0
2026-02-04 16:10:17,183480,183480,183480,183480,183481,183480,183480,183480,183480,183480,183480,183480,183480,183479,183479,183479,183479,183479,183479,183479,183479,183479,183667,183480,183479,183479,183481,183480,183480,183480,183480,183480,183480,183480,183480,183480,2,2,1.997,1.996,1.994,1.996,1.998,1.999,1.997,1.999,2,1.997,2,1.995,1.998,2.002,1.997,2,2,1.997,1.996,1.997,1.999,1.991,1.998,2.002,1.997,1.996,2,2.001,1.996,1.999,1.995,1.995,1.999,1.996,0,0,0,0,0,0,0,0,0,0,0,0,0,0,0,0,0,0,0,0,0,0,0,0,0,0,0,0,0,0,0,0,0,0,0,0
2026-02-04 16:10:18,183480,183480,183480,183480,183481,183480,183480,183480,183480,183480,183480,183480,183480,183480,183480,183480,183480,183480,183480,183480,183480,183480,183668,183481,183480,183480,183482,183480,183480,183480,183480,183480,183480,183480,183480,183480,2,2,1.997,1.996,1.994,1.996,1.998,1.999,1.997,1.999,2,1.997,2,1.996,2.001,1.999,1.993,2,1.998,2,1.999,1.992,1.996,1.997,1.993,1.998,1.996,1.996,2,2.001,1.996,1.999,1.995,1.995,1.999,1.996,0,0,0,0,0,0,0,0,0,0,0,0,0,0,0,0,0,0,0,0,0,0,0,0,0,0,0,0,0,0,0,0,0,0,0,0
2026-02-04 16:10:19,183481,183481,183481,183481,183482,183481,183480,183480,183480,183480,183480,183480,183480,183480,183480,183480,183480,183480,183480,183480,183480,183480,183668,183481,183480,183480,183482,183481,183481,183481,183481,183481,183481,183481,183481,183481,2.002,1.999,1.997,1.994,1.994,1.996,1.998,1.999,1.997,1.999,2,1.997,2,1.996,2.001,1.999,1.993,2,1.998,2,1.999,1.992,1.996,1.997,1.993,1.998,1.996,1.996,1.999,2.001,1.998,1.994,1.994,1.999,1.999,2.002,0,0,0,0,0,0,0,0,0,0,0,0,0,0,0,0,0,0,0,0,0,0,0,0,0,0,0,0,0,0,0,0,0,0,0,0
2026-02-04 16:10:20,183481,183481,183481,183481,183482,183481,183481,183481,183481,183481,183481,183481,183481,183481,183481,183481,183481,183481,183481,183481,183480,183480,183668,183481,183480,183480,183482,183481,183481,183481,183481,183481,183481,183481,183481,183481,2.002,1.999,1.997,1.994,1.994,1.996,1.996,1.992,1.997,1.996,1.995,1.997,2,1.996,1.999,2.002,1.993,1.994,2.001,1.997,1.999,1.992,1.996,1.997,1.993,1.998,1.996,1.996,1.999,2.001,1.998,1.994,1.994,1.999,1.999,2.002,0,0,0,0,0,0,0,0,0,0,0,0,0,0,0,0,0,0,0,0,0,0,0,0,0,0,0,0,0,0,0,0,0,0,0,0
2026-02-04 16:10:21,183481,183481,183481,183481,183482,183481,183481,183481,183481,183481,183481,183481,183481,183481,183481,183481,183481,183481,183481,183481,183481,183481,183669,183482,183481,183481,183483,183482,183482,183482,183482,183482,183482,183482,183482,183481,2.002,1.999,1.997,1.994,1.994,1.996,1.996,1.992,1.997,1.996,1.995,1.997,2,1.996,1.999,2.002,1.993,1.994,2.001,1.997,1.996,1.992,1.999,1.997,1.998,2.002,2.002,0,1.999,1.996,1.996,1.997,1.999,1.998,1.996,2.002,0,0,0,0,0,0,0,0,0,0,0,0,0,0,0,0,0,0,0,0,0,0,0,0,0,0,0,2,0,0,0,0,0,0,0,0
2026-02-04 16:10:22,183482,183482,183482,183482,183483,183482,183482,183482,183482,183482,183482,183482,183482,183481,183481,183481,183481,183481,183481,183481,183481,183481,183669,183482,183481,183481,183483,183482,183482,183482,183482,183482,183482,183482,183482,183482,1.992,1.994,1.992,0,1.998,0,1.998,1.996,1.992,1.996,1.998,1.998,1.998,1.996,1.999,2.002,1.993,1.994,2.001,1.997,1.996,1.992,1.999,1.997,1.998,2.002,2.002,0,1.999,1.996,1.996,1.997,1.999,1.998,1.996,1.999,0,0,0,2,0,2,0,0,0,0,0,0,0,0,0,0,0,0,0,0,0,0,0,0,0,0,0,2,0,0,0,0,0,0,0,0
2026-02-04 16:10:23,183482,183482,183482,183482,183483,183482,183482,183482,183482,183482,183482,183482,183482,183482,183482,183482,183482,183482,183482,183482,183482,183482,183670,183483,183482,183482,183484,183483,183482,183482,183482,183482,183482,183482,183482,183482,1.992,1.994,1.992,0,1.998,0,1.998,1.996,1.992,1.996,1.998,1.998,1.998,1.996,1.993,2.002,2.002,1.99,2.001,1.997,1.999,1.997,2,1.992,1.998,2.002,2,0,1.999,1.996,1.996,1.997,1.999,1.998,1.996,1.999,0,0,0,2,0,2,0,0,0,0,0,0,0,0,0,0,0,0,0,0,0,0,0,0,0,0,0,2,0,0,0,0,0,0,0,0
2026-02-04 16:10:24,183483,183483,183483,183483,183484,183483,183482,183482,183482,183482,183482,183482,183482,183482,183482,183482,183482,183482,183482,183482,183482,183482,183670,183483,183482,183482,183484,183483,183483,183483,183483,183483,183483,183483,183483,183483,2,2,1.994,2.002,1.998,1.996,1.998,1.996,1.992,1.996,1.998,1.998,1.998,1.996,1.993,2.002,2.002,1.99,2.001,1.997,1.999,1.997,2,1.992,1.998,2.002,2,1.998,2,1.996,1.995,1.997,1.995,1.995,2,2.001,0,0,0,0,0,0,0,0,0,0,0,0,0,0,0,0,0,0,0,0,0,0,0,0,0,0,0,0,0,0,0,0,0,0,0,0
2026-02-04 16:10:25,183483,183483,183483,183483,183484,183483,183483,183483,183483,183483,183483,183483,183483,183483,183483,183483,183483,183483,183483,183483,183482,183482,183670,183483,183482,183482,183484,183483,183483,183483,183483,183483,183483,183483,183483,183483,2,2,1.994,2.002,1.998,1.996,1.994,1.998,1.997,1.996,1.998,2,1.998,1.996,1.998,1.995,1.992,2.002,2,1.994,1.999,1.997,2,1.992,1.998,2.002,2,1.998,2,1.996,1.995,1.997,1.995,1.995,2,2.001,0,0,0,0,0,0,0,0,0,0,0,0,0,0,0,0,0,0,0,0,0,0,0,0,0,0,0,0,0,0,0,0,0,0,0,0
2026-02-04 16:10:26,183483,183483,183483,183483,183484,183483,183483,183483,183483,183483,183483,183483,183483,183483,183483,183483,183483,183483,183483,183483,183483,183483,183671,183484,183483,183483,183485,183484,183484,183484,183484,183484,183484,183484,183484,183483,2,2,1.994,2.002,1.998,1.996,1.994,1.998,1.997,1.996,1.998,2,1.998,1.996,1.998,1.995,1.992,2.002,2,1.994,1.994,1.991,1.994,1.991,1.999,1.997,1.997,2.001,2,1.996,2.001,1.997,1.994,1.999,1.996,2.001,0,0,0,0,0,0,0,0,0,0,0,0,0,0,0,0,0,0,0,0,0,0,0,0,0,0,0,0,0,0,0,0,0,0,0,0
2026-02-04 16:10:27,183484,183484,183484,183484,183485,183484,183484,183484,183484,183484,183484,183484,183484,183483,183483,183483,183483,183483,183483,183483,183483,183483,183671,183484,183483,183483,183485,183484,183484,183484,183484,183484,183484,183484,183484,183484,1.997,2,1.997,2.002,1.998,2.002,1.993,2.002,1.994,1.995,1.998,1.998,1.998,1.996,1.998,1.995,1.992,2.002,2,1.994,1.994,1.991,1.994,1.991,1.999,1.997,1.997,2.001,2,1.996,2.001,1.997,1.994,1.999,1.996,2.001,0,0,0,0,0,0,0,0,0,0,0,0,0,0,0,0,0,0,0,0,0,0,0,0,0,0,0,0,0,0,0,0,0,0,0,0
2026-02-04 16:10:28,183484,183484,183484,183484,183485,183484,183484,183484,183484,183484,183484,183484,183484,183484,183484,183484,183484,183484,183484,183484,183484,183484,183672,183485,183484,183484,183486,183485,183484,183484,183484,183484,183484,183484,183484,183484,1.997,2,1.997,2.002,1.998,2.002,1.993,2.002,1.994,1.995,1.998,1.998,1.998,1.996,1.999,1.997,2,1.994,1.994,2,1.999,1.997,1.996,1.992,1.993,1.998,1.997,2.001,2,1.996,2.001,1.997,1.994,1.999,1.996,2.001,0,0,0,0,0,0,0,0,0,0,0,0,0,0,0,0,0,0,0,0,0,0,0,0,0,0,0,0,0,0,0,0,0,0,0,0
2026-02-04 16:10:29,183485,183485,183485,183485,183486,183485,183484,183484,183484,183484,183484,183484,183484,183484,183484,183484,183484,183484,183484,183484,183484,183484,183672,183485,183484,183484,183486,183485,183485,183485,183485,183485,183485,183485,183485,183485,2.002,1.996,1.999,1.997,2,1.998,1.993,2.002,1.994,1.995,1.998,1.998,1.998,1.996,1.999,1.997,2,1.994,1.994,2,1.999,1.997,1.996,1.992,1.993,1.998,1.997,2.001,1.996,1.995,1.995,1.994,1.995,1.999,2,2.001,0,0,0,0,0,0,0,0,0,0,0,0,0,0,0,0,0,0,0,0,0,0,0,0,0,0,0,0,0,0,0,0,0,0,0,0
2026-02-04 16:10:30,183485,183485,183485,183485,183486,183485,183485,183485,183485,183485,183485,183485,183485,183485,183485,183485,183485,183485,183485,183485,183485,183484,183672,183485,183484,183484,183486,183485,183485,183485,183485,183485,183485,183485,183485,183485,2.002,1.996,1.999,1.997,2,1.998,1.996,1.998,1.998,2.001,0,2,0,1.999,2.001,1.995,1.996,1.996,1.995,2,2,1.997,1.996,1.992,1.993,1.998,1.997,2.001,1.996,1.995,1.995,1.994,1.995,1.999,2,2.001,0,0,0,0,0,0,0,0,0,0,2,0,2,0,0,0,0,0,0,0,0,0,0,0,0,0,0,0,0,0,0,0,0,0,0,0
2026-02-04 16:10:31,183485,183485,183485,183485,183486,183485,183485,183485,183485,183485,183485,183485,183485,183485,183485,183485,183485,183485,183485,183485,183485,183485,183673,183486,183485,183485,183487,183486,183486,183486,183486,183486,183486,183486,183486,183485,2.002,1.996,1.999,1.997,2,1.998,1.996,1.998,1.998,2.001,0,2,0,1.999,2.001,1.995,1.996,1.996,1.995,2,2,1.991,1.999,1.991,1.996,1.997,2.002,1.992,1.999,1.998,1.995,1.994,1.995,1.995,1.999,2.001,0,0,0,0,0,0,0,0,0,0,2,0,2,0,0,0,0,0,0,0,0,0,0,0,0,0,0,0,0,0,0,0,0,0,0,0
2026-02-04 16:10:32,183486,183486,183486,183486,183487,183486,183486,183486,183486,183486,183486,183486,183486,183486,183485,183485,183485,183485,183485,183485,183485,183485,183673,183486,183485,183485,183487,183486,183486,183486,183486,183486,183486,183486,183486,183486,2,1.999,2.002,1.994,1.994,1.996,1.994,1.996,1.991,1.995,1.998,2.003,1.998,1.996,2.001,1.995,1.996,1.996,1.995,2,2,1.991,1.999,1.991,1.996,1.997,2.002,1.992,1.999,1.998,1.995,1.994,1.995,1.995,1.999,1.996,0,0,0,0,0,0,0,0,0,0,0,0,0,0,0,0,0,0,0,0,0,0,0,0,0,0,0,0,0,0,0,0,0,0,0,0
2026-02-04 16:10:33,183486,183486,183486,183486,183487,183486,183486,183486,183486,183486,183486,183486,183486,183486,183486,183486,183486,183486,183486,183486,183486,183486,183674,183487,183486,183486,183488,183487,183486,183486,183486,183486,183486,183486,183486,183486,2,1.999,2.002,1.994,1.994,1.996,1.994,1.996,1.991,1.995,1.998,2.003,1.998,1.996,1.999,2.002,2.002,2,2,1.994,1.994,1.997,1.999,1.997,1.999,1.994,1.997,1.996,1.999,1.998,1.995,1.994,1.995,1.995,1.999,1.996,0,0,0,0,0,0,0,0,0,0,0,0,0,0,0,0,0,0,0,0,0,0,0,0,0,0,0,0,0,0,0,0,0,0,0,0
2026-02-04 16:10:34,183487,183487,183487,183487,183488,183487,183487,183486,183486,183486,183486,183486,183486,183486,183486,183486,183486,183486,183486,183486,183486,183486,183674,183487,183486,183486,183488,183487,183487,183487,183487,183487,183487,183487,183487,183487,1.997,2,1.994,1.994,1.993,1.998,1.994,1.996,1.991,1.995,1.998,2.003,1.998,1.996,1.999,2.002,2.002,2,2,1.994,1.994,1.997,1.999,1.997,1.999,1.994,1.997,1.996,1.999,2.001,1.996,1.997,1.995,1.998,2,2.002,0,0,0,0,0,0,0,0,0,0,0,0,0,0,0,0,0,0,0,0,0,0,0,0,0,0,0,0,0,0,0,0,0,0,0,0
2026-02-04 16:10:35,183487,183487,183487,183487,183488,183487,183487,183487,183487,183487,183487,183487,183487,183487,183487,183487,183487,183487,183487,183487,183487,183486,183674,183487,183486,183486,183488,183487,183487,183487,183487,183487,183487,183487,183487,183487,1.997,2,1.994,1.994,1.993,1.998,2,1.993,1.991,1.999,1.998,2,1.998,1.993,1.995,2.002,1.996,2,1.995,2,1.999,1.997,1.999,1.997,1.999,1.994,1.997,1.996,1.999,2.001,1.996,1.997,1.995,1.998,2,2.002,0,0,0,0,0,0,0,0,0,0,0,0,0,0,0,0,0,0,0,0,0,0,0,0,0,0,0,0,0,0,0,0,0,0,0,0
2026-02-04 16:10:36,183487,183487,183487,183487,183488,183487,183487,183487,183487,183487,183487,183487,183487,183487,183487,183487,183487,183487,183487,183487,183487,183487,183675,183488,183487,183487,183489,183488,183488,183488,183488,183488,183488,183488,183488,183487,1.997,2,1.994,1.994,1.993,1.998,2,1.993,1.991,1.999,1.998,2,1.998,1.993,1.995,2.002,1.996,2,1.995,2,1.999,1.997,1.996,1.995,1.998,2.003,1.997,1.996,2.001,1.998,1.996,1.994,1.995,1.999,1.999,2.002,0,0,0,0,0,0,0,0,0,0,0,0,0,0,0,0,0,0,0,0,0,0,0,0,0,0,0,0,0,0,0,0,0,0,0,0
2026-02-04 16:10:37,183488,183488,183488,183488,183489,183488,183488,183488,183488,183488,183488,183488,183488,183488,183487,183487,183487,183487,183487,183487,183487,183487,183675,183488,183487,183487,183489,183488,183488,183488,183488,183488,183488,183488,183488,183488,1.992,2,1.997,2.002,1.998,2.002,1.994,1.996,1.997,1.996,2,2,2,1.995,1.995,2.002,1.996,2,1.995,2,1.999,1.997,1.996,1.995,1.998,2.003,1.997,1.996,2.001,1.998,1.996,1.994,1.995,1.999,1.999,1.999,0,0,0,0,0,0,0,0,0,0,0,0,0,0,0,0,0,0,0,0,0,0,0,0,0,0,0,0,0,0,0,0,0,0,0,0
2026-02-04 16:10:38,183488,183488,183488,183488,183489,183488,183488,183488,183488,183488,183488,183488,183488,183488,183488,183488,183488,183488,183488,183488,183488,183488,183676,183489,183488,183488,183490,183489,183488,183488,183488,183488,183488,183488,183488,183488,1.992,2,1.997,2.002,1.998,2.002,1.994,1.996,1.997,1.996,2,2,2,1.995,2.001,1.999,2,1.996,1.994,1.996,1.994,2,1.999,1.992,1.996,2.002,2.002,1.995,2.001,1.998,1.996,1.994,1.995,1.999,1.999,1.999,0,0,0,0,0,0,0,0,0,0,0,0,0,0,0,0,0,0,0,0,0,0,0,0,0,0,0,0,0,0,0,0,0,0,0,0
2026-02-04 16:10:39,183489,183489,183489,183489,183490,183489,183489,183488,183488,183488,183488,183488,183488,183488,183488,183488,183488,183488,183488,183488,183488,183488,183676,183489,183488,183488,183490,183489,183489,183489,183489,183489,183489,183489,183489,183489,1.997,1.996,1.997,2,1.996,2.001,1.998,1.996,1.997,1.996,2,2,2,1.995,2.001,1.999,2,1.996,1.994,1.996,1.994,2,1.999,1.992,1.996,2.002,2.002,1.995,2.001,2.003,1.996,1.997,1.995,1.999,2,1.996,0,0,0,0,0,0,0,0,0,0,0,0,0,0,0,0,0,0,0,0,0,0,0,0,0,0,0,0,0,0,0,0,0,0,0,0
2026-02-04 16:10:40,183489,183489,183489,183489,183490,183489,183489,183489,183489,183489,183489,183489,183489,183489,183489,183489,183489,183489,183489,183489,183489,183488,183676,183489,183488,183488,183490,183489,183489,183489,183489,183489,183489,183489,183489,183489,1.997,1.996,1.997,2,1.996,2.001,1.998,1.992,1.997,1.999,2,1.997,1.998,1.995,1.993,2.002,2,2,1.995,2.002,1.996,2,1.999,1.992,1.996,2.002,2.002,1.995,2.001,2.003,1.996,1.997,1.995,1.999,2,1.996,0,0,0,0,0,0,0,0,0,0,0,0,0,0,0,0,0,0,0,0,0,0,0,0,0,0,0,0,0,0,0,0,0,0,0,0
2026-02-04 16:10:41,183489,183489,183489,183489,183490,183489,183489,183489,183489,183489,183489,183489,183489,183489,183489,183489,183489,183489,183489,183489,183489,183489,183677,183490,183489,183489,183491,183490,183490,183490,183490,183490,183490,183490,183490,183490,1.997,1.996,1.997,2,1.996,2.001,1.998,1.992,1.997,1.999,2,1.997,1.998,1.995,1.993,2.002,2,2,1.995,2.002,1.996,2,1.996,1.997,1.996,1.998,2.002,1.995,1.999,1.996,1.996,1.997,1.994,1.998,1.999,1.999,0,0,0,0,0,0,0,0,0,0,0,0,0,0,0,0,0,0,0,0,0,0,0,0,0,0,0,0,0,0,0,0,0,0,0,0
2026-02-04 16:10:42,183490,183490,183490,183490,183491,183490,183490,183490,183490,183490,183490,183490,183490,183490,183489,183489,183489,183489,183489,183489,183489,183489,183677,183490,183489,183489,183491,183490,183490,183490,183490,183490,183490,183490,183490,183490,2,2,1.992,2,1.998,1.998,1.994,2.002,2,1.999,2,1.994,1.995,1.995,1.993,2.002,2,2,1.995,2.002,1.996,2,1.996,1.997,1.996,1.998,2.002,1.995,1.999,1.996,1.996,1.997,1.994,1.998,1.999,1.999,0,0,0,0,0,0,0,0,0,0,0,0,0,0,0,0,0,0,0,0,0,0,0,0,0,0,0,0,0,0,0,0,0,0,0,0
2026-02-04 16:10:43,183490,183490,183490,183490,183491,183490,183490,183490,183490,183490,183490,183490,183490,183490,183490,183490,183490,183490,183490,183490,183490,183490,183678,183491,183490,183490,183492,183491,183491,183490,183490,183490,183490,183490,183490,183490,2,2,1.992,2,1.998,1.998,1.994,2.002,2,1.999,2,1.994,1.995,1.995,1.998,1.999,1.993,1.996,1.995,2,1.994,1.997,1.996,2,1.998,1.998,2,1.996,2.001,1.996,1.996,1.997,1.994,1.998,1.999,1.999,0,0,0,0,0,0,0,0,0,0,0,0,0,0,0,0,0,0,0,0,0,0,0,0,0,0,0,0,0,0,0,0,0,0,0,0
2026-02-04 16:10:44,183491,183491,183491,183491,183492,183491,183491,183490,183490,183490,183490,183490,183490,183490,183490,183490,183490,183490,183490,183490,183490,183490,183678,183491,183490,183490,183492,183491,183491,183491,183491,183491,183491,183491,183491,183491,2,2,1.994,1.996,1.996,1.998,1.998,2.002,2,1.999,2,1.994,1.995,1.995,1.998,1.999,1.993,1.996,1.995,2,1.994,1.997,1.996,2,1.998,1.998,2,1.996,2.001,1.995,1.992,1.997,1.999,1.998,1.999,1.996,0,0,0,0,0,0,0,0,0,0,0,0,0,0,0,0,0,0,0,0,0,0,0,0,0,0,0,0,0,0,0,0,0,0,0,0
2026-02-04 16:10:45,183491,183491,183491,183491,183492,183491,183491,183491,183491,183491,183491,183491,183491,183491,183491,183491,183491,183491,183491,183491,183491,183491,183678,183491,183490,183490,183492,183491,183491,183491,183491,183491,183491,183491,183491,183491,2,2,1.994,1.996,1.996,1.998,1.998,1.999,1.997,1.999,2,2,1.995,1.999,1.995,1.997,2,1.997,2,2,1.996,1.997,1.996,2,1.998,1.998,2,1.996,2.001,1.995,1.992,1.997,1.999,1.998,1.999,1.996,0,0,0,0,0,0,0,0,0,0,0,0,0,0,0,0,0,0,0,0,0,0,0,0,0,0,0,0,0,0,0,0,0,0,0,0
2026-02-04 16:10:46,183491,183491,183491,183491,183492,183491,183491,183491,183491,183491,183491,183491,183491,183491,183491,183491,183491,183491,183491,183491,183491,183491,183679,183492,183491,183491,183493,183492,183492,183492,183492,183492,183492,183492,183492,183492,2,2,1.994,1.996,1.996,1.998,1.998,1.999,1.997,1.999,2,2,1.995,1.999,1.995,1.997,2,1.997,2,2,1.996,1.995,1.996,1.995,1.998,1.998,1.996,1.998,2,2.001,1.996,1.999,1.994,1.998,1.996,1.999,0,0,0,0,0,0,0,0,0,0,0,0,0,0,0,0,0,0,0,0,0,0,0,0,0,0,0,0,0,0,0,0,0,0,0,0
2026-02-04 16:10:47,183492,183492,183492,183492,183493,183492,183492,183492,183492,183492,183492,183492,183492,183492,183491,183491,183491,183491,183491,183491,183491,183491,183679,183492,183491,183491,183493,183492,183492,183492,183492,183492,183492,183492,183492,183492,1.997,1.999,1.994,2,2,2.002,2,1.998,1.997,1.999,1.998,1.998,1.998,1.995,1.995,1.997,2,1.997,2,2,1.996,1.995,1.996,1.995,1.998,1.998,1.996,1.998,2,2.001,1.996,1.999,1.994,1.998,1.996,1.999,0,0,0,0,0,0,0,0,0,0,0,0,0,0,0,0,0,0,0,0,0,0,0,0,0,0,0,0,0,0,0,0,0,0,0,0
2026-02-04 16:10:48,183492,183492,183492,183492,183493,183492,183492,183492,183492,183492,183492,183492,183492,183492,183492,183492,183492,183492,183492,183492,183492,183492,183680,183493,183492,183492,183494,183493,183493,183492,183492,183492,183492,183492,183492,183492,1.997,1.999,1.994,2,2,2.002,2,1.998,1.997,1.999,1.998,1.998,1.998,1.995,1.998,1.995,1.997,1.996,1.998,2,1.996,1.997,1.996,1.995,1.998,1.997,1.996,1.995,1.996,2.001,1.996,1.999,1.994,1.998,1.996,1.999,0,0,0,0,0,0,0,0,0,0,0,0,0,0,0,0,0,0,0,0,0,0,0,0,0,0,0,0,0,0,0,0,0,0,0,0
2026-02-04 16:10:49,183493,183493,183493,183493,183494,183493,183493,183492,183492,183492,183492,183492,183492,183492,183492,183492,183492,183492,183492,183492,183492,183492,183680,183493,183492,183492,183494,183493,183493,183493,183493,183493,183493,183493,183493,183493,1.997,2.002,2.002,2.002,1.994,1.998,1.994,1.998,1.997,1.999,1.998,1.998,1.998,1.995,1.998,1.995,1.997,1.996,1.998,2,1.996,1.997,1.996,1.995,1.998,1.997,1.996,1.995,1.996,1.992,1.995,1.994,1.994,1.995,1.999,2.002,0,0,0,0,0,0,0,0,0,0,0,0,0,0,0,0,0,0,0,0,0,0,0,0,0,0,0,0,0,0,0,0,0,0,0,0
2026-02-04 16:10:50,183493,183493,183493,183493,183494,183493,183493,183493,183493,183493,183493,183493,183493,183493,183493,183493,183493,183493,183493,183493,183493,183493,183680,183493,183492,183492,183494,183493,183493,183493,183493,183493,183493,183493,183493,183493,1.997,2.002,2.002,2.002,1.994,1.998,1.994,1.996,1.997,1.996,0,1.994,2,1.999,1.998,2.003,1.997,2.002,2,2.002,1.996,1.992,1.996,1.995,1.998,1.997,1.996,1.995,1.996,1.992,1.995,1.994,1.994,1.995,1.999,2.002,0,0,0,0,0,0,0,0,0,0,2,65,0,0,0,0,0,0,0,0,0,0,0,0,0,0,0,0,0,0,0,0,0,0,0,0
2026-02-04 16:10:51,183493,183493,183493,183493,183494,183493,183493,183493,183493,183493,183493,183493,183493,183493,183493,183493,183493,183493,183493,183493,183493,183493,183681,183494,183493,183493,183495,183494,183494,183494,183494,183494,183494,183494,183494,183494,1.997,2.002,2.002,2.002,1.994,1.998,1.994,1.996,1.997,1.996,0,1.994,2,1.999,1.998,2.003,1.997,2.002,2,2.002,1.996,1.992,1.999,1.991,1.998,2.002,1.996,1.998,1.994,1.995,1.996,1.999,1.999,2.004,1.999,1.996,0,0,0,0,0,0,0,0,0,0,2,65,0,0,0,0,0,0,0,0,0,0,0,0,0,0,0,0,0,0,0,0,0,0,0,0
2026-02-04 16:10:52,183494,183494,183494,183494,183495,183494,183494,183494,183494,183494,183494,183494,183494,183494,183494,183493,183493,183493,183493,183493,183493,183493,183681,183494,183493,183493,183495,183494,183494,183494,183494,183494,183494,183494,183494,183494,1.997,2.002,1.994,2.002,1.994,2.001,2,1.998,1.994,2.001,1.995,1.998,1.995,1.995,2.001,2.003,1.997,2.002,2,2.002,1.996,1.992,1.999,1.991,1.998,2.002,1.996,1.998,1.994,1.995,1.996,1.999,1.999,2.004,1.999,1.996,0,0,0,0,0,0,0,0,0,0,0,0,0,0,0,0,0,0,0,0,0,0,0,0,0,0,0,0,0,0,0,0,0,0,0,0
2026-02-04 16:10:53,183494,183494,183494,183494,183495,183494,183494,183494,183494,183494,183494,183494,183494,183494,183494,183494,183494,183494,183494,183494,183494,183494,183682,183495,183494,183494,183496,183495,183495,183494,183494,183494,183494,183494,183494,183494,1.997,2.002,1.994,2.002,1.994,2.001,2,1.998,1.994,2.001,1.995,1.998,1.995,1.995,2.001,1.995,1.997,2,2,2,1.994,1.995,1.993,1.995,1.993,1.997,1.996,1.996,2.001,1.995,1.996,1.999,1.999,2.004,1.999,1.996,0,0,0,0,0,0,0,0,0,0,0,0,0,0,0,0,0,0,0,0,0,0,0,0,0,0,0,0,0,0,0,0,0,0,0,0
2026-02-04 16:10:54,183495,183495,183495,183495,183496,183495,183495,183495,183494,183494,183494,183494,183494,183494,183494,183494,183494,183494,183494,183494,183494,183494,183682,183495,183494,183494,183496,183495,183495,183495,183495,183495,183495,183495,183495,183495,1.997,2.002,1.997,2,1.994,1.992,1.993,1.998,1.994,2.001,1.995,1.998,1.995,1.995,2.001,1.995,1.997,2,2,2,1.994,1.995,1.993,1.995,1.993,1.997,1.996,1.996,2.001,1.995,1.992,1.999,1.999,1.998,1.999,1.996,0,0,0,0,0,0,0,0,0,0,0,0,0,0,0,0,0,0,0,0,0,0,0,0,0,0,0,0,0,0,0,0,0,0,0,0
2026-02-04 16:10:55,183495,183495,183495,183495,183496,183495,183495,183495,183495,183495,183495,183495,183495,183495,183495,183495,183495,183495,183495,183495,183495,183495,183682,183495,183494,183494,183496,183495,183495,183495,183495,183495,183495,183495,183495,183495,1.997,2.002,1.997,2,1.994,1.992,1.993,1.998,1.998,1.999,1.998,1.997,1.998,1.999,1.999,2.002,2,1.997,2,1.997,2,1.995,1.993,1.995,1.993,1.997,1.996,1.996,2.001,1.995,1.992,1.999,1.999,1.998,1.999,1.996,0,0,0,0,0,0,0,0,0,0,0,0,0,0,0,0,0,0,0,0,0,0,0,0,0,0,0,0,0,0,0,0,0,0,0,0
2026-02-04 16:10:56,183496,183495,183495,183495,183496,183495,183495,183495,183495,183495,183495,183495,183495,183495,183495,183495,183495,183495,183495,183495,183495,183495,183683,183496,183495,183495,183497,183496,183496,183496,183496,183496,183496,183496,183496,183496,1.997,2.002,1.997,2,1.994,1.992,1.993,1.998,1.998,1.999,1.998,1.997,1.998,1.999,1.999,2.002,2,1.997,2,1.997,2,1.995,2,1.997,1.998,2.002,1.997,1.998,1.999,1.996,1.995,1.994,1.999,1.993,1.999,1.999,0,0,0,0,0,0,0,0,0,0,0,0,0,0,0,0,0,0,0,0,0,0,0,0,0,0,0,0,0,0,0,0,0,0,0,0
2026-02-04 16:10:57,183496,183496,183496,183496,183497,183496,183496,183496,183496,183496,183496,183496,183496,183496,183496,183495,183495,183495,183495,183495,183495,183495,183683,183496,183495,183495,183497,183496,183496,183496,183496,183496,183496,183496,183496,183496,1.995,1.999,1.994,1.994,1.994,1.998,1.993,1.993,1.992,1.996,1.998,1.994,1.998,1.996,1.998,2.002,2,1.997,2,1.997,2,1.995,2,1.997,1.998,2.002,1.997,1.998,1.999,1.996,1.995,1.994,1.999,1.993,1.999,1.999,0,0,0,0,0,0,0,0,0,0,0,0,0,0,0,0,0,0,0,0,0,0,0,0,0,0,0,0,0,0,0,0,0,0,0,0
2026-02-04 16:10:58,183496,183496,183496,183496,183497,183496,183496,183496,183496,183496,183496,183496,183496,183496,183496,183496,183496,183496,183496,183496,183496,183496,183684,183497,183496,183496,183498,183497,183497,183496,183496,183496,183496,183496,183496,183496,1.995,1.999,1.994,1.994,1.994,1.998,1.993,1.993,1.992,1.996,1.998,1.994,1.998,1.996,1.998,0,1.99,2.002,1.998,2,1.999,1.995,1.994,1.992,1.993,1.998,1.997,1.998,1.996,1.996,1.995,1.994,1.999,1.993,1.999,1.999,0,0,0,0,0,0,0,0,0,0,0,0,0,0,0,2,0,0,0,0,0,0,0,0,0,0,0,0,0,0,0,0,0,0,0,0
2026-02-04 16:10:59,183497,183497,183497,183497,183498,183497,183497,183497,183496,183496,183496,183496,183496,183496,183496,183496,183496,183496,183496,183496,183496,183496,183684,183497,183496,183496,183498,183497,183497,183497,183497,183497,183497,183497,183497,183497,1.995,1.996,1.994,1.997,1.994,1.996,1.996,1.993,1.992,1.996,1.998,1.994,1.998,1.996,1.998,0,1.99,2.002,1.998,2,1.999,1.995,1.994,1.992,1.993,1.998,1.997,1.998,1.996,1.996,1.995,2,1.994,1.999,1.996,1.994,0,0,0,0,0,0,0,0,0,0,0,0,0,0,0,2,0,0,0,0,0,0,0,0,0,0,0,0,0,0,0,0,0,0,0,0
2026-02-04 16:11:00,183497,183497,183497,183497,183498,183497,183497,183497,183497,183497,183497,183497,183497,183497,183497,183497,183497,183497,183497,183497,183497,183497,183684,183497,183496,183496,183498,183497,183497,183497,183497,183497,183497,183497,183497,183497,1.995,1.996,1.994,1.997,1.994,1.996,1.996,1.993,1.998,2.001,1.995,1.994,1.998,1.993,1.995,2.002,2,2,2.001,0,0,0,1.994,1.992,1.993,1.998,1.997,1.998,1.996,1.996,1.995,2,1.994,1.999,1.996,1.994,0,0,0,0,0,0,0,0,0,0,0,0,0,0,0,0,0,0,0,2,2,2,0,0,0,0,0,0,0,0,0,0,0,0,0,0
2026-02-04 16:11:01,183498,183497,183497,183497,183498,183497,183497,183497,183497,183497,183497,183497,183497,183497,183497,183497,183497,183497,183497,183497,183497,183497,183685,183498,183497,183497,183499,183498,183498,183498,183498,183498,183498,183498,183498,183498,0,1.996,1.994,1.997,1.994,1.996,1.996,1.993,1.998,2.001,1.995,1.994,1.998,1.993,1.995,2.002,2,2,2.001,0,0,0,0,0,0,0,0,0,0,0,0,0,0,0,0,0,2,0,0,0,0,0,0,0,0,0,0,0,0,0,0,0,0,0,0,2,2,2,2,2,2,2,2,2,2,2,2,2,2,2,2,2
2026-02-04 16:11:02,183498,183498,183498,183498,183499,183498,183498,183498,183498,183498,183498,183498,183498,183498,183498,183497,183497,183497,183497,183497,183497,183497,183685,183498,183497,183497,183499,183498,183498,183498,183498,183498,183498,183498,183498,183498,0,0,0,0,0,0,0,0,0,0,0,0,0,0,0,2.002,2,2,2.001,0,0,0,0,0,0,0,0,0,0,0,0,0,0,0,0,0,2,2,2,2,2,2,2,2,2,2,2,2,2,2,2,0,0,0,0,2,2,2,2,2,2,2,2,2,2,2,2,2,2,2,2,2
2026-02-04 16:11:03,183498,183498,183498,183498,183499,183498,183498,183498,183498,183498,183498,183498,183498,183498,183498,183498,183498,183498,183498,183498,183498,183498,183686,183499,183498,183498,183500,183499,183499,183499,183498,183498,183498,183498,183498,183498,0,0,0,0,0,0,0,0,0,0,0,0,0,0,0,0,0,0,0,0,0,0,0,0,0,0,0,0,0,0,0,0,0,0,0,0,2,2,2,2,2,2,2,2,2,2,2,2,2,2,2,2,2,2,2,2,2,2,2,2,2,2,2,2,2,2,2,2,2,2,2,2
2026-02-04 16:11:04,183499,183499,183499,183499,183500,183499,183499,183499,183498,183498,183498,183498,183498,183498,183498,183498,183498,183498,183498,183498,183498,183498,183686,183499,183498,183498,183500,183499,183499,183499,183499,183499,183499,183499,183499,183499,0,0,0,0,0,0,0,0,0,0,0,0,0,0,0,0,0,0,0,0,0,0,0,0,0,0,0,0,0,0,0,0,0,0,0,0,2,2,2,2,2,2,2,2,2,2,2,2,2,2,2,2,2,2,2,2,2,2,2,2,2,2,2,2,2,2,2,2,2,2,2,2
2026-02-04 16:11:05,183499,183499,183499,183499,183500,183499,183499,183499,183499,183499,183499,183499,183499,183499,183499,183499,183499,183499,183499,183499,183499,183499,183687,183499,183498,183498,183500,183499,183499,183499,183499,183499,183499,183499,183499,183499,0,0,0,0,0,0,0,0,0,0,0,0,0,0,0,0,0,0,0,0,0,0,0,0,0,0,0,0,0,0,0,0,0,0,0,0,2,2,2,2,2,2,2,2,2,2,2,2,2,2,2,2,2,2,2,2,2,2,2,2,2,2,2,2,2,2,2,2,2,2,2,2
2026-02-04 16:11:06,183500,183499,183499,183499,183500,183499,183499,183499,183499,183499,183499,183499,183499,183499,183499,183499,183499,183499,183499,183499,183499,183499,183687,183500,183499,183499,183501,183500,183500,183500,183500,183500,183500,183500,183500,183500,0,0,0,0,0,0,0,0,0,0,0,0,0,0,0,0,0,0,0,0,0,0,0,0,0,0,0,0,0,0,0,0,0,0,0,0,2,2,2,2,2,2,2,2,2,2,2,2,2,2,2,2,2,2,2,2,2,2,2,2,2,2,2,2,2,2,2,2,2,2,2,2
2026-02-04 16:11:07,183500,183500,183500,183500,183501,183500,183500,183500,183500,183500,183500,183500,183500,183500,183500,183499,183499,183499,183499,183499,183499,183499,183687,183500,183499,183499,183501,183500,183500,183500,183500,183500,183500,183500,183500,183500,0,0,0,0,0,0,0,0,0,0,0,0,0,0,0,0,0,0,0,0,0,0,0,0,0,0,0,0,0,0,0,0,0,0,0,0,2,2,2,2,2,2,2,2,2,2,2,2,2,2,2,2,2,2,2,2,2,2,2,2,2,2,2,2,2,2,2,2,2,2,2,2
2026-02-04 16:11:08,183500,183500,183500,183500,183501,183500,183500,183500,183500,183500,183500,183500,183500,183500,183500,183500,183500,183500,183500,183500,183500,183500,183688,183501,183500,183500,183502,183501,183501,183501,183500,183500,183500,183500,183500,183500,0,0,0,0,0,0,0,0,0,0,0,0,0,0,0,0,0,0,0,0,0,0,0,0,0,0,0,0,0,0,0,0,0,0,0,0,2,2,2,2,2,2,2,2,2,2,2,2,2,2,2,2,2,2,2,2,2,2,2,2,2,2,2,2,2,2,2,2,2,2,2,2
2026-02-04 16:11:09,183501,183501,183501,183501,183502,183501,183501,183501,183500,183500,183500,183500,183500,183500,183500,183500,183500,183500,183500,183500,183500,183500,183688,183501,183500,183500,183502,183501,183501,183501,183501,183501,183501,183501,183501,183501,0,0,0,0,0,0,0,0,0,0,0,0,0,0,0,0,0,0,0,0,0,0,0,0,0,0,0,0,0,0,0,0,0,0,0,0,2,2,2,2,2,2,2,2,2,2,2,2,2,2,2,2,2,2,2,2,2,2,2,2,2,2,2,2,2,2,2,2,2,2,2,2
2026-02-04 16:11:10,183501,183501,183501,183501,183502,183501,183501,183501,183501,183501,183501,183501,183501,183501,183501,183501,183501,183501,183501,183501,183501,183501,183689,183501,183500,183500,183502,183501,183501,183501,183501,183501,183501,183501,183501,183501,0,0,0,0,0,0,0,0,0,0,0,0,0,0,0,0,0,0,0,0,0,0,0,0,0,0,0,0,0,0,0,0,0,0,0,0,2,2,2,2,2,2,2,2,2,2,2,2,2,2,2,2,2,2,2,2,2,2,2,2,2,2,2,2,2,2,2,2,2,2,2,2
2026-02-04 16:11:11,183502,183501,183501,183501,183502,183501,183501,183501,183501,183501,183501,183501,183501,183501,183501,183501,183501,183501,183501,183501,183501,183501,183689,183502,183501,183501,183503,183502,183502,183502,183502,183502,183502,183502,183502,183502,0,0,0,0,0,0,0,0,0,0,0,0,0,0,0,0,0,0,0,0,0,0,0,0,0,0,0,0,0,0,0,0,0,0,0,0,2,2,2,2,2,2,2,2,2,2,2,2,2,2,2,2,2,2,2,2,2,2,2,2,2,2,2,2,2,2,2,2,2,2,2,2
2026-02-04 16:11:12,183502,183502,183502,183502,183503,183502,183502,183502,183502,183502,183502,183502,183502,183502,183502,183502,183501,183501,183501,183501,183501,183501,183689,183502,183501,183501,183503,183502,183502,183502,183502,183502,183502,183502,183502,183502,0,0,0,0,0,0,0,0,0,0,0,0,0,0,0,0,0,0,0,0,0,0,0,0,0,0,0,0,0,0,0,0,0,0,0,0,2,2,2,2,2,2,2,2,2,2,2,2,2,2,2,2,2,2,2,2,2,2,2,2,2,2,2,2,2,2,2,2,2,2,2,2
2026-02-04 16:11:13,183502,183502,183502,183502,183503,183502,183502,183502,183502,183502,183502,183502,183502,183502,183502,183502,183502,183502,183502,183502,183502,183502,183690,183503,183502,183502,183504,183503,183503,183503,183502,183502,183502,183502,183502,183502,0,0,0,0,0,0,0,0,0,0,0,0,0,0,0,0,0,0,0,0,0,0,0,0,0,0,0,0,0,0,0,0,0,0,0,0,2,2,2,2,2,2,2,2,2,2,2,2,2,2,2,2,2,2,2,2,2,2,2,2,2,2,2,2,2,2,2,2,2,2,2,2
2026-02-04 16:11:14,183503,183503,183503,183503,183504,183503,183503,183503,183503,183502,183502,183502,183502,183502,183502,183502,183502,183502,183502,183502,183502,183502,183690,183503,183502,183502,183504,183503,183503,183503,183503,183503,183503,183503,183503,183503,0,0,0,0,0,0,0,0,0,0,0,0,0,0,0,0,0,0,0,0,0,0,0,0,0,0,0,0,0,0,0,0,0,0,0,0,2,2,2,2,2,2,2,2,2,2,2,2,2,2,2,2,2,2,2,2,2,2,2,2,2,2,2,2,2,2,2,2,2,2,2,2
2026-02-04 16:11:15,183503,183503,183503,183503,183504,183503,183503,183503,183503,183503,183503,183503,183503,183503,183503,183503,183503,183503,183503,183503,183503,183503,183691,183503,183502,183502,183504,183503,183503,183503,183503,183503,183503,183503,183503,183503,0,0,0,0,0,0,0,0,0,0,0,0,0,0,0,0,0,0,0,0,0,0,0,0,0,0,0,0,0,0,0,0,0,0,0,0,2,2,2,2,2,2,2,2,2,2,2,2,2,2,2,2,2,2,2,2,2,2,2,2,2,2,2,2,2,2,2,2,2,2,2,2
2026-02-04 16:11:16,183504,183504,183503,183503,183504,183503,183503,183503,183503,183503,183503,183503,183503,183503,183503,183503,183503,183503,183503,183503,183503,183503,183691,183504,183503,183503,183505,183504,183504,183504,183504,183504,183504,183504,183504,183504,0,0,0,0,0,0,0,0,0,0,0,0,0,0,0,0,0,0,0,0,0,0,0,0,0,0,0,0,0,0,0,0,0,0,0,0,2,2,2,2,2,2,2,2,2,2,2,2,2,2,2,2,2,2,2,2,2,2,2,2,2,2,2,2,2,2,2,2,2,2,2,2
2026-02-04 16:11:17,183504,183504,183504,183504,183505,183504,183504,183504,183504,183504,183504,183504,183504,183504,183504,183504,183503,183503,183503,183503,183503,183503,183691,183504,183503,183503,183505,183504,183504,183504,183504,183504,183504,183504,183504,183504,0,0,0,0,0,0,0,0,0,0,0,0,0,0,0,0,0,0,0,0,0,0,0,0,0,0,0,0,0,0,0,0,0,0,0,0,2,2,2,2,2,2,2,2,2,2,2,2,2,2,2,2,2,2,2,2,2,2,2,2,2,2,2,2,2,2,2,2,2,2,2,2
2026-02-04 16:11:18,183504,183504,183504,183504,183505,183504,183504,183504,183504,183504,183504,183504,183504,183504,183504,183504,183504,183504,183504,183504,183504,183504,183692,183505,183504,183504,183506,183505,183505,183505,183505,183504,183504,183504,183504,183504,0,0,0,0,0,0,0,0,0,0,0,0,0,0,0,0,0,0,0,0,0,0,0,0,0,0,0,0,0,0,0,0,0,0,0,0,2,2,2,2,2,2,2,2,2,2,2,2,2,2,2,2,2,2,2,2,2,2,2,2,2,2,2,2,2,2,2,2,2,2,2,2
2026-02-04 16:11:19,183505,183505,183505,183505,183506,183505,183505,183505,183505,183504,183504,183504,183504,183504,183504,183504,183504,183504,183504,183504,183504,183504,183692,183505,183504,183504,183506,183505,183505,183505,183505,183505,183505,183505,183505,183505,0,0,0,0,0,0,0,0,0,0,0,0,0,0,0,0,0,0,0,0,0,0,0,0,0,0,0,0,0,0,0,0,0,0,0,0,2,2,2,2,2,2,2,2,2,2,2,2,2,2,2,2,2,2,2,2,2,2,2,2,2,2,2,2,2,2,2,2,2,2,2,2
2026-02-04 16:11:20,183505,183505,183505,183505,183506,183505,183505,183505,183505,183505,183505,183505,183505,183505,183505,183505,183505,183505,183505,183505,183505,183505,183693,183505,183504,183504,183506,183505,183505,183505,183505,183505,183505,183505,183505,183505,0,0,0,0,0,0,0,0,0,0,0,0,0,0,0,0,0,0,0,0,0,0,0,0,0,0,0,0,0,0,0,0,0,0,0,0,2,2,2,2,2,2,2,2,2,2,2,2,2,2,2,2,2,2,2,2,2,2,2,2,2,2,2,2,2,2,2,2,2,2,2,2
2026-02-04 16:11:21,183506,183506,183505,183505,183506,183505,183505,183505,183505,183505,183505,183505,183505,183505,183505,183505,183505,183505,183505,183505,183505,183505,183693,183506,183505,183505,183507,183506,183506,183506,183506,183506,183506,183506,183506,183506,0,0,0,0,0,0,0,0,0,0,0,0,0,0,0,0,0,0,0,0,0,0,0,0,0,0,0,0,0,0,0,0,0,0,0,0,2,2,2,2,2,2,2,2,2,2,2,2,2,2,2,2,2,2,2,2,2,2,2,2,2,2,2,2,2,2,2,2,2,2,2,2
2026-02-04 16:11:22,183506,183506,183506,183506,183507,183506,183506,183506,183506,183506,183506,183506,183506,183506,183506,183506,183505,183505,183505,183505,183505,183505,183693,183506,183505,183505,183507,183506,183506,183506,183506,183506,183506,183506,183506,183506,0,0,0,0,0,0,0,0,0,0,0,0,0,0,0,0,0,0,0,0,0,0,0,0,0,0,0,0,0,0,0,0,0,0,0,0,2,2,2,2,2,2,2,2,2,2,2,2,2,2,2,2,2,2,2,2,2,2,2,2,2,2,2,2,2,2,2,2,2,2,2,2
2026-02-04 16:11:23,183506,183506,183506,183506,183507,183506,183506,183506,183506,183506,183506,183506,183506,183506,183506,183506,183506,183506,183506,183506,183506,183506,183694,183507,183506,183506,183508,183507,183507,183507,183507,183506,183506,183506,183506,183506,0,0,0,0,0,0,0,0,0,0,0,0,0,0,0,0,0,0,0,0,0,0,0,0,0,0,0,0,0,0,0,0,0,0,0,0,2,2,2,2,2,2,2,2,2,2,2,2,2,2,2,2,2,2,2,2,2,2,2,2,2,2,2,2,2,2,2,2,2,2,2,2
2026-02-04 16:11:24,183507,183507,183507,183507,183508,183507,183507,183507,183507,183506,183506,183506,183506,183506,183506,183506,183506,183506,183506,183506,183506,183506,183694,183507,183506,183506,183508,183507,183507,183507,183507,183507,183507,183507,183507,183507,0,0,0,0,0,0,0,0,0,0,0,0,0,0,0,0,0,0,0,0,0,0,0,0,0,0,0,0,0,0,0,0,0,0,0,0,2,2,2,2,2,2,2,2,2,2,2,2,2,2,2,2,2,2,2,2,2,2,2,2,2,2,2,2,2,2,2,2,2,2,2,2
2026-02-04 16:11:25,183507,183507,183507,183507,183508,183507,183507,183507,183507,183507,183507,183507,183507,183507,183507,183507,183507,183507,183507,183507,183507,183507,183695,183508,183506,183506,183508,183507,183507,183507,183507,183507,183507,183507,183507,183507,0,0,0,0,0,0,0,0,0,0,0,0,0,0,0,0,0,0,0,0,0,0,0,0,0,0,0,0,0,0,0,0,0,0,0,0,2,2,2,2,2,2,2,2,2,2,2,2,2,2,2,2,2,2,2,2,2,2,2,2,2,2,2,2,2,2,2,2,2,2,2,2
2026-02-04 16:11:26,183508,183508,183507,183507,183508,183507,183507,183507,183507,183507,183507,183507,183507,183507,183507,183507,183507,183507,183507,183507,183507,183507,183695,183508,183507,183507,183509,183508,183508,183508,183508,183508,183508,183508,183508,183508,0,0,0,0,0,0,0,0,0,0,0,0,0,0,0,0,0,0,0,0,0,0,0,0,0,0,0,0,0,0,0,0,0,0,0,0,2,2,2,2,2,2,2,2,2,2,2,2,2,2,2,2,2,2,2,2,2,2,2,2,2,2,2,2,2,2,2,2,2,2,2,2
2026-02-04 16:11:27,183508,183508,183508,183508,183509,183508,183508,183508,183508,183508,183508,183508,183508,183508,183508,183508,183508,183507,183507,183507,183507,183507,183695,183508,183507,183507,183509,183508,183508,183508,183508,183508,183508,183508,183508,183508,0,0,0,0,0,0,0,0,0,0,0,0,0,0,0,0,0,0,0,0,0,0,0,0,0,0,0,0,0,0,0,0,0,0,0,0,2,2,2,2,2,2,2,2,2,2,2,2,2,2,2,2,2,2,2,2,2,2,2,2,2,2,2,2,2,2,2,2,2,2,2,2
2026-02-04 16:11:28,183508,183508,183508,183508,183509,183508,183508,183508,183508,183508,183508,183508,183508,183508,183508,183508,183508,183508,183508,183508,183508,183508,183696,183509,183508,183508,183510,183509,183509,183509,183509,183508,183508,183508,183508,183508,0,0,0,0,0,0,0,0,0,0,0,0,0,0,0,0,0,0,0,0,0,0,0,0,0,0,0,0,0,0,0,0,0,0,0,0,2,2,2,2,2,2,2,2,2,2,2,2,2,2,2,2,2,2,2,2,2,2,2,2,2,2,2,2,2,2,2,2,2,2,2,2
2026-02-04 16:11:29,183509,183509,183509,183509,183510,183509,183509,183509,183509,183509,183508,183508,183508,183508,183508,183508,183508,183508,183508,183508,183508,183508,183696,183509,183508,183508,183510,183509,183509,183509,183509,183509,183509,183509,183509,183509,0,0,0,0,0,0,0,0,0,0,0,0,0,0,0,0,0,0,0,0,0,0,0,0,0,0,0,0,0,0,0,0,0,0,0,0,2,2,2,2,2,2,2,2,2,2,2,2,2,2,2,2,2,2,2,2,2,2,2,2,2,2,2,2,2,2,2,2,2,2,2,2